{
"type": "FeatureCollection",
"name": "departamentos_colombia",
"crs": { "type": "name", "properties": { "name": "urn:ogc:def:crs:OGC:1.3:CRS84" } },
"features": [
{ "type": "Feature", "properties": { "NOMBRE_DPT": "ANTIOQUIA" }, "geometry": { "type": "Polygon", "coordinates": [ [ [ -76.349403382000688, 8.652999878714812 ], [ -76.217300414647411, 8.571599959760825 ], [ -76.196502685512499, 8.418399811395048 ], [ -76.254096984081045, 8.369500160819292 ], [ -76.392898559939283, 8.133299827578782 ], [ -76.422798156237675, 7.973400115699819 ], [ -76.490196228674506, 7.835100174637252 ], [ -76.518898010714238, 7.657899856971198 ], [ -76.477302551711603, 7.535200119636533 ], [ -76.404602050715397, 7.411300183164449 ], [ -76.346900939301534, 7.353300095130255 ], [ -76.030403136722299, 7.353099823211561 ], [ -75.841400147214145, 7.388700008248152 ], [ -75.700798034150111, 7.583399772785804 ], [ -75.676101685265067, 7.678599834534111 ], [ -75.649597167246398, 7.713099955785207 ], [ -75.585098266814768, 7.733699798964517 ], [ -75.545303343948561, 7.708099842657556 ], [ -75.503196715480072, 7.707300186485617 ], [ -75.46980285570308, 7.775899886378943 ], [ -75.473899840680076, 7.807700157303518 ], [ -75.346496582565564, 7.856800079086724 ], [ -75.333801269586132, 7.918000221099718 ], [ -75.301002503118127, 7.933499813729177 ], [ -75.281402588540274, 7.966899872493454 ], [ -75.260696411042929, 7.969099998655555 ], [ -75.228996276286253, 8.024399758010198 ], [ -74.95860290613534, 8.050499916488477 ], [ -74.833938599069938, 8.185330391530504 ], [ -74.538902283115036, 7.904900074560325 ], [ -74.534202576191745, 7.796800136447047 ], [ -74.515197753487428, 7.741899967358815 ], [ -74.477096557973027, 7.697199821479246 ], [ -74.570999145022242, 7.603499889790426 ], [ -74.614097594529937, 7.428699970774118 ], [ -74.506896973320423, 7.317299842505785 ], [ -74.471099853839121, 7.330999851736218 ], [ -74.389396667250239, 7.471000194762328 ], [ -74.362800597993953, 7.383699894009925 ], [ -74.426200866759515, 7.31059980394875 ], [ -74.427200318232593, 7.170199870809124 ], [ -74.372398375614381, 7.042399882792965 ], [ -74.37180328390771, 7.000800133157362 ], [ -74.316398620933697, 6.979199886456398 ], [ -74.248397827735488, 6.985199928232845 ], [ -73.954002380666353, 7.263599872631961 ], [ -73.940101623740702, 7.083899974564238 ], [ -73.896202086640727, 6.992400169888879 ], [ -73.953201294117491, 6.929100037083215 ], [ -74.008598327496358, 6.90799999239546 ], [ -74.113403320784727, 6.824100018286071 ], [ -74.145698547703333, 6.757199763912408 ], [ -74.185401917286939, 6.722700119287145 ], [ -74.418197632603622, 6.575799942426088 ], [ -74.444198608750753, 6.530900000885353 ], [ -74.417602538866319, 6.422800064291422 ], [ -74.394500732572851, 6.386899948311367 ], [ -74.447502135461406, 6.366899967886194 ], [ -74.543701171199714, 6.248799801443227 ], [ -74.566802979157245, 6.251299857942371 ], [ -74.60189819281554, 6.19770002447226 ], [ -74.63009643617211, 6.092700004144659 ], [ -74.589698791294865, 6.058400153394282 ], [ -74.605796814234552, 6.014599799638958 ], [ -74.587402343154849, 5.979899883615309 ], [ -74.625999449836769, 5.956900119392801 ], [ -74.609199523578852, 5.888700008028772 ], [ -74.660499573081353, 5.856599807274106 ], [ -74.674301148053914, 5.758399963659738 ], [ -74.722702026121084, 5.759799957917917 ], [ -74.757797240813545, 5.690000057082944 ], [ -74.777999877965883, 5.680300235892611 ], [ -74.85350036695381, 5.69619989378328 ], [ -74.877197265776601, 5.733900069916044 ], [ -75.016700744650549, 5.705599785045396 ], [ -75.035102844604168, 5.674399852560847 ], [ -75.115798949845072, 5.648200034784886 ], [ -75.124397278618503, 5.580699920189326 ], [ -75.153198241419247, 5.563499927493074 ], [ -75.166999816984898, 5.531199932816367 ], [ -75.235000610933696, 5.512400150979241 ], [ -75.254600524543577, 5.473199844609219 ], [ -75.288002013508745, 5.458300113884607 ], [ -75.344001769326496, 5.464300156381754 ], [ -75.374000550129892, 5.594999790087257 ], [ -75.409202575142785, 5.605500221097 ], [ -75.393600463087239, 5.65339994498265 ], [ -75.425903320483044, 5.683599948801881 ], [ -75.453598022220916, 5.687200070220872 ], [ -75.507797241698952, 5.660200119153466 ], [ -75.5590972903683, 5.691699981181134 ], [ -75.566596984071168, 5.713600159551485 ], [ -75.618499755782437, 5.726600169311515 ], [ -75.626502990277046, 5.597799777295953 ], [ -75.614303588724098, 5.515100002175176 ], [ -75.712303161744913, 5.504000186203532 ], [ -75.744102478199707, 5.527200221643493 ], [ -75.772300719373504, 5.525000094934626 ], [ -75.840896606805458, 5.514299870055166 ], [ -75.896202087536082, 5.471799849879046 ], [ -76.017303467168915, 5.471799849662152 ], [ -76.046699524762715, 5.491499900836129 ], [ -76.064002990125502, 5.514100075505284 ], [ -76.069801330220216, 5.57250022853025 ], [ -76.132698058929904, 5.650700092463448 ], [ -76.128700256392449, 5.745999813047876 ], [ -76.159797668364334, 5.805699825279717 ], [ -76.150100708134559, 5.935599804578244 ], [ -76.131698608039002, 5.974800109160809 ], [ -76.219299316453061, 5.99359989086673 ], [ -76.244102477871962, 6.020299911445419 ], [ -76.265502930299206, 6.113999842985375 ], [ -76.263198851697695, 6.186699867739748 ], [ -76.289802550902394, 6.194900036692442 ], [ -76.605598450181063, 6.156400203544358 ], [ -76.716560364426982, 6.168775558153636 ], [ -76.727752684709088, 6.237427234065986 ], [ -76.757469176610144, 6.252289294785504 ], [ -76.751899718666408, 6.278761386053188 ], [ -76.780227661212095, 6.28619241700711 ], [ -76.792770384915144, 6.317309379329037 ], [ -76.781623840335286, 6.333564280845983 ], [ -76.791839599611436, 6.354695797078685 ], [ -76.775123596397805, 6.370254039664343 ], [ -76.789985656312325, 6.377220631425899 ], [ -76.769081115862988, 6.388831139128172 ], [ -76.798339843231886, 6.424592018662285 ], [ -76.776512145758005, 6.422269821769438 ], [ -76.766761780205414, 6.437131881694521 ], [ -76.799736023549443, 6.44642019258162 ], [ -76.771873473786613, 6.482181549718671 ], [ -76.807167053401628, 6.510511398263146 ], [ -76.82481384219686, 6.490076542367889 ], [ -76.822959899682544, 6.525372982116305 ], [ -76.845710753603754, 6.524444103265264 ], [ -76.868469237937362, 6.572977065738489 ], [ -76.890296936070399, 6.563224315803184 ], [ -76.899124146285459, 6.574834823517397 ], [ -76.894943237054974, 6.607344628086797 ], [ -76.86708068808997, 6.609666824203305 ], [ -76.862434386743388, 6.623135566043085 ], [ -76.90933990471261, 6.628243922473041 ], [ -76.898193360051977, 6.666791915383499 ], [ -76.909339904414949, 6.674222468611949 ], [ -76.937210083841265, 6.6519298547982 ], [ -76.940460205716747, 6.686762332956602 ], [ -76.968788147555898, 6.68444013646069 ], [ -76.938133240361694, 6.715092181639669 ], [ -76.968788147418437, 6.741564750679825 ], [ -76.962287902157527, 6.793580531790207 ], [ -76.975753784226086, 6.813550949536213 ], [ -76.937210083528797, 6.814479827245133 ], [ -76.918632507934888, 6.848615647189761 ], [ -76.903305052907172, 6.835611343965126 ], [ -76.883331299259467, 6.852795123835589 ], [ -76.839675903427704, 6.831431389218758 ], [ -76.821563721040476, 6.84072017599898 ], [ -76.832710266475658, 6.861619472251839 ], [ -76.795089721595858, 6.871836661649083 ], [ -76.8037490851017, 6.951627254801634 ], [ -76.814834595080129, 6.965312004557134 ], [ -76.831680298576813, 6.958639144797749 ], [ -76.834396362586716, 7.009399890332928 ], [ -76.705902098925634, 7.026100158358671 ], [ -76.555999756448713, 6.970600128272714 ], [ -76.543296813744035, 7.060100078057858 ], [ -76.502998351826079, 7.140200138574913 ], [ -76.542297362884227, 7.254199981339668 ], [ -76.587051391521072, 7.303156853240242 ], [ -76.720245362118803, 7.386552810665438 ], [ -76.80417633036096, 7.576720714392995 ], [ -76.860916137575558, 7.594878673703435 ], [ -76.897232055314959, 7.588920593292987 ], [ -76.983764648620337, 7.627222538781142 ], [ -77.101699829027964, 7.740600109758954 ], [ -77.149002075973868, 7.822199822303564 ], [ -77.115600585389288, 7.834199905740764 ], [ -77.039596557435118, 7.910200118574379 ], [ -77.021697997470042, 8.005999564408652 ], [ -76.963623046123004, 8.070486069135816 ], [ -76.994201659868978, 8.27849960341716 ], [ -76.973503113570288, 8.259300232614324 ], [ -76.985000610955353, 8.221300125211638 ], [ -76.946899413975061, 8.173199653229695 ], [ -76.966957091752619, 8.163392067106514 ], [ -76.953201294383092, 8.132200240738747 ], [ -76.965400696100318, 8.111186981470963 ], [ -76.94969940186192, 8.100399971104455 ], [ -76.91690063512965, 8.138400077426924 ], [ -76.866798400144916, 8.143400192683893 ], [ -76.909400939449981, 8.102501869982882 ], [ -76.873703002166607, 8.115699767899633 ], [ -76.856903076550552, 8.101200103866827 ], [ -76.878303528600554, 8.092000007356585 ], [ -76.85630035320753, 8.061900139170653 ], [ -76.886299133645934, 8.066599845767124 ], [ -76.870697022271344, 8.03359985322148 ], [ -76.919197081702052, 8.049400329280394 ], [ -76.945098876228727, 8.038599967860076 ], [ -76.937499999872941, 7.933400153610016 ], [ -76.879302977968152, 7.917600154272262 ], [ -76.813598633322897, 7.925399780063828 ], [ -76.768600463065169, 7.939599991483486 ], [ -76.75540161201431, 7.971899986151526 ], [ -76.754898070558625, 8.167200088613612 ], [ -76.789596558385384, 8.294400215395825 ], [ -76.77059936591165, 8.333000182796907 ], [ -76.772903441652034, 8.37629985800378 ], [ -76.842796325788342, 8.508299827604025 ], [ -76.92579650837574, 8.55080032309929 ], [ -76.947700500663515, 8.538800239588721 ], [ -76.948303222500869, 8.56420040205635 ], [ -76.889503478818824, 8.632100105098827 ], [ -76.6986999504294, 8.681599616314449 ], [ -76.645202637204321, 8.741999625632287 ], [ -76.497100830747968, 8.823399543477313 ], [ -76.458503723748507, 8.867199898384762 ], [ -76.469398498540883, 8.883899687929963 ], [ -76.451599121552675, 8.887299537655714 ], [ -76.399101256613434, 8.833399772625329 ], [ -76.349403382000688, 8.652999878714812 ] ] ] } },
{ "type": "Feature", "properties": { "NOMBRE_DPT": "ATLANTICO" }, "geometry": { "type": "Polygon", "coordinates": [ [ [ -74.813003540143697, 10.476400375188399 ], [ -74.912719726485733, 10.256701469421614 ], [ -74.957603454775764, 10.274900436283982 ], [ -75.03430175779863, 10.354900360105775 ], [ -75.150802612445887, 10.403300285465935 ], [ -75.169296264450679, 10.434000015404999 ], [ -75.261497497589531, 10.494500160122776 ], [ -75.280601501506538, 10.596199989477023 ], [ -75.249000549269454, 10.71339988708827 ], [ -75.257102966323714, 10.784399986167102 ], [ -75.06980133069753, 10.884699821376961 ], [ -75.001197814828956, 10.9624004365161 ], [ -74.858901977702189, 11.077899932860914 ], [ -74.774696350252157, 10.970199584970292 ], [ -74.772399902366629, 10.92280006395492 ], [ -74.731399536130084, 10.882800102389902 ], [ -74.750396728529267, 10.789299964922142 ], [ -74.746803283611868, 10.548999786391931 ], [ -74.813003540143697, 10.476400375188399 ] ] ] } },
{ "type": "Feature", "properties": { "NOMBRE_DPT": "SANTAFE DE BOGOTA D.C" }, "geometry": { "type": "Polygon", "coordinates": [ [ [ -74.022903442382812, 4.795100212097175 ], [ -74.025703430175767, 4.653600215911868 ], [ -74.043601989746094, 4.630599975585939 ], [ -74.031501770019531, 4.617199897766114 ], [ -74.010101318359375, 4.622900009155274 ], [ -74.025703430175767, 4.551400184631348 ], [ -74.135101318359375, 4.401100158691399 ], [ -74.121200561523438, 4.347300052642813 ], [ -74.15350341796875, 4.262499809265125 ], [ -74.14589691162108, 4.177000045776353 ], [ -74.182800292968736, 4.132100105285628 ], [ -74.219596862792969, 3.999399900436379 ], [ -74.327301025390625, 3.868099927902194 ], [ -74.329597473144531, 3.820199966430634 ], [ -74.417198181152344, 3.726999998092618 ], [ -74.437896728515625, 3.675699949264492 ], [ -74.497802734375, 3.654599905014003 ], [ -74.516899108886719, 3.665600061416589 ], [ -74.3843994140625, 3.881700038909885 ], [ -74.382102966308594, 3.948699951171851 ], [ -74.411598205566406, 4.041800022125224 ], [ -74.383399963378906, 4.083199977874737 ], [ -74.314796447753906, 4.087600231170636 ], [ -74.268096923828125, 4.112199783325178 ], [ -74.221000671386719, 4.344799995422354 ], [ -74.239402770996094, 4.38189983367919 ], [ -74.195701599121094, 4.514500141143795 ], [ -74.22979736328125, 4.626100063323976 ], [ -74.192901611328125, 4.643300056457521 ], [ -74.194099426269531, 4.67859983444214 ], [ -74.096099853515625, 4.815000057220468 ], [ -74.022903442382812, 4.795100212097175 ] ] ] } },
{ "type": "Feature", "properties": { "NOMBRE_DPT": "BOLIVAR" }, "geometry": { "type": "Polygon", "coordinates": [ [ [ -75.264999389265014, 10.499699593101306 ], [ -75.150802612789064, 10.40330028519671 ], [ -75.034301758376131, 10.354900359904587 ], [ -74.957603455275304, 10.274900436806215 ], [ -74.912719725951902, 10.256701469875278 ], [ -74.948211670583547, 10.11965084105222 ], [ -74.861213683132704, 10.099051475522092 ], [ -74.796302794703337, 10.023748397613018 ], [ -74.796302796005136, 9.998076438427516 ], [ -74.856430054309669, 9.957371711723628 ], [ -74.891700744431347, 9.90670013439061 ], [ -74.822998047324845, 9.761400221973213 ], [ -74.846603392664264, 9.690999984408124 ], [ -74.777397155249332, 9.600600241936451 ], [ -74.810798644775275, 9.541799545830887 ], [ -74.808998108530815, 9.428600311603793 ], [ -74.679801941169387, 9.397500037414122 ], [ -74.533897400191933, 9.223600388041421 ], [ -74.460700988303458, 9.243499755546825 ], [ -74.424896241076482, 9.191900252716122 ], [ -74.363800048088265, 9.208999633736061 ], [ -74.32119751032667, 9.187999726136248 ], [ -74.308998107417381, 9.173000336471778 ], [ -74.322898865453737, 9.147000313726959 ], [ -74.26349639934331, 9.139800071024991 ], [ -74.195999145301414, 9.059800147535308 ], [ -74.147598267501607, 9.032500267386752 ], [ -74.150398255204408, 9.009400368582629 ], [ -74.09510040336751, 9.001700400357427 ], [ -74.053001404649734, 9.018799780858053 ], [ -74.020103453638768, 8.97939968065452 ], [ -73.877197266277449, 8.956800459916114 ], [ -73.886398315880328, 8.905500412506743 ], [ -73.87129974392775, 8.85519981331778 ], [ -73.817703247795862, 8.778699874778292 ], [ -73.84349823055814, 8.617600441431556 ], [ -73.812400816968292, 8.566699981216315 ], [ -73.800796509404435, 8.489199639039878 ], [ -73.77480316191695, 8.440600395731373 ], [ -73.768997192730069, 8.281100273273989 ], [ -73.77300262476443, 8.23209953308363 ], [ -73.809303283844613, 8.176799774215285 ], [ -73.800598143692724, 8.130499839547987 ], [ -73.88410186774523, 8.06270027191985 ], [ -73.891601562258174, 8.028100014659843 ], [ -73.890403747076007, 7.976099968660607 ], [ -73.824600219726634, 7.760399817575032 ], [ -73.844100951810944, 7.618400097272161 ], [ -73.895401001140215, 7.507100105075895 ], [ -73.93399810792819, 7.470900059690408 ], [ -73.927001952331807, 7.38070011222265 ], [ -73.954002380693638, 7.263599872103584 ], [ -74.248397826885579, 6.985199928669323 ], [ -74.316398621483046, 6.979199886321637 ], [ -74.371803284157608, 7.000800133350067 ], [ -74.372398376981039, 7.042399883319332 ], [ -74.42720031661581, 7.170199870735856 ], [ -74.426200865813243, 7.310599804739691 ], [ -74.362800597815195, 7.383699893735147 ], [ -74.389396667887368, 7.471000194776285 ], [ -74.471099852643192, 7.330999851242517 ], [ -74.506896971829462, 7.317299843483538 ], [ -74.614097595926481, 7.428699970039061 ], [ -74.570999145230132, 7.603499889372449 ], [ -74.477096558338218, 7.697199822232541 ], [ -74.515197753128831, 7.741899967860072 ], [ -74.534202576141354, 7.796800136480798 ], [ -74.538902282251144, 7.904900074256219 ], [ -74.836502074737226, 8.194899558881687 ], [ -74.788101196799275, 8.214400291905692 ], [ -74.784698486369322, 8.239199638289685 ], [ -74.73339843752575, 8.276499748508963 ], [ -74.675697325881586, 8.280300139575157 ], [ -74.630798339978753, 8.314800261734625 ], [ -74.62100219778732, 8.370800017471714 ], [ -74.587600707712852, 8.362000465699881 ], [ -74.558799743073664, 8.417300225148189 ], [ -74.566902159692091, 8.484299660411626 ], [ -74.595802307808867, 8.526599883864078 ], [ -74.625801086250831, 8.701800346004397 ], [ -74.624099731499541, 8.724300384237811 ], [ -74.575103759616155, 8.770899772552756 ], [ -74.591300964117551, 8.840299606178025 ], [ -74.696296692174926, 8.987400054059039 ], [ -74.799499511504933, 9.028900145607933 ], [ -74.843399048399988, 9.071800232119044 ], [ -74.91721343924047, 9.212078094528309 ], [ -74.93000030515779, 9.409500122347163 ], [ -75.002098083089436, 9.5131998069843 ], [ -75.04309844948331, 9.548000336201884 ], [ -75.121498108128719, 9.573800087218991 ], [ -75.197097777446899, 9.657299995616384 ], [ -75.226997375871392, 9.668899536989372 ], [ -75.329101563073749, 9.676300049469557 ], [ -75.364196777146418, 9.664299964837198 ], [ -75.36940002370055, 9.619899750654302 ], [ -75.386703490572117, 9.630299567714474 ], [ -75.387901306345583, 9.68809986121898 ], [ -75.341201781401821, 9.76930046052118 ], [ -75.337799071507405, 9.853699683770801 ], [ -75.438201904565545, 9.887000083824386 ], [ -75.479103087453893, 9.878499983921477 ], [ -75.47859954755215, 9.994600296946807 ], [ -75.525901793885822, 10.041000366194469 ], [ -75.506896973254001, 10.11660003567482 ], [ -75.525901794752571, 10.117300033955489 ], [ -75.553001403728942, 10.086799621608245 ], [ -75.591598510484658, 10.096699714016607 ], [ -75.596801757427045, 10.119899750415399 ], [ -75.571403504156706, 10.112799644154165 ], [ -75.560501099325762, 10.142800331460279 ], [ -75.517898559210337, 10.154800415005589 ], [ -75.546096802056113, 10.193599701020096 ], [ -75.531196594815995, 10.234499932189314 ], [ -75.700599669924799, 10.123800277493039 ], [ -75.63490295371156, 10.196900367959529 ], [ -75.604400635014841, 10.289099692515922 ], [ -75.576103211228755, 10.262999535061674 ], [ -75.543899536249526, 10.268099784967777 ], [ -75.52490234428322, 10.292900085859868 ], [ -75.531799316548444, 10.36159992300022 ], [ -75.551399231188611, 10.394100189604693 ], [ -75.57099914504326, 10.395899772166134 ], [ -75.515701293544865, 10.477100371454581 ], [ -75.501296997172545, 10.420399666322529 ], [ -75.485198975549849, 10.437100410812333 ], [ -75.52269744789406, 10.561400413595853 ], [ -75.466201781903109, 10.584300041255336 ], [ -75.465698241700395, 10.613800048825469 ], [ -75.406898498471364, 10.665499687077237 ], [ -75.293403625404039, 10.718199729532708 ], [ -75.269798279253578, 10.783900259973452 ], [ -75.257102966293402, 10.784399986267163 ], [ -75.249000549988182, 10.713399886497797 ], [ -75.280601500600653, 10.596199988576364 ], [ -75.264999389265014, 10.499699593101306 ] ] ] } },
{ "type": "Feature", "properties": { "NOMBRE_DPT": "BOYACA" }, "geometry": { "type": "Polygon", "coordinates": [ [ [ -72.212997437177492, 7.027500152342927 ], [ -72.185897827713376, 7.015299797595068 ], [ -72.108100890993384, 7.022500037697293 ], [ -72.033699035656113, 6.982900142745363 ], [ -71.988700866698991, 6.979800223712342 ], [ -72.003700255745414, 6.898399829745323 ], [ -72.127998351823734, 6.632699966237329 ], [ -72.165397644435444, 6.473400116631263 ], [ -72.231101989551263, 6.413000107459692 ], [ -72.317001342626725, 6.415699958624006 ], [ -72.316642761116682, 6.353105545560314 ], [ -72.372299193803215, 6.318299770083289 ], [ -72.422386169312063, 6.243749141632782 ], [ -72.433898926323209, 6.169499873637528 ], [ -72.402702331285582, 6.093699931976708 ], [ -72.360000610857924, 6.054299831926182 ], [ -72.409500121640647, 5.89160013167294 ], [ -72.47519683841827, 5.828899860657786 ], [ -72.336799620940852, 5.763599872702011 ], [ -72.252784729374412, 5.660136699104325 ], [ -72.305603027139796, 5.623700142042593 ], [ -72.326797484755943, 5.471300125318411 ], [ -72.354499817421953, 5.465099811792506 ], [ -72.420799255748662, 5.542799949329043 ], [ -72.538299560769332, 5.412700176015043 ], [ -72.592498779790233, 5.378300190234343 ], [ -72.608001709057149, 5.339600086669253 ], [ -72.667999268195913, 5.317900181424818 ], [ -72.70939636212016, 5.236100196542615 ], [ -72.823600768964951, 5.342899798675801 ], [ -72.971702575432801, 5.210100174449991 ], [ -72.958396911380589, 5.181099891499406 ], [ -72.986099243456493, 5.114200115510444 ], [ -72.933601379119494, 5.062600135697294 ], [ -72.930099487648931, 5.021599769925118 ], [ -72.988296508502472, 4.973899841595894 ], [ -73.047096252425376, 4.952199936118583 ], [ -73.070701599779838, 4.837299824213244 ], [ -73.098899840704846, 4.778500079579663 ], [ -73.078102112113584, 4.714300155049144 ], [ -73.09880065943554, 4.712100028334845 ], [ -73.128799438503222, 4.649300098131899 ], [ -73.193298339355977, 4.642600059241616 ], [ -73.256202698062211, 4.665400028352226 ], [ -73.263099670958979, 4.707600116180882 ], [ -73.33460235657823, 4.710800170979151 ], [ -73.354797363838529, 4.754199981898072 ], [ -73.402099609323187, 4.778600215653774 ], [ -73.39980316139804, 4.819600105080724 ], [ -73.424598694255934, 4.856699943920125 ], [ -73.448196411342678, 4.871200084779424 ], [ -73.547996521446052, 4.871699809582057 ], [ -73.566398620595578, 4.886199951327532 ], [ -73.571601868246816, 4.909900188208524 ], [ -73.519203185409694, 5.021699905302386 ], [ -73.510101318147818, 5.092700004362824 ], [ -73.559097289517837, 5.199800014475092 ], [ -73.563796997711847, 5.251200199707549 ], [ -73.596603392890728, 5.268700122683901 ], [ -73.641601563093985, 5.343400001747629 ], [ -73.635902404180769, 5.3814997669171 ], [ -73.692398071418623, 5.441800117606086 ], [ -73.826438903961801, 5.487901688184762 ], [ -73.816398621072423, 5.5791997903868 ], [ -73.915496825756989, 5.511499881277548 ], [ -73.973701477181848, 5.406599998907453 ], [ -74.055000305395055, 5.353199958900071 ], [ -74.10399627651087, 5.386300087334987 ], [ -74.138603211005687, 5.443699836540378 ], [ -74.243499755727441, 5.461400032050428 ], [ -74.291999816370961, 5.498000145374682 ], [ -74.346199035724069, 5.612100124685504 ], [ -74.305297851456217, 5.67080020950313 ], [ -74.324302673557767, 5.69460010568288 ], [ -74.319801330862035, 5.727499961183101 ], [ -74.354400635361046, 5.820600032271803 ], [ -74.416000366484738, 5.766600131388842 ], [ -74.468498230259243, 5.745399952105452 ], [ -74.54229736341523, 5.771699905816839 ], [ -74.630996703646261, 5.736899853287325 ], [ -74.674301147460326, 5.75839996277683 ], [ -74.660499572094977, 5.856599807984129 ], [ -74.609199524188114, 5.888700007977442 ], [ -74.625999450828573, 5.956900119594016 ], [ -74.587402343744529, 5.97989988272155 ], [ -74.605796813334209, 6.014599799450017 ], [ -74.589698791389083, 6.058400153479028 ], [ -74.624298095087582, 6.079400062799448 ], [ -74.629501342723245, 6.110000133122431 ], [ -74.601898193233623, 6.197700023646139 ], [ -74.555801391887073, 6.254700184514387 ], [ -74.505599975978186, 6.192100048441489 ], [ -74.464103699025799, 6.056700229154461 ], [ -74.389099120519745, 6.022399902917027 ], [ -74.351600647138724, 6.029699802941395 ], [ -74.321098327120382, 6.05789995143615 ], [ -74.292297362977024, 6.049699783547852 ], [ -74.291099547676453, 5.941699981495106 ], [ -74.261100769319498, 5.920700073830276 ], [ -74.250602722727749, 5.835800170564836 ], [ -74.202796935912289, 5.881199836532892 ], [ -74.118598937847807, 5.839799880774168 ], [ -74.1071014397955, 5.799399852088064 ], [ -74.040199279910411, 5.789800166798523 ], [ -74.005599975075668, 5.724999904917196 ], [ -73.913902282364575, 5.72060012827586 ], [ -73.908203125165173, 5.706699847847761 ], [ -73.88220214881774, 5.729700087942911 ], [ -73.822303772508675, 5.735799789347287 ], [ -73.766998290990415, 5.76149988212697 ], [ -73.715599059407538, 5.75150012922763 ], [ -73.67639923087718, 5.705699920136479 ], [ -73.659103393464278, 5.712600230740103 ], [ -73.63719940161107, 5.743700026891378 ], [ -73.625198364112222, 5.840099811036741 ], [ -73.637901306649525, 5.894999980502702 ], [ -73.630401611303313, 5.946400165970569 ], [ -73.533096313899577, 6.094399929493503 ], [ -73.513496398510839, 6.089700222670551 ], [ -73.440803527991804, 6.045499801217929 ], [ -73.402801513130186, 5.968500137663622 ], [ -73.451103210401754, 5.875699997086278 ], [ -73.481697082659508, 5.842400073841636 ], [ -73.497802734255316, 5.845300197345327 ], [ -73.429702758554782, 5.740499973725293 ], [ -73.387702942144202, 5.824100017011635 ], [ -73.302398681014722, 5.850900173848869 ], [ -73.236701965933548, 5.977099895799808 ], [ -73.089202880351095, 5.951099873147213 ], [ -73.013099670321651, 5.974999905176764 ], [ -72.979698181599971, 6.032599925367926 ], [ -72.78900146456688, 6.2311000825181 ], [ -72.756797790915869, 6.423299789744917 ], [ -72.827796935507379, 6.510799884664342 ], [ -72.83300018354214, 6.544899940741124 ], [ -72.801902771544562, 6.56680011746034 ], [ -72.748802185663052, 6.5220999711296 ], [ -72.685302734337256, 6.41260004079686 ], [ -72.64330291702187, 6.419400215249158 ], [ -72.567832947427377, 6.470466136702719 ], [ -72.570098877280742, 6.550799846392738 ], [ -72.527496337322916, 6.611199855540224 ], [ -72.523498535031607, 6.642399788310332 ], [ -72.516098022525298, 6.781000137197363 ], [ -72.531097411820113, 6.894299983557311 ], [ -72.423301696333866, 6.857399941002542 ], [ -72.370903015378516, 6.887300014109792 ], [ -72.313796997025079, 6.988699913466618 ], [ -72.290199279519669, 6.992599963627358 ], [ -72.286201476965331, 6.964300156132163 ], [ -72.269996642897155, 6.966000080250727 ], [ -72.212997437177492, 7.027500152342927 ] ] ] } },
{ "type": "Feature", "properties": { "NOMBRE_DPT": "CALDAS" }, "geometry": { "type": "Polygon", "coordinates": [ [ [ -74.722702026478999, 5.759799957062284 ], [ -74.676597595093256, 5.758399963075026 ], [ -74.679397582775493, 5.695499897130648 ], [ -74.648902893066321, 5.668200015942278 ], [ -74.685096741046308, 5.55690002425852 ], [ -74.67130279563132, 5.53490018819536 ], [ -74.692596435698775, 5.480700015788133 ], [ -74.683296203321987, 5.424600124483867 ], [ -74.701202392343419, 5.425799846547196 ], [ -74.697097778642203, 5.396299838820846 ], [ -74.716201782019439, 5.385399818563338 ], [ -74.747200012052176, 5.287399768759479 ], [ -74.765701293928004, 5.272999763795144 ], [ -74.891296386982702, 5.291500091553963 ], [ -75.063102721983896, 5.270800113875931 ], [ -75.105796813724893, 5.240399837416617 ], [ -75.162200927467751, 5.145299911805767 ], [ -75.207702636470302, 5.15360021576504 ], [ -75.253799438433205, 5.127799987778819 ], [ -75.325302124302411, 5.126900196339148 ], [ -75.36100006106625, 5.083700179904235 ], [ -75.344802856559284, 4.993599891828019 ], [ -75.363800048834634, 4.928400039971776 ], [ -75.354598999087699, 4.851500034087768 ], [ -75.413299560776252, 4.805500030686878 ], [ -75.518898010123593, 4.910500049557099 ], [ -75.638801574511817, 4.926599979255109 ], [ -75.678596496415963, 4.959099769895303 ], [ -75.696998596144368, 4.922299861879498 ], [ -75.747802734557609, 4.934599876268329 ], [ -75.784103393429547, 5.032400131372714 ], [ -75.831398010345296, 4.989799976353294 ], [ -75.841697693009138, 4.952899932547433 ], [ -75.811698913552249, 4.917500018901997 ], [ -75.906799316731835, 4.920800208728499 ], [ -75.900550842161095, 4.944450378490626 ], [ -75.921302795447019, 4.954999923475124 ], [ -75.953895568706528, 5.033854007867407 ], [ -75.953102111608118, 5.112800121533142 ], [ -75.918502807614544, 5.124800205276232 ], [ -75.902900695503334, 5.107999801315795 ], [ -75.885597229163352, 5.112500190602614 ], [ -75.848800659298149, 5.196100235303079 ], [ -75.86730194061056, 5.273600101651847 ], [ -75.802696227963168, 5.275599956225824 ], [ -75.734703063789709, 5.252200126664032 ], [ -75.67819976774652, 5.325900077913799 ], [ -75.714500427272426, 5.331900119925405 ], [ -75.733596802034697, 5.381000042098639 ], [ -75.810798644862729, 5.37849998502561 ], [ -75.894996643036535, 5.352799892486147 ], [ -75.88529968279127, 5.483300209116937 ], [ -75.840896606490375, 5.514299869524935 ], [ -75.772300720152117, 5.525000095609903 ], [ -75.744102477829813, 5.527200222274515 ], [ -75.712303161873891, 5.504000186855166 ], [ -75.614303588668506, 5.515100002192726 ], [ -75.625137328902838, 5.725503444965877 ], [ -75.566596984949797, 5.713600158777454 ], [ -75.559097290163663, 5.691699981934157 ], [ -75.507797240990101, 5.660200119331481 ], [ -75.441497802533874, 5.687099933499066 ], [ -75.396499633896951, 5.659200191815266 ], [ -75.409202575820856, 5.605500221114666 ], [ -75.374000549084698, 5.594999790391673 ], [ -75.33650207540272, 5.456799983779899 ], [ -75.288002014256961, 5.458300113720672 ], [ -75.254600524893675, 5.473199844301911 ], [ -75.235000610631772, 5.512400150427528 ], [ -75.166999817130957, 5.531199931897094 ], [ -75.153198242312854, 5.563499927525724 ], [ -75.124397277680714, 5.580699920574109 ], [ -75.11579895040876, 5.648200034887084 ], [ -75.035102843911787, 5.674399852767225 ], [ -75.016700744791294, 5.705599784911016 ], [ -74.877197265926171, 5.733900070414997 ], [ -74.853500366236418, 5.696199894084768 ], [ -74.777999878169027, 5.680300235436301 ], [ -74.757797241480048, 5.690000057457097 ], [ -74.722702026478999, 5.759799957062284 ] ] ] } },
{ "type": "Feature", "properties": { "NOMBRE_DPT": "CAQUETA" }, "geometry": { "type": "Polygon", "coordinates": [ [ [ -74.692596436502612, 2.497800111869246 ], [ -74.661903381263755, 2.249900101793012 ], [ -74.631301880591124, 2.170000075665099 ], [ -74.631202697021081, 2.037800072813625 ], [ -74.585098267366661, 1.930699944165317 ], [ -74.48760223280442, 1.815400004918674 ], [ -74.27480316070303, 1.784999966127095 ], [ -74.223503112101241, 1.764000057778883 ], [ -74.140502930216527, 1.658499956384785 ], [ -74.09320068256504, 1.647300005355272 ], [ -74.046997069381774, 1.601500034379897 ], [ -73.985298155835295, 1.575799942938439 ], [ -73.896598816563284, 1.573199986371368 ], [ -73.789901732568282, 1.606199980870139 ], [ -73.660202025752355, 1.61090004387708 ], [ -73.653800965130145, 1.490100025019314 ], [ -73.61750030445134, 1.476099968154922 ], [ -73.555801392791139, 1.379400015222155 ], [ -73.543701172612089, 1.383399962911658 ], [ -73.455398560493691, 1.278499962070478 ], [ -73.436897277195015, 1.164600013963082 ], [ -73.251197815893534, 0.987100005236662 ], [ -73.211997986108273, 0.981700001943029 ], [ -73.150802613116483, 0.906899989811685 ], [ -73.096603392898743, 0.88819998601157 ], [ -73.018798828411079, 0.910399973502464 ], [ -73.013702391482084, 0.940400003947965 ], [ -72.981903076855573, 0.941999972430409 ], [ -72.946800231420085, 0.996800005028835 ], [ -72.890899658885189, 1.008100031591272 ], [ -72.899002075481619, 1.028300047552684 ], [ -72.882301330946561, 1.028800011586108 ], [ -72.885696410859268, 1.044999957433753 ], [ -72.910499573820019, 1.074000002076881 ], [ -72.874198913668891, 1.085999966494847 ], [ -72.898498535633507, 1.120200038999855 ], [ -72.875396728102089, 1.131000041848325 ], [ -72.882896423342928, 1.147300005399061 ], [ -72.844299315795126, 1.149999976812746 ], [ -72.843696594714032, 1.164399981951567 ], [ -72.792396545545358, 1.159000038737428 ], [ -72.765899659093705, 1.127099989939364 ], [ -72.742797851958684, 1.136299967251282 ], [ -72.738800048436929, 1.16400003379806 ], [ -72.677696228967847, 1.139999985930912 ], [ -72.669601440772681, 1.15680003198177 ], [ -72.6119995110963, 1.095299960370015 ], [ -72.531196593383385, 1.053400039910916 ], [ -72.484497071435712, 1.056100011037625 ], [ -72.416999817073176, 0.972000002271725 ], [ -72.423896789001944, 0.950100003842523 ], [ -72.397399902481652, 0.915899992083413 ], [ -72.405998230620412, 0.889900028857146 ], [ -72.362197875823881, 0.901899993853756 ], [ -72.347801208951481, 0.812300025900417 ], [ -72.338600158751674, 0.84689998722111 ], [ -72.305702208353267, 0.841600000712415 ], [ -72.321197510123611, 0.774100005270218 ], [ -72.281402589094071, 0.740999997033165 ], [ -72.273399353997092, 0.763999999467881 ], [ -72.245101929163368, 0.736800014041781 ], [ -72.23930358995257, 0.676100015774429 ], [ -72.21219635050754, 0.692700027217703 ], [ -72.177101134892496, 0.683399976331843 ], [ -72.183403014368565, 0.703000008997347 ], [ -72.163200377212078, 0.693099976300342 ], [ -72.138999939910832, 0.704599975788523 ], [ -72.122299194583405, 0.669300018641772 ], [ -72.0854034430985, 0.648299992851608 ], [ -72.096900939398083, 0.626399994483812 ], [ -72.042198180238955, 0.638899981941647 ], [ -72.015098572871693, 0.628400028862877 ], [ -72.011596678872905, 0.60240000560618 ], [ -71.997703552896638, 0.600600005339957 ], [ -72.016799927695132, 0.567200005678791 ], [ -72.002296447373865, 0.528999984774063 ], [ -71.960197449485065, 0.51090002049237 ], [ -71.972900390162295, 0.539799988453672 ], [ -71.959701537696546, 0.546700001480848 ], [ -71.929702758355873, 0.480699986355359 ], [ -71.94580078063693, 0.455399990222734 ], [ -71.925598144124422, 0.441399991864735 ], [ -71.931396483873939, 0.42469999287265 ], [ -71.867897032960116, 0.404799997554733 ], [ -71.839103699004539, 0.371199996250616 ], [ -71.858703613323428, 0.36430001209304 ], [ -71.859199523031563, 0.315200002197255 ], [ -71.817703248179441, 0.315100014380177 ], [ -71.825798034347997, 0.336499989038206 ], [ -71.785499572534235, 0.331099986996597 ], [ -71.803298950902985, 0.309799998561705 ], [ -71.769897461393327, 0.293500007034983 ], [ -71.760101317572591, 0.261700004011936 ], [ -71.72260284464879, 0.288100003153926 ], [ -71.734100341180195, 0.247700005220438 ], [ -71.677597046063838, 0.183300002793543 ], [ -71.630302430193225, 0.195899992989731 ], [ -71.651000976823369, 0.156100004886257 ], [ -71.580703736459583, 0.18009999420662 ], [ -71.602600097349566, 0.14380000443207 ], [ -71.547897338231451, 0.140100002891301 ], [ -71.555900574484369, 0.096199995689213 ], [ -71.517303466341289, 0.105300000706332 ], [ -71.482696534008653, 0.147300004433031 ], [ -71.487998961441306, 0.11252821862754 ], [ -71.61180114818896, -0.012699999091609 ], [ -71.627899169414789, -0.051399997941401 ], [ -71.762100218559269, -0.159999996646448 ], [ -71.813903809207076, -0.276399999802829 ], [ -71.889999388677651, -0.306199998261426 ], [ -72.046798705432124, -0.284700006061732 ], [ -72.069900513349964, -0.308299988439434 ], [ -72.076202391718212, -0.359699994154892 ], [ -72.192001343068398, -0.440100014373541 ], [ -72.249603272389237, -0.592299998615534 ], [ -72.289299011680214, -0.653999983553164 ], [ -72.33599853480257, -0.672200022921393 ], [ -72.366500853327338, -0.666299998894836 ], [ -72.399398803697963, -0.647700011740996 ], [ -72.443801879914488, -0.586300014792857 ], [ -72.580398559016061, -0.730099976522589 ], [ -72.643203735161094, -0.697499991458158 ], [ -72.771797180300737, -0.584900021110802 ], [ -72.859397887829815, -0.641700030102776 ], [ -72.951103209527076, -0.646000028799201 ], [ -72.998397826408436, -0.564300001478351 ], [ -73.060600280066041, -0.553699971009969 ], [ -73.092300414990575, -0.601499975308167 ], [ -73.09339904669865, -0.64249998442677 ], [ -73.163803101319672, -0.635800003271635 ], [ -73.223098755327939, -0.657500027919018 ], [ -73.307403563866259, -0.572899997752573 ], [ -73.385200500948301, -0.544799982901521 ], [ -73.419799804396973, -0.557399987418646 ], [ -73.538497925226309, -0.555100024597184 ], [ -73.571403502727506, -0.531899988604483 ], [ -73.596199035628004, -0.544499992148365 ], [ -73.588096619058561, -0.519100009524186 ], [ -73.616897583907829, -0.500500023871633 ], [ -73.628501891469796, -0.469300001043749 ], [ -73.679199218959852, -0.476000010993703 ], [ -73.678100585007556, -0.444799988285818 ], [ -73.704597473086565, -0.443500013284906 ], [ -73.750701905359037, -0.41040000213934 ], [ -73.810699462371971, -0.440800010662989 ], [ -73.852798461829707, -0.441199988478527 ], [ -74.056900023418919, -0.364699989270957 ], [ -74.08170318503808, -0.315499990522974 ], [ -74.113998412241969, -0.31420001380632 ], [ -74.14859771704667, -0.284599990856556 ], [ -74.213096618416714, -0.296400011689824 ], [ -74.230400086612249, -0.258199988801004 ], [ -74.247200013045983, -0.255299984986823 ], [ -74.251800537250006, -0.27259999491328 ], [ -74.315200806813891, -0.242300003077123 ], [ -74.297897337845839, -0.178200005523366 ], [ -74.395896911632278, -0.148399994203642 ], [ -74.447799681708346, -0.166600003410635 ], [ -74.462799073115775, -0.152099995655102 ], [ -74.447303772890763, -0.133699998686323 ], [ -74.480697631907518, -0.119099997718085 ], [ -74.505996703796654, -0.168699994179659 ], [ -74.528503418857611, -0.172700003442764 ], [ -74.546997071441737, -0.135000004322826 ], [ -74.559600830767693, -0.160999999391741 ], [ -74.642097472961495, -0.133499993936416 ], [ -74.661102295022062, -0.091799997532464 ], [ -74.70089721658718, -0.103200004045804 ], [ -74.681900024568762, -0.059999998093985 ], [ -74.721199035177321, 0.013000000582597 ], [ -74.693496705104849, 0.028499998981685 ], [ -74.735603331979021, 0.047099999930032 ], [ -74.729797362956816, 0.070200003172048 ], [ -74.709098815955386, 0.071900001908262 ], [ -74.708000182948609, 0.13249999325064 ], [ -74.754699707824187, 0.179499999684087 ], [ -74.868202210624176, 0.19380000148703 ], [ -75.027999876857692, 0.250499994131418 ], [ -75.004898071243815, 0.293799997167473 ], [ -75.021697998208722, 0.323300002935249 ], [ -75.021697998621264, 0.370099992279337 ], [ -75.002700806232056, 0.38789999379494 ], [ -75.036697388897238, 0.456200003353192 ], [ -75.125503539440288, 0.462300003702025 ], [ -75.131896973376413, 0.486600010574016 ], [ -75.170501709745011, 0.460200011286789 ], [ -75.232101439310654, 0.465700000082978 ], [ -75.232696533054977, 0.493400008518107 ], [ -75.266197203789048, 0.538600027609232 ], [ -75.237998962758383, 0.585900009782056 ], [ -75.283599852927438, 0.643800020112548 ], [ -75.27670288008504, 0.688799976396886 ], [ -75.290496826777542, 0.713100017098478 ], [ -75.356796263673743, 0.743499995197282 ], [ -75.439201355455779, 0.727599979451522 ], [ -75.543601990944467, 0.760399996116556 ], [ -75.564399719656123, 0.818300009791031 ], [ -75.637603760062561, 0.834699988222555 ], [ -75.641700745149123, 0.859600007099264 ], [ -75.759201050501687, 0.838699995279269 ], [ -75.769599914102415, 0.816799998985854 ], [ -75.789199828349737, 0.816900015499136 ], [ -75.802497864869466, 0.860300005157519 ], [ -75.82900238131711, 0.877099989904516 ], [ -75.874496460330789, 0.870400010745975 ], [ -75.94550323566699, 0.967199981441672 ], [ -75.966796874156955, 0.975899993662133 ], [ -75.936897278126509, 0.994799972594581 ], [ -75.953002928763652, 1.019199968534388 ], [ -76.004402159881948, 1.054600001242401 ], [ -76.003799438381193, 1.027500032426877 ], [ -76.111602783562404, 1.044100045065344 ], [ -76.172698974041481, 1.114799975587302 ], [ -76.215896607381652, 1.098799944345251 ], [ -76.205596922851271, 1.175600052736661 ], [ -76.271301269984647, 1.161399959836926 ], [ -76.277099608503804, 1.219799994364347 ], [ -76.310600281130306, 1.30139994547625 ], [ -76.184501648326545, 1.52380001637015 ], [ -76.158500672092401, 1.52660000255929 ], [ -76.132507324583784, 1.493471265888804 ], [ -76.021896362785228, 1.526600003254005 ], [ -75.959701537165927, 1.599099994261295 ], [ -75.8681030261384, 1.660599947720235 ], [ -75.826103210905316, 1.757400035952497 ], [ -75.778800963843082, 1.803400038738101 ], [ -75.756896973334634, 1.853600026196275 ], [ -75.679702759821325, 1.922600031826601 ], [ -75.58580017095214, 1.967200041620398 ], [ -75.571403502460512, 2.016900063693968 ], [ -75.468299866550154, 2.190900088280126 ], [ -75.302398682582563, 2.370399951652355 ], [ -75.281700133277454, 2.473099945826172 ], [ -75.241401672357284, 2.537100075496872 ], [ -75.194702149222621, 2.480900049375486 ], [ -75.016098021303137, 2.606600046669156 ], [ -75.01899719338931, 2.64989995896623 ], [ -75.081298827303186, 2.744299888154075 ], [ -74.920600891877399, 2.944099903565883 ], [ -74.764900208117425, 2.872999905812583 ], [ -74.609199523074366, 2.778800009934689 ], [ -74.605102539211359, 2.667799949483339 ], [ -74.67299652120029, 2.575700043682103 ], [ -74.692596436502612, 2.497800111869246 ] ] ] } },
{ "type": "Feature", "properties": { "NOMBRE_DPT": "CAUCA" }, "geometry": { "type": "MultiPolygon", "coordinates": [ [ [ [ -78.211624145181958, 2.975113868815045 ], [ -78.248901367540867, 2.956473350449321 ], [ -78.267547607645582, 3.003074168957839 ], [ -78.230262756003683, 3.045014619540712 ], [ -78.188323974777532, 3.054334878432535 ], [ -78.211624145181958, 2.975113868815045 ] ] ], [ [ [ -76.392997742229397, 3.282999992859714 ], [ -76.259803772325711, 3.273799896687715 ], [ -76.165298461740932, 3.217299938592186 ], [ -76.09714508056777, 3.208592653649622 ], [ -76.092002868633585, 3.059299945271801 ], [ -76.057403564839248, 3.000299930315891 ], [ -76.004898071313448, 2.968899965843874 ], [ -76.008300780708993, 2.870100021763465 ], [ -75.989196777444235, 2.787400007440169 ], [ -75.943000793915246, 2.669399976159398 ], [ -75.890502929296161, 2.596999884186882 ], [ -75.84780120849733, 2.457600116634086 ], [ -75.89099884055733, 2.421999931333028 ], [ -75.928497314907631, 2.41580009520108 ], [ -75.949798584461774, 2.42860007285658 ], [ -75.957298278845187, 2.460900068876013 ], [ -76.040901184522383, 2.484999895340889 ], [ -76.075500487696104, 2.468899964774671 ], [ -76.096199035744931, 2.418800115309486 ], [ -76.138298034174824, 2.383100032791937 ], [ -76.185501098581852, 2.374700070022828 ], [ -76.250099181679886, 2.398600101771718 ], [ -76.310096740911789, 2.394299983426552 ], [ -76.324401856022561, 2.310600042839035 ], [ -76.402198791296186, 2.295900106202819 ], [ -76.417800903528487, 2.275700092150328 ], [ -76.398200988338019, 2.233999968178033 ], [ -76.380897521523053, 2.229899882689609 ], [ -76.386001586814899, 2.195899962952566 ], [ -76.362998962316539, 2.155299902249183 ], [ -76.374496459510382, 2.10859990098519 ], [ -76.436698914125159, 2.072499990436189 ], [ -76.560699463391529, 2.133100032959802 ], [ -76.619499206116217, 2.119999886029165 ], [ -76.637298583971258, 2.100500106240124 ], [ -76.612396240697763, 1.864699959605828 ], [ -76.54669952360851, 1.865000009077109 ], [ -76.504600525016713, 1.837700009234965 ], [ -76.476898193121002, 1.796000003875409 ], [ -76.475097655752961, 1.651000022658849 ], [ -76.459503173380327, 1.627200007055322 ], [ -76.334999084908972, 1.588000059218462 ], [ -76.285896301001671, 1.513900041760526 ], [ -76.192001342714335, 1.537099958041972 ], [ -76.17240142768155, 1.527199984193222 ], [ -76.230598449600095, 1.455299973649404 ], [ -76.237396240715086, 1.413699984626535 ], [ -76.312896728429607, 1.283499955635473 ], [ -76.277099609839439, 1.219799995109628 ], [ -76.271301269188612, 1.16139996048978 ], [ -76.205596923565253, 1.175600052287826 ], [ -76.215896606694713, 1.098799944106878 ], [ -76.172698974576761, 1.114799975802851 ], [ -76.103500366098402, 1.046399950991445 ], [ -76.094299316650662, 1.018599987178372 ], [ -76.1231002805971, 1.01180005131651 ], [ -76.124198913925113, 0.996200024770953 ], [ -76.19460296611669, 1.014999985467558 ], [ -76.22509765620201, 0.993200003788228 ], [ -76.223396300775448, 0.975300014541472 ], [ -76.325996398649011, 0.953700005589811 ], [ -76.439498901129497, 0.969200015606204 ], [ -76.58139801023988, 1.047199965093154 ], [ -76.587799072221074, 1.118899941052052 ], [ -76.561897278408694, 1.234899997772397 ], [ -76.577499390129191, 1.338899970562664 ], [ -76.60980224618703, 1.383499980138404 ], [ -76.675598144956894, 1.427099943643136 ], [ -76.736602783550211, 1.393900036561583 ], [ -76.753898621142952, 1.334400058346578 ], [ -76.782699584546577, 1.29820001143893 ], [ -76.862243652820837, 1.302569866469575 ], [ -76.833999633827219, 1.338799953167153 ], [ -76.838699341120545, 1.382699966811257 ], [ -76.866401672261333, 1.424999952803181 ], [ -76.819702147896166, 1.518399953619282 ], [ -76.816902160428896, 1.556499957634103 ], [ -76.836502075050589, 1.596500039022467 ], [ -77.046997070697827, 1.716300010087512 ], [ -77.073997497495853, 1.698500036770395 ], [ -77.065399169367439, 1.689299941223756 ], [ -77.252098082955882, 1.660599947339336 ], [ -77.36399841307535, 1.683599948879029 ], [ -77.32479858356109, 1.749300003051724 ], [ -77.327201843724836, 1.820899963193531 ], [ -77.240798950604145, 1.936599969405594 ], [ -77.24079894960407, 1.960899948758185 ], [ -77.287498473981742, 2.00900006336256 ], [ -77.304298400801272, 2.108500004285351 ], [ -77.323303223229829, 2.108500003459992 ], [ -77.341201782709987, 2.084899901775926 ], [ -77.363601684777763, 2.089600086680947 ], [ -77.400001526445081, 2.21169996279697 ], [ -77.629997253254956, 2.188400029916509 ], [ -77.748802184487673, 2.253000021254663 ], [ -77.768997192706081, 2.274399995740305 ], [ -77.774803161462771, 2.321799994023434 ], [ -77.969802856886986, 2.550199985234805 ], [ -78.026901245661065, 2.659600019565891 ], [ -77.998100280426669, 2.648000001644987 ], [ -77.982498168369389, 2.6582999229764 ], [ -77.991203308050885, 2.680299996840867 ], [ -77.976799010725827, 2.708499908464059 ], [ -77.958900451827233, 2.677299975873523 ], [ -77.944503784032463, 2.747100114437044 ], [ -77.86949920705257, 2.684999942350417 ], [ -77.861503601150503, 2.775599956864787 ], [ -77.777397156242102, 2.806499957738293 ], [ -77.826400757409928, 2.814800023678757 ], [ -77.703598022520723, 2.899699925790419 ], [ -77.752098082903672, 2.899399995618052 ], [ -77.716400146301723, 2.950599908736449 ], [ -77.709999083977294, 2.996200084568824 ], [ -77.689300536844357, 3.009399890767061 ], [ -77.729698180555772, 3.019399881707101 ], [ -77.754997253176768, 2.99410009340373 ], [ -77.713500976061852, 3.072499989887417 ], [ -77.699699401364242, 3.048199891724929 ], [ -77.654197692934545, 3.069900036349081 ], [ -77.687599182486423, 3.078200102104148 ], [ -77.566596984497991, 3.220299958662193 ], [ -77.527397156249293, 3.225399970854732 ], [ -77.518203735813032, 3.247800112131971 ], [ -77.438697815246158, 3.261399984502875 ], [ -77.37229919459773, 3.173899888527417 ], [ -77.304901122574066, 3.179399966958994 ], [ -77.29389953588786, 3.15450000796375 ], [ -77.254096984957243, 3.130599975842652 ], [ -77.254699707033893, 3.09540009533199 ], [ -77.198196411590729, 3.10850000423395 ], [ -77.056396484100389, 3.077800035477722 ], [ -76.994697570761844, 3.096600055282549 ], [ -76.952003479540309, 3.064100026737548 ], [ -76.669601440029396, 3.111999988837752 ], [ -76.642501831574265, 3.097500085738303 ], [ -76.601600646587642, 3.115200042471444 ], [ -76.555999756167097, 3.102900028452132 ], [ -76.554901123218315, 3.142699957299913 ], [ -76.534202576190069, 3.147300004516664 ], [ -76.524398803766175, 3.19519996693349 ], [ -76.492103576254266, 3.237200021941178 ], [ -76.507698059510957, 3.245899915760254 ], [ -76.500801086871164, 3.267299890560079 ], [ -76.519798278983004, 3.292799949038941 ], [ -76.489898681784254, 3.316299915731556 ], [ -76.45989990174381, 3.315599918545854 ], [ -76.392997742229397, 3.282999992859714 ] ] ] ] } },
{ "type": "Feature", "properties": { "NOMBRE_DPT": "CESAR" }, "geometry": { "type": "Polygon", "coordinates": [ [ [ -73.282318115480663, 10.856246948843255 ], [ -73.25871276892336, 10.776447296601027 ], [ -73.27421569805999, 10.72804737162226 ], [ -73.228713989876951, 10.752646445507116 ], [ -73.206817626578626, 10.743846893776873 ], [ -73.166412352744544, 10.676747322088822 ], [ -73.154312134464973, 10.666247368124782 ], [ -73.135818481063509, 10.678346633522791 ], [ -73.082817078210539, 10.635347365947512 ], [ -73.122398376340499, 10.593000412206163 ], [ -73.141403198794734, 10.528400421093458 ], [ -73.212196349298623, 10.466300010316532 ], [ -73.216300963617428, 10.447799683264243 ], [ -73.185096740493748, 10.425700187706251 ], [ -73.180496216450052, 10.381199835952289 ], [ -73.096298217256603, 10.426500320326223 ], [ -72.982200622254155, 10.390800475754135 ], [ -72.834709166774758, 10.411782264850737 ], [ -72.942298889709292, 10.251999854341999 ], [ -72.951499939759429, 10.1965999595831 ], [ -72.938796996354625, 10.133600234758045 ], [ -73.011901855315372, 9.944399833777412 ], [ -73.01879882875177, 9.867600440958533 ], [ -72.98699951104733, 9.832300185900348 ], [ -72.965103148718811, 9.829899788597105 ], [ -72.968002318765244, 9.809599876741157 ], [ -73.027397156442959, 9.752099990907183 ], [ -73.057899474804017, 9.662699699238102 ], [ -73.128097533971598, 9.541099548099245 ], [ -73.172500609663047, 9.520500182351679 ], [ -73.224899291962529, 9.439900398260583 ], [ -73.221397399621409, 9.415599823625991 ], [ -73.284202575483789, 9.351799965056301 ], [ -73.360801696404678, 9.166099549106425 ], [ -73.377502440624951, 9.141900063235475 ], [ -73.427001952964233, 9.124799728451745 ], [ -73.451698303303232, 8.963700294883211 ], [ -73.436096191054389, 8.786299705038866 ], [ -73.476997375159414, 8.715999602839091 ], [ -73.470596313157188, 8.689399719887968 ], [ -73.540298462179379, 8.651599884047224 ], [ -73.551902770443306, 8.629699706419363 ], [ -73.550598143917455, 8.502599715533171 ], [ -73.528701781796386, 8.494400024553325 ], [ -73.522399902873602, 8.470700263917651 ], [ -73.48889923144155, 8.471699715391678 ], [ -73.49469757002322, 8.417499541566237 ], [ -73.523498535912566, 8.370800018933789 ], [ -73.480201721169578, 8.307100295307366 ], [ -73.426597595935817, 8.341500282679741 ], [ -73.433059692473094, 8.426668166971265 ], [ -73.369598387990138, 8.414099693160624 ], [ -73.361000060490639, 8.371212004927242 ], [ -73.405197142767847, 8.222399711741517 ], [ -73.425399780933489, 8.198800087073938 ], [ -73.432800292526863, 8.122599601106961 ], [ -73.4050064083265, 8.098183632305931 ], [ -73.417198181299597, 8.086199759783019 ], [ -73.411399841005704, 8.035300254554222 ], [ -73.327301026165486, 7.998600006083029 ], [ -73.303596496681834, 7.936699866687116 ], [ -73.316200255952225, 7.900899887519181 ], [ -73.375000000340819, 7.875199794086579 ], [ -73.368103028116309, 7.794300079518155 ], [ -73.419296265416776, 7.737299919414562 ], [ -73.433700562135783, 7.694600105619528 ], [ -73.508102416492889, 7.684500217985735 ], [ -73.60150146490443, 7.719600200641815 ], [ -73.649887085535397, 7.708443164802451 ], [ -73.778503417186158, 7.722000121760091 ], [ -73.760597229543507, 7.770500182577543 ], [ -73.764701843492247, 7.808100222812049 ], [ -73.704803466887242, 7.913499831908194 ], [ -73.75839996331112, 7.964600085460614 ], [ -73.755599976233185, 7.997499942120028 ], [ -73.800598144741116, 8.07100009997737 ], [ -73.788497925539644, 8.116600035857321 ], [ -73.809196472541387, 8.126500129711157 ], [ -73.809303283115611, 8.176799774336457 ], [ -73.773002624492506, 8.23209953234247 ], [ -73.771896362635033, 8.422699928882691 ], [ -73.812400818502724, 8.566699982121971 ], [ -73.843498230518392, 8.617600441487156 ], [ -73.817703247290495, 8.778699875521127 ], [ -73.857498169253091, 8.823900222990897 ], [ -73.886398315266888, 8.905500411621121 ], [ -73.874900818345068, 8.963199615528806 ], [ -73.82879638685165, 9.040399551192388 ], [ -73.886497496891039, 9.110500335661179 ], [ -73.908401488698331, 9.179900169810757 ], [ -73.985702515129987, 9.193499565567638 ], [ -73.964401244786487, 9.257599830475669 ], [ -73.999603271182238, 9.3444004063501 ], [ -74.086097717032843, 9.431900024155222 ], [ -74.156326294648267, 9.477104186520323 ], [ -74.053298949986242, 9.581999778954101 ], [ -73.809501647878378, 9.58209991452614 ], [ -73.822799682748865, 9.651499747998438 ], [ -73.867202758658138, 9.732000351618655 ], [ -73.862602233440654, 9.77350044237814 ], [ -73.925498962758937, 9.823499679305593 ], [ -73.959602355681824, 9.885399819190939 ], [ -74.023002625100091, 9.931900024968451 ], [ -74.084098815509932, 10.006699562382158 ], [ -74.110702514837556, 10.06630039247422 ], [ -74.063499451417542, 10.201800345762178 ], [ -74.045600891875864, 10.20289993310514 ], [ -73.934501647526361, 10.360099793001122 ], [ -73.906799316477105, 10.379099845619953 ], [ -73.814002990833174, 10.383899688576706 ], [ -73.766197204055658, 10.411999703007748 ], [ -73.747100830333508, 10.40789985705192 ], [ -73.73509979218403, 10.443599701058824 ], [ -73.694099426511727, 10.449199676203099 ], [ -73.656700133518015, 10.503899574597234 ], [ -73.62670135476597, 10.514800071516884 ], [ -73.643501281016867, 10.655799865296732 ], [ -73.602600097766683, 10.747500419866341 ], [ -73.625701904535759, 10.763199805793992 ], [ -73.685096740188015, 10.760000228701941 ], [ -73.688598632814674, 10.779600142693532 ], [ -73.59001159692771, 10.843699455849865 ], [ -73.501785278576719, 10.864727974446948 ], [ -73.282318115480663, 10.856246948843255 ] ] ] } },
{ "type": "Feature", "properties": { "NOMBRE_DPT": "CORDOBA" }, "geometry": { "type": "Polygon", "coordinates": [ [ [ -75.819503784195192, 9.42300033587717 ], [ -75.704200745002396, 9.402299880565687 ], [ -75.686302185523189, 9.362400054838263 ], [ -75.701797484956117, 9.329000472624038 ], [ -75.681701660051132, 9.331800460758522 ], [ -75.655700683618917, 9.295299530369798 ], [ -75.62339782756564, 9.302599907118903 ], [ -75.520797729018426, 9.227100371893629 ], [ -75.466598511226266, 9.239600181468999 ], [ -75.470596313729629, 9.177200316967692 ], [ -75.424499511297626, 9.164299965053733 ], [ -75.425598144387465, 9.130800247039247 ], [ -75.355903625956628, 9.130499839686294 ], [ -75.333900452175484, 9.11660003684031 ], [ -75.305702208978175, 9.057600021713984 ], [ -75.247398376883808, 9.05329990413467 ], [ -75.215103149164548, 8.97049999206137 ], [ -75.209899902414463, 8.864800453044316 ], [ -75.326301574571644, 8.860099792858643 ], [ -75.368400573484777, 8.835399627697464 ], [ -75.400703429892786, 8.836700439474019 ], [ -75.404098510943768, 8.823499679238033 ], [ -75.343498229620792, 8.75160026510412 ], [ -75.36769866955953, 8.720499992828644 ], [ -75.3145980836223, 8.486300468941703 ], [ -75.209701537764161, 8.484700203308604 ], [ -75.197502136403259, 8.466799735546617 ], [ -75.217102050968862, 8.410200118548147 ], [ -75.157699585167691, 8.381099701274389 ], [ -75.049400329363991, 8.451100349930037 ], [ -75.043601989470517, 8.476499557558274 ], [ -74.90059661831495, 8.44470024121123 ], [ -74.876403808718919, 8.401900291466774 ], [ -74.807800292593328, 8.365799903930911 ], [ -74.800300597703824, 8.290699959073157 ], [ -74.773101807016602, 8.24950027436911 ], [ -74.788101196500378, 8.214400291340768 ], [ -74.836502075400261, 8.194899559510233 ], [ -74.910797119331932, 8.088399886927105 ], [ -74.958602905118539, 8.050499916534218 ], [ -75.22899627708513, 8.024399756999397 ], [ -75.260696410754775, 7.969099998316151 ], [ -75.28140258809222, 7.96689987164268 ], [ -75.301002502547206, 7.93349981346312 ], [ -75.333801269621731, 7.918000221217624 ], [ -75.346496582251177, 7.856800079646305 ], [ -75.473899841230178, 7.807700157257775 ], [ -75.469802856754768, 7.775899887357279 ], [ -75.503196716083778, 7.707300186202644 ], [ -75.545303344615363, 7.70809984232689 ], [ -75.585098266227959, 7.733699799052399 ], [ -75.649597168233697, 7.713099956514003 ], [ -75.676101684281733, 7.678599834091372 ], [ -75.70079803476078, 7.583399772888218 ], [ -75.841400146144011, 7.388700008561457 ], [ -76.030403136958569, 7.35309982306256 ], [ -76.341697693364665, 7.35160017013301 ], [ -76.404602050869059, 7.411300182574172 ], [ -76.477302550859292, 7.535200119243361 ], [ -76.518302917412811, 7.645699978259088 ], [ -76.514297485075843, 7.693699836515123 ], [ -76.490196228120894, 7.835100173564779 ], [ -76.422798156403758, 7.973400116007875 ], [ -76.392898559333759, 8.133299827125001 ], [ -76.342796325599224, 8.232999801338476 ], [ -76.25409698529414, 8.369500160154407 ], [ -76.196502686044283, 8.418399810438579 ], [ -76.195899963085111, 8.437999725778706 ], [ -76.217300414739157, 8.571599960607658 ], [ -76.349403381618998, 8.652999878202092 ], [ -76.399101257141808, 8.833399772316817 ], [ -76.451599120677031, 8.88729953721422 ], [ -76.386398315734311, 8.915399551818778 ], [ -76.362800598040494, 8.951700211073288 ], [ -76.285598754631621, 8.998100280396137 ], [ -76.256797790123414, 9.074799537997938 ], [ -76.199798583758252, 9.134699821891408 ], [ -76.187698364042575, 9.221300125115764 ], [ -76.130096435065539, 9.270099639446995 ], [ -76.113998412814084, 9.319700241261001 ], [ -75.982597351135226, 9.379799842634096 ], [ -75.949203491163047, 9.410300254882277 ], [ -75.819503784195192, 9.42300033587717 ] ] ] } },
{ "type": "Feature", "properties": { "NOMBRE_DPT": "CUNDINAMARCA" }, "geometry": { "type": "Polygon", "coordinates": [ [ [ -74.354400634674505, 5.820600032806474 ], [ -74.324302673505414, 5.694600104919021 ], [ -74.30529785179904, 5.670800208547929 ], [ -74.346199035240716, 5.612100124036473 ], [ -74.29199981643491, 5.498000145428503 ], [ -74.243499755437782, 5.461400032197821 ], [ -74.138603210496925, 5.443699836441414 ], [ -74.10399627709981, 5.386300087106243 ], [ -74.055000305211721, 5.353199958716262 ], [ -73.973701477531606, 5.406599998020412 ], [ -73.915496826282194, 5.511499881348359 ], [ -73.816398620239013, 5.579199790692363 ], [ -73.826438903788102, 5.487901687374624 ], [ -73.692398070956926, 5.441800117468959 ], [ -73.635902405204277, 5.381499767763205 ], [ -73.641601562599178, 5.343400001617323 ], [ -73.596603393077942, 5.268700122321896 ], [ -73.563796997137388, 5.251200199604278 ], [ -73.559097290458595, 5.199800014678948 ], [ -73.510101317822532, 5.092700004324963 ], [ -73.519203186119498, 5.021699905846464 ], [ -73.57160186788947, 4.909900188092361 ], [ -73.563003539537362, 4.88210010568561 ], [ -73.448196411470164, 4.871200084468273 ], [ -73.424598693427328, 4.856699943699514 ], [ -73.39980316213493, 4.819600104778393 ], [ -73.402099609700215, 4.778600215922577 ], [ -73.354797363732686, 4.754199981822326 ], [ -73.334602355711453, 4.710800171111278 ], [ -73.26309966989696, 4.707600116469795 ], [ -73.261398315787801, 4.673500061561342 ], [ -73.234298706039766, 4.65609979624702 ], [ -73.186401367626587, 4.642000198551021 ], [ -73.128799438723973, 4.649300098734486 ], [ -73.086097717189901, 4.717800140039977 ], [ -73.067703247454176, 4.68709993410043 ], [ -73.145797729418859, 4.190700054565846 ], [ -73.251899719213981, 4.248899936889982 ], [ -73.416198729965643, 4.284800052816071 ], [ -73.454803467262778, 4.265299796751597 ], [ -73.551696777638725, 4.263999938440506 ], [ -73.574203490933456, 4.284900188862005 ], [ -73.578201294404025, 4.331099987402261 ], [ -73.608200073225305, 4.377500057000606 ], [ -73.603599548470584, 4.445600032383568 ], [ -73.66819763217498, 4.475299835486521 ], [ -73.683197021127157, 4.467299938590458 ], [ -73.72360229480519, 4.505000114850726 ], [ -73.796203613406973, 4.447599888130004 ], [ -73.834800720229197, 4.381299972812113 ], [ -73.81050109836886, 4.352900028762002 ], [ -73.791496276711456, 4.248899936397641 ], [ -73.765502929897622, 4.213500023101197 ], [ -73.775901793996312, 4.188099860803433 ], [ -73.929100037154015, 4.100399970476894 ], [ -74.039199829550313, 4.088699817907734 ], [ -74.114097595476125, 4.020899772257391 ], [ -74.219596862561716, 3.999399900253331 ], [ -74.182800292648722, 4.132100105458985 ], [ -74.145896911253274, 4.177000045840658 ], [ -74.153503417914735, 4.262499809031617 ], [ -74.121200561484656, 4.347300052248271 ], [ -74.135101318724836, 4.401100158940131 ], [ -74.056800842413168, 4.493700027132141 ], [ -74.010101318128221, 4.622900009099982 ], [ -74.031501769947525, 4.617199897621505 ], [ -74.043601989859781, 4.630599975898049 ], [ -74.025703429894506, 4.653600216012229 ], [ -74.022903442170033, 4.795100212061961 ], [ -74.096099853201551, 4.815000057098898 ], [ -74.194099426662348, 4.678599834096741 ], [ -74.192901611068734, 4.643300056452134 ], [ -74.229797363117129, 4.626100063534558 ], [ -74.195701599500964, 4.514500141146499 ], [ -74.23940277137082, 4.381899833991505 ], [ -74.221000671210277, 4.34479999526675 ], [ -74.268096924131001, 4.112199783243534 ], [ -74.314796448067611, 4.087600230648687 ], [ -74.383399963147042, 4.083199977979429 ], [ -74.411598205742465, 4.041800021724642 ], [ -74.382102966251011, 3.948699951538364 ], [ -74.384399414091902, 3.881700038888981 ], [ -74.516899108456144, 3.665600061416799 ], [ -74.524398803755716, 3.713599920593125 ], [ -74.510597229054198, 3.760900020706428 ], [ -74.563102722265242, 3.803900003746583 ], [ -74.527999878362593, 3.905400037386373 ], [ -74.552803039590444, 3.963799953055306 ], [ -74.534400939962779, 3.992599964507158 ], [ -74.542999267281189, 4.026199818150714 ], [ -74.503303527824812, 4.108600139375819 ], [ -74.54429626419541, 4.224899769150264 ], [ -74.61080169728055, 4.252865791748722 ], [ -74.68090057407538, 4.198900222868767 ], [ -74.721199035311656, 4.197299957809064 ], [ -74.74890136751219, 4.225699901906832 ], [ -74.807197571305579, 4.244999885441084 ], [ -74.825103759762925, 4.276899814913326 ], [ -74.907997131529285, 4.25239992133978 ], [ -74.918998717877116, 4.276100158525669 ], [ -74.824600220227978, 4.4917001723523 ], [ -74.845397949554552, 4.55770015757107 ], [ -74.826400757263499, 4.646599769143973 ], [ -74.850097655858349, 4.716000079819161 ], [ -74.783302306666997, 4.768199920530639 ], [ -74.782203674583585, 4.866399765099931 ], [ -74.763702392648057, 4.872700213910194 ], [ -74.759101867462519, 4.92409992230276 ], [ -74.777000427620692, 4.948400020753005 ], [ -74.740097045476872, 4.967299937680972 ], [ -74.765762329329746, 4.997966766491746 ], [ -74.742500305285787, 5.149899960003926 ], [ -74.765701293992464, 5.272999763036617 ], [ -74.747200011713417, 5.287399769368561 ], [ -74.716201782023361, 5.385399818460606 ], [ -74.697097777950859, 5.39629983864194 ], [ -74.701202392353963, 5.425799846382537 ], [ -74.683296203785588, 5.424600124654769 ], [ -74.692596435295712, 5.480700016075277 ], [ -74.671302795291794, 5.534900188041886 ], [ -74.685096741194172, 5.556900024867845 ], [ -74.648902892817503, 5.668200016103545 ], [ -74.679397583144478, 5.695499896566873 ], [ -74.676597595004068, 5.758399963860903 ], [ -74.630996703701001, 5.736899852460302 ], [ -74.542297363026606, 5.771699905144282 ], [ -74.468498230136845, 5.745399952137533 ], [ -74.416000366217702, 5.766600131775104 ], [ -74.354400634674505, 5.820600032806474 ] ] ] } },
{ "type": "Feature", "properties": { "NOMBRE_DPT": "CHOCO" }, "geometry": { "type": "Polygon", "coordinates": [ [ [ -77.077796935752815, 8.292099953678541 ], [ -77.001098631692997, 8.273300170024077 ], [ -76.973731995317252, 8.17873000986118 ], [ -76.963623046947092, 8.070486067724334 ], [ -77.02169799748242, 8.0059995646885 ], [ -77.039596558453255, 7.910200119819353 ], [ -77.115600585759623, 7.834199905684441 ], [ -77.149002075830055, 7.822199822059433 ], [ -77.101699828585325, 7.740600109978974 ], [ -76.983764647319589, 7.627222537901707 ], [ -76.897232055170932, 7.588920592531564 ], [ -76.86091613873414, 7.594878674078215 ], [ -76.804176331216226, 7.576720715497064 ], [ -76.720245361885574, 7.386552810988072 ], [ -76.587051390945859, 7.303156851862016 ], [ -76.542297363321069, 7.254199981984405 ], [ -76.502998353191344, 7.14020013877127 ], [ -76.543296813657903, 7.060100077481398 ], [ -76.555999756248809, 6.970600128493307 ], [ -76.705902099141056, 7.02610015899085 ], [ -76.834396362903931, 7.00939988996709 ], [ -76.831680297711401, 6.958639145247934 ], [ -76.814834593919826, 6.965312003712484 ], [ -76.803749084054147, 6.951627255317383 ], [ -76.795089720672706, 6.871836661533409 ], [ -76.832710265889446, 6.861619471879846 ], [ -76.821563720883532, 6.840720175704105 ], [ -76.839675902325737, 6.831431388592385 ], [ -76.88333129773504, 6.852795123528725 ], [ -76.903305054613853, 6.835611343660036 ], [ -76.918632506834768, 6.848615646807197 ], [ -76.937210081919815, 6.814479826801144 ], [ -76.975753783368233, 6.813550949624319 ], [ -76.962287901976666, 6.793580532233615 ], [ -76.968788146730631, 6.741564750419897 ], [ -76.938133239045612, 6.715092181793153 ], [ -76.966468810496409, 6.677937983779584 ], [ -76.940460204834253, 6.686762333994659 ], [ -76.927917481557003, 6.649607659146042 ], [ -76.909339904604906, 6.674222469814281 ], [ -76.898193359125827, 6.666791916431186 ], [ -76.909339903726121, 6.628243922038321 ], [ -76.862434387041247, 6.623135565815959 ], [ -76.867080688842947, 6.609666823818725 ], [ -76.894943237282533, 6.607344626247643 ], [ -76.899124144414415, 6.574834823078748 ], [ -76.890296936298697, 6.563224314832882 ], [ -76.868469239137156, 6.5729770657999 ], [ -76.845710755416647, 6.524444104322905 ], [ -76.822959899420169, 6.525372982769887 ], [ -76.824813841695004, 6.490076541544885 ], [ -76.807167053276615, 6.510511399331282 ], [ -76.77187347509107, 6.482181548814854 ], [ -76.799736022907837, 6.446420192226489 ], [ -76.766761780390254, 6.437131881618236 ], [ -76.776512146480584, 6.422269820265502 ], [ -76.798339844509798, 6.424592019266397 ], [ -76.769081115166557, 6.388831137640095 ], [ -76.789985657258129, 6.377220630852315 ], [ -76.775123596607628, 6.370254040011671 ], [ -76.791839598464449, 6.354695797034569 ], [ -76.781623841403345, 6.333564281877416 ], [ -76.792770385161845, 6.31730938013187 ], [ -76.780227661560019, 6.28619241640613 ], [ -76.751899718340397, 6.278761387661906 ], [ -76.757469178265978, 6.252289294061769 ], [ -76.72775268505282, 6.237427235029736 ], [ -76.716560364423643, 6.168775559346044 ], [ -76.605598449869277, 6.156400204743762 ], [ -76.289802550744383, 6.194900036257051 ], [ -76.263198853006969, 6.186699868175185 ], [ -76.265502930227782, 6.113999843636651 ], [ -76.244102477000311, 6.02029991063505 ], [ -76.219299317301804, 5.993599891761988 ], [ -76.13169860818563, 5.974800110918732 ], [ -76.150100708029967, 5.935599803681451 ], [ -76.159797669197147, 5.805699824220694 ], [ -76.128700257448855, 5.745999814046569 ], [ -76.1326980588656, 5.650700091646963 ], [ -76.069801330317262, 5.572500227975152 ], [ -76.064002991747998, 5.514100075331102 ], [ -76.017303467956395, 5.471799850661402 ], [ -76.115196227916343, 5.443299769785149 ], [ -76.163597105949194, 5.39559984114679 ], [ -76.276603698995913, 5.349199772034329 ], [ -76.315200804591328, 5.289899825298641 ], [ -76.35500335782703, 5.277400017804897 ], [ -76.358398438096899, 5.233500004620927 ], [ -76.289703369315575, 5.145999908570875 ], [ -76.249900818569913, 5.025700091202052 ], [ -76.169700621418116, 4.958300114292843 ], [ -76.241699219121173, 4.834400178000774 ], [ -76.34310150063645, 4.78229999653824 ], [ -76.410003661214077, 4.707499981700398 ], [ -76.466400147503478, 4.610099792184383 ], [ -76.531997681740805, 4.426700114437879 ], [ -76.591400146078101, 4.410200118724259 ], [ -76.556098937513568, 4.24200010320354 ], [ -76.464309693000274, 4.162530899829647 ], [ -76.628601074412657, 4.03840017281605 ], [ -76.692001342703662, 4.036900043310951 ], [ -76.727798460921107, 4.009300232316459 ], [ -76.792900086586187, 3.992799997325771 ], [ -76.983802794476333, 4.115499973584876 ], [ -77.100196839214064, 4.11429977361095 ], [ -77.201698302368499, 4.18400001571017 ], [ -77.23860168442998, 4.162799835933128 ], [ -77.263999939012209, 4.165800094112218 ], [ -77.294601439963586, 4.23979997732316 ], [ -77.328498839655893, 4.181600093116295 ], [ -77.370597838652614, 4.198599816115438 ], [ -77.473800659974259, 4.197299956742668 ], [ -77.55680084207394, 4.151999949619468 ], [ -77.544097901170261, 4.20679998301961 ], [ -77.488197327381201, 4.221000195412077 ], [ -77.562599182045588, 4.225399970416617 ], [ -77.537902833136116, 4.303800106348347 ], [ -77.540702820568853, 4.251900195217694 ], [ -77.453697205514345, 4.246900082097755 ], [ -77.48130035368284, 4.274700164545099 ], [ -77.471603392505486, 4.291999817585764 ], [ -77.444503784084304, 4.293600083127311 ], [ -77.473297119554658, 4.315700054402412 ], [ -77.465797425411111, 4.341100215098967 ], [ -77.391502380164027, 4.422800064400533 ], [ -77.394401549608048, 4.492099761439439 ], [ -77.358100891013194, 4.525499820755928 ], [ -77.369102477794328, 4.54169988645423 ], [ -77.365097046710773, 4.680900097861359 ], [ -77.357101440679159, 4.667600154853743 ], [ -77.340896606765341, 4.673799991838609 ], [ -77.363998412298258, 4.715499878569316 ], [ -77.363502502865089, 4.772099972154483 ], [ -77.324798584578815, 4.729199886633685 ], [ -77.311599730932016, 4.737800121411189 ], [ -77.363502502409133, 4.816599846531411 ], [ -77.386497497056524, 4.823100089401125 ], [ -77.384902954288435, 4.892899990080205 ], [ -77.407897950359356, 4.912099837301961 ], [ -77.416603089534391, 4.950799943015824 ], [ -77.405700682801736, 5.022999762993799 ], [ -77.435699463073163, 5.153100013108438 ], [ -77.417297363013517, 5.166900158846939 ], [ -77.424797057768131, 5.196400165972593 ], [ -77.40689849921884, 5.216499805431436 ], [ -77.442703246972769, 5.192999840000797 ], [ -77.450798035102594, 5.220200062226795 ], [ -77.438697814295409, 5.309100150290611 ], [ -77.411003113604636, 5.289299965783151 ], [ -77.427200317088264, 5.340199947750665 ], [ -77.446800232476534, 5.346600056362937 ], [ -77.457801818893486, 5.41079997948393 ], [ -77.430099486768043, 5.46089982950188 ], [ -77.4699020388055, 5.464000224737473 ], [ -77.476898193389218, 5.508500099687556 ], [ -77.540802001994308, 5.498400210996877 ], [ -77.574897766393093, 5.513500214163449 ], [ -77.54609680080992, 5.603499888370132 ], [ -77.507499695828784, 5.604499816063775 ], [ -77.459602354905329, 5.629700183854935 ], [ -77.405403137475147, 5.616799830868276 ], [ -77.366897583219028, 5.675499916818838 ], [ -77.300598144116861, 5.726699828748615 ], [ -77.275802612580435, 5.794700144598616 ], [ -77.340499876999772, 5.89669990597137 ], [ -77.349700927464809, 5.979899884186987 ], [ -77.380897521941705, 6.060900212400711 ], [ -77.404602049634534, 6.069600105357566 ], [ -77.396499634577495, 6.040699957797854 ], [ -77.406303404746055, 6.046000004865788 ], [ -77.454696655938776, 6.116600035573406 ], [ -77.500297545245573, 6.22539997060248 ], [ -77.48940277042766, 6.300499917081644 ], [ -77.439796448601513, 6.265600204971085 ], [ -77.410400391117207, 6.294899939800167 ], [ -77.399497985178613, 6.375199795875986 ], [ -77.419097901160995, 6.389100075118505 ], [ -77.366142272282033, 6.402682780746733 ], [ -77.361045837314194, 6.499783038089449 ], [ -77.343139647865655, 6.532582760545918 ], [ -77.347740172661119, 6.570783139276469 ], [ -77.41184234665505, 6.661683082051347 ], [ -77.414146423669465, 6.695182801375322 ], [ -77.477180480301399, 6.704682827938881 ], [ -77.508544922981088, 6.685430050043201 ], [ -77.509048462774842, 6.653130054960865 ], [ -77.530944824293471, 6.650930405478202 ], [ -77.574249268327932, 6.787430286788202 ], [ -77.685699462664047, 6.871399879663697 ], [ -77.707603453687867, 6.854199887001869 ], [ -77.719802856816116, 6.875599861500486 ], [ -77.706497192025594, 6.936200141190603 ], [ -77.679397583976595, 6.952799797544393 ], [ -77.67079925475133, 6.980500221610098 ], [ -77.735397338115831, 7.078999996376504 ], [ -77.792503356597763, 7.107500075574018 ], [ -77.876701354450077, 7.182400226175441 ], [ -77.917098997868464, 7.255899906899773 ], [ -77.891197203872693, 7.356900214521846 ], [ -77.841697692292129, 7.457200050681826 ], [ -77.706314086332227, 7.508591651329189 ], [ -77.74125671451803, 7.599505902462207 ], [ -77.734146117682599, 7.667321683001365 ], [ -77.69772338929819, 7.67028284108309 ], [ -77.658927918578073, 7.648961067185347 ], [ -77.58786010651616, 7.516883373148928 ], [ -77.568901061525082, 7.513329983069038 ], [ -77.524803160514409, 7.603700160270644 ], [ -77.37270355337192, 7.798900128343784 ], [ -77.21360015890275, 7.900499819772294 ], [ -77.226303099650409, 7.925399779414855 ], [ -77.209098817007074, 7.998099803047314 ], [ -77.275497436707937, 8.191300391638944 ], [ -77.352798462495301, 8.263799667290147 ], [ -77.390296936880901, 8.400899887962263 ], [ -77.467002869384274, 8.490699768463571 ], [ -77.385299683284714, 8.650400161735808 ], [ -77.282600402823334, 8.543700219215662 ], [ -77.249702453327288, 8.4793996818693 ], [ -77.142997740704772, 8.410799980334902 ], [ -77.077796935752815, 8.292099953678541 ] ] ] } },
{ "type": "Feature", "properties": { "NOMBRE_DPT": "HUILA" }, "geometry": { "type": "Polygon", "coordinates": [ [ [ -74.636001587117775, 3.273900032529793 ], [ -74.71029663111905, 3.187000036623937 ], [ -74.729301452226991, 3.115400076274081 ], [ -74.845703125010559, 3.056400061105059 ], [ -74.955101013676895, 2.888799906214498 ], [ -75.077796936500647, 2.75589990585352 ], [ -75.079498291091994, 2.735699891733098 ], [ -75.012001038056709, 2.634299993992944 ], [ -75.016098022455381, 2.60660004634301 ], [ -75.194702148146305, 2.480900048919337 ], [ -75.241401672232712, 2.537100077125109 ], [ -75.281700134469517, 2.473099947097153 ], [ -75.302398681605979, 2.370399951802959 ], [ -75.468299865606511, 2.1909000874326 ], [ -75.571403503550926, 2.01690006300691 ], [ -75.585800171336459, 1.967200041274227 ], [ -75.679702758843518, 1.922600031179484 ], [ -75.756896972263192, 1.853600024861573 ], [ -75.778800964585201, 1.803400040063593 ], [ -75.826103210519051, 1.757400035360813 ], [ -75.868103026843585, 1.66059994677811 ], [ -75.959701538118225, 1.599099994137584 ], [ -76.021896361935376, 1.526600003184192 ], [ -76.132507323652092, 1.493471264839561 ], [ -76.152801513467509, 1.522500038189788 ], [ -76.192001342352498, 1.53709995722479 ], [ -76.285896301767934, 1.513900041234819 ], [ -76.334999084910777, 1.588000059501811 ], [ -76.45950317363743, 1.6272000074202 ], [ -76.475097655868481, 1.651000023071655 ], [ -76.476898193399776, 1.79600000366256 ], [ -76.504600524758857, 1.837700009462546 ], [ -76.546699523599017, 1.865000009928796 ], [ -76.612396240735833, 1.864699959333153 ], [ -76.637298583999311, 2.100500106606739 ], [ -76.619499206237663, 2.119999885706528 ], [ -76.560699462945536, 2.133100032824266 ], [ -76.436698914041116, 2.072499990481591 ], [ -76.374496459612018, 2.108599901274427 ], [ -76.362998962609083, 2.155299902291858 ], [ -76.386001586855542, 2.195899963294007 ], [ -76.380897522396126, 2.229899883396588 ], [ -76.398200988948915, 2.233999967284702 ], [ -76.417800903555772, 2.275700092366832 ], [ -76.402198791361926, 2.295900106711698 ], [ -76.324401855717284, 2.310600042628113 ], [ -76.310096740259354, 2.394299984129134 ], [ -76.250099182144069, 2.39860010116479 ], [ -76.185501098589313, 2.3747000693511 ], [ -76.138298034122215, 2.383100032367631 ], [ -76.096199035076253, 2.418800115098799 ], [ -76.075500488705813, 2.468899965210793 ], [ -76.040901183742037, 2.484999894542887 ], [ -75.957298279217738, 2.460900068508833 ], [ -75.949798583541522, 2.428600073387604 ], [ -75.928497314932756, 2.415800094246222 ], [ -75.850097656121065, 2.450099944602381 ], [ -75.890502929254367, 2.596999883957496 ], [ -75.943000793803805, 2.669399976918914 ], [ -75.98919677686699, 2.787400007563847 ], [ -76.008300781080678, 2.870100021550595 ], [ -76.004898071179326, 2.968899965712933 ], [ -75.898200988646181, 2.976500034437887 ], [ -75.841796874585256, 3.045000076315391 ], [ -75.785896301055502, 3.033200025453785 ], [ -75.757598877489428, 3.075900077497168 ], [ -75.686798095207465, 3.122900008708855 ], [ -75.604896544910972, 3.138200044201068 ], [ -75.591697692786909, 3.151999950266419 ], [ -75.606101990102786, 3.187900066225716 ], [ -75.598602294659017, 3.224200010535367 ], [ -75.535202026282334, 3.277100086378093 ], [ -75.481101989859013, 3.299999952469923 ], [ -75.462097168539501, 3.331099987205323 ], [ -75.410797119560613, 3.354500055527522 ], [ -75.395797729581204, 3.386800051202023 ], [ -75.339302062980082, 3.391799927303138 ], [ -75.289100646635831, 3.354599952635303 ], [ -75.258598327453399, 3.395499944903846 ], [ -75.236701965147432, 3.395400047647721 ], [ -75.214767456551726, 3.365826606233068 ], [ -75.194099426199386, 3.394099951068866 ], [ -75.076499939336372, 3.430000067042236 ], [ -75.041297912669421, 3.364500046292442 ], [ -75.103500366542079, 3.301300049400856 ], [ -75.099403381364183, 3.282799959358189 ], [ -75.03028106694579, 3.259984492688533 ], [ -74.955299377295191, 3.266599894111727 ], [ -74.792900085766021, 3.423000097599278 ], [ -74.81420135449747, 3.474499940648842 ], [ -74.806701659589365, 3.504499911834961 ], [ -74.763496399020482, 3.544800042716921 ], [ -74.756599426468142, 3.586299895847445 ], [ -74.602203368702291, 3.719700098186723 ], [ -74.571701050340735, 3.807899951934479 ], [ -74.505401611667878, 3.744100093655577 ], [ -74.524398803729085, 3.713599920388883 ], [ -74.512901306158227, 3.69099998520844 ], [ -74.520896911709755, 3.636699914979872 ], [ -74.616500853946789, 3.477099895324896 ], [ -74.636001587117775, 3.273900032529793 ] ] ] } },
{ "type": "Feature", "properties": { "NOMBRE_DPT": "LA GUAJIRA" }, "geometry": { "type": "Polygon", "coordinates": [ [ [ -71.71690368628073, 12.436100005666727 ], [ -71.566398620442712, 12.410599708589551 ], [ -71.517997741798027, 12.365900040183682 ], [ -71.360000610214584, 12.333499908984159 ], [ -71.323097228460526, 12.306200027227412 ], [ -71.215202332144727, 12.101799964943652 ], [ -71.198997497544724, 12.038200378518551 ], [ -71.209396361813774, 12.011099815961771 ], [ -71.28540039053172, 11.939200401309426 ], [ -71.349403381246944, 11.912899970578565 ], [ -71.385101318034913, 11.861100197066126 ], [ -71.435798644940093, 11.825499535090664 ], [ -71.441001891755377, 11.812199592857885 ], [ -71.409301757541201, 11.819600105435883 ], [ -71.419601439929565, 11.789600372872354 ], [ -71.975669860509598, 11.646626471966716 ], [ -72.254219055410886, 11.142976761166478 ], [ -72.350318909285832, 11.154182434408844 ], [ -72.441619872776144, 11.117998122645711 ], [ -72.453605651874497, 11.12563800837094 ], [ -72.501296997437365, 11.088330268518499 ], [ -72.532897949370181, 10.99139976500402 ], [ -72.61579895012089, 10.84959983863987 ], [ -72.679100036729139, 10.673700332159372 ], [ -72.834709167390315, 10.411782264804842 ], [ -72.982200622794522, 10.390800475849607 ], [ -73.096298218344614, 10.426500319958322 ], [ -73.180496215468736, 10.381199837164765 ], [ -73.185096740170877, 10.425700188255821 ], [ -73.216300964843043, 10.447799682582186 ], [ -73.212196350516379, 10.466300010900785 ], [ -73.141403198822275, 10.52840042119486 ], [ -73.122398376544169, 10.593000411836524 ], [ -73.082817077043813, 10.635347366204165 ], [ -73.135818480871748, 10.678346634438707 ], [ -73.154312133828213, 10.666247367276013 ], [ -73.16641235387182, 10.676747322519764 ], [ -73.206817626402312, 10.743846893566644 ], [ -73.228713989014821, 10.752646446435792 ], [ -73.27421569826052, 10.728047371285381 ], [ -73.258712768489289, 10.776447296484506 ], [ -73.282318115808408, 10.856246948478674 ], [ -73.467201233269108, 10.870885848604582 ], [ -73.64070129367299, 10.826800346427964 ], [ -73.678298949586676, 10.937299728093635 ], [ -73.670799255365495, 11.042900085274052 ], [ -73.682998656689307, 11.086299896248319 ], [ -73.680099486988382, 11.126700401824062 ], [ -73.621902466311354, 11.183099746540925 ], [ -73.612701416476099, 11.248299598602069 ], [ -73.368301391154716, 11.259400367514511 ], [ -73.234596252423316, 11.345499992384104 ], [ -73.21559906009756, 11.381199836168005 ], [ -73.049102782849729, 11.486800194245506 ], [ -72.976501464668871, 11.553500175866553 ], [ -72.894325256407086, 11.564075469494977 ], [ -72.861259460678795, 11.58655643478196 ], [ -72.852149963687282, 11.619712830136606 ], [ -72.756401061782469, 11.694100379470944 ], [ -72.590888976619411, 11.749904632598552 ], [ -72.557502746644118, 11.746399879900778 ], [ -72.529373168339234, 11.77772045131587 ], [ -72.457801818410445, 11.775500297364481 ], [ -72.350570678495146, 11.832912445362409 ], [ -72.326400756903297, 11.867899894776096 ], [ -72.285499572927009, 11.878100395280942 ], [ -72.283203124503416, 11.921999930803114 ], [ -72.235397338870868, 11.986499786216536 ], [ -72.188201904005965, 12.090900421736764 ], [ -72.192298888996362, 12.156700134027599 ], [ -72.22630310019332, 12.200200080401784 ], [ -72.025703430060446, 12.231100082205057 ], [ -72.047599792903171, 12.180399895104417 ], [ -72.03949737501236, 12.132399558562122 ], [ -71.994003296451055, 12.139699935635596 ], [ -71.965797424136724, 12.174300194283465 ], [ -71.920196532685509, 12.180999755884537 ], [ -71.956596375118792, 12.249899864615701 ], [ -71.980201721595876, 12.265600203966276 ], [ -72.007896423716304, 12.260499954698174 ], [ -71.927803039238881, 12.336400031675835 ], [ -71.890899657638883, 12.358799934935032 ], [ -71.884597778131678, 12.294099807232456 ], [ -71.82810211196572, 12.330200194874458 ], [ -71.79530334426282, 12.381500244013596 ], [ -71.767601012895199, 12.347900390199941 ], [ -71.755500793525599, 12.377900123821377 ], [ -71.730102539641777, 12.377200126986795 ], [ -71.70529937690678, 12.405400276579499 ], [ -71.735298157011115, 12.400300025926137 ], [ -71.730697632270079, 12.421099662607011 ], [ -71.743400573355942, 12.421699523599225 ], [ -71.794700622720583, 12.399399756993192 ], [ -71.782600403075406, 12.420700073628899 ], [ -71.71690368628073, 12.436100005666727 ] ] ] } },
{ "type": "Feature", "properties": { "NOMBRE_DPT": "MAGDALENA" }, "geometry": { "type": "Polygon", "coordinates": [ [ [ -74.091796875468489, 11.327699661651142 ], [ -74.031898498544507, 11.330900192292427 ], [ -73.860000610183363, 11.253399848424028 ], [ -73.612701416021977, 11.248299598722731 ], [ -73.621902465654344, 11.183099746573614 ], [ -73.680099487155843, 11.126700400986893 ], [ -73.670799255778576, 11.04290008603121 ], [ -73.68460082960695, 10.984100342374607 ], [ -73.640701293734381, 10.826800346824964 ], [ -73.590011597010658, 10.843699455369682 ], [ -73.690902709852239, 10.771499634210912 ], [ -73.602600097471125, 10.747500419808315 ], [ -73.643501281324831, 10.655799866229261 ], [ -73.626701354385503, 10.514800072096707 ], [ -73.656700133929192, 10.503899574616565 ], [ -73.694099426741559, 10.449199675971071 ], [ -73.735099792352429, 10.443599700501156 ], [ -73.747100829493476, 10.4078998561974 ], [ -73.766197204779942, 10.411999702731162 ], [ -73.814002990261358, 10.38389968886492 ], [ -73.906799316731636, 10.379099845900539 ], [ -73.958099365241097, 10.338899612957565 ], [ -74.008796691837276, 10.248999595220955 ], [ -74.071601868153991, 10.187399864708489 ], [ -74.110702514505206, 10.066300391900214 ], [ -74.084098816468895, 10.006699562025402 ], [ -74.023002624772744, 9.931900023825179 ], [ -73.959602356331615, 9.88539981858484 ], [ -73.925498962687357, 9.823499679857678 ], [ -73.862602233930517, 9.773500442824526 ], [ -73.867202758228089, 9.732000351524627 ], [ -73.812400817950774, 9.617400168872905 ], [ -73.809501647994793, 9.582099914986321 ], [ -73.822799682668403, 9.572400093018691 ], [ -74.053298950361011, 9.581999778549651 ], [ -74.156326293404888, 9.47710418757355 ], [ -74.086097716918516, 9.43190002413861 ], [ -73.999603270988047, 9.344400406179197 ], [ -73.964401245133686, 9.257599831181938 ], [ -73.985702514531511, 9.193499564970427 ], [ -73.908401489444373, 9.179900169336193 ], [ -73.886497497888101, 9.110500335655004 ], [ -73.836898803525457, 9.058899878864233 ], [ -73.833999634022135, 9.01439952844161 ], [ -73.877197265680238, 8.956800460815513 ], [ -74.020103454266007, 8.979399681310884 ], [ -74.053001404262943, 9.018799781865294 ], [ -74.095100403225118, 9.001700401696555 ], [ -74.150398254591551, 9.009400367914751 ], [ -74.147598266661305, 9.032500266814969 ], [ -74.195999145274428, 9.05980014771135 ], [ -74.26349639893165, 9.139800071999009 ], [ -74.322898864646589, 9.147000312542298 ], [ -74.308998107842157, 9.173000335662763 ], [ -74.321197510033784, 9.18799972532752 ], [ -74.363800048695708, 9.208999633598289 ], [ -74.424896240015926, 9.191900253407253 ], [ -74.460700988291805, 9.243499756091049 ], [ -74.533897399631613, 9.223600388019133 ], [ -74.679801941022134, 9.397500038194135 ], [ -74.80899810804425, 9.428600310749653 ], [ -74.810798645161825, 9.541799545877414 ], [ -74.77739715575774, 9.600600242975725 ], [ -74.846603393969502, 9.690999984646778 ], [ -74.822998046901361, 9.761400223156699 ], [ -74.891700745129626, 9.906700133784373 ], [ -74.856430054077762, 9.95737171193279 ], [ -74.796302794964205, 9.998076438814643 ], [ -74.796302794886316, 10.023748397446454 ], [ -74.861213684383202, 10.099051475671764 ], [ -74.93551635689694, 10.110350608674393 ], [ -74.950012206990252, 10.130651473729024 ], [ -74.895401000731127, 10.31270027119468 ], [ -74.827400207818243, 10.453399658711913 ], [ -74.743301391386424, 10.562800407435603 ], [ -74.750396729011982, 10.789299964867379 ], [ -74.731399536305076, 10.882800102085417 ], [ -74.772399902112326, 10.922800064551721 ], [ -74.77469635028153, 10.970199584581238 ], [ -74.85257720895315, 11.072692870987803 ], [ -74.750000000539174, 11.04860019694533 ], [ -74.535499572927648, 10.961099625034116 ], [ -74.423103332024084, 10.956000328319741 ], [ -74.320999145764773, 10.974599837858458 ], [ -74.257102966315173, 11.038499831588984 ], [ -74.247901916384976, 11.113499641104578 ], [ -74.269897460877587, 11.209500312503456 ], [ -74.21569824199598, 11.264699936237056 ], [ -74.22319793703943, 11.279800414694122 ], [ -74.205398559372881, 11.303400039287277 ], [ -74.180603027910422, 11.298100471187992 ], [ -74.172500610158949, 11.318799972014315 ], [ -74.131599426432373, 11.325599670868321 ], [ -74.133300781144385, 11.339500427430014 ], [ -74.111396790070486, 11.320899963259825 ], [ -74.10279846210851, 11.34049987792967 ], [ -74.091796875468489, 11.327699661651142 ] ] ] } },
{ "type": "Feature", "properties": { "NOMBRE_DPT": "META" }, "geometry": { "type": "Polygon", "coordinates": [ [ [ -71.085403442387843, 4.860199927522856 ], [ -71.095199584414431, 2.845500707381436 ], [ -71.122802733797712, 2.837500095270174 ], [ -71.151702881308083, 2.852699994611954 ], [ -71.166603088972821, 2.835999965225437 ], [ -71.204101562315756, 2.849999905136227 ], [ -71.259399414696432, 2.833499908214925 ], [ -71.289398193363027, 2.838200092531286 ], [ -71.323997498018926, 2.877599954427684 ], [ -71.368400572885847, 2.833300113773086 ], [ -71.381698608056666, 2.850199938469653 ], [ -71.395500183666144, 2.816099882279785 ], [ -71.476196289992856, 2.84940004421481 ], [ -71.496398924931, 2.826400042063718 ], [ -71.551696776708951, 2.834700108337424 ], [ -71.596702575683565, 2.811199904110048 ], [ -71.677902221088928, 2.807499886397975 ], [ -71.676200866425532, 2.826499939853094 ], [ -71.730400084774701, 2.823899985120336 ], [ -71.782302856665552, 2.858200072947608 ], [ -71.786903380675923, 2.81369996020182 ], [ -71.814598083572605, 2.822499990448147 ], [ -71.834701538741797, 2.806400061012073 ], [ -72.005897522698902, 2.769599914037253 ], [ -72.03240203838709, 2.792200089005991 ], [ -72.108497620081167, 2.808700085251558 ], [ -72.149497984949136, 2.856300115585458 ], [ -72.221000672299056, 2.828799963852028 ], [ -72.205299377264453, 2.728800057740128 ], [ -72.275703430710337, 2.77710008606315 ], [ -72.291198730674793, 2.751100064110096 ], [ -72.364402771619552, 2.74510002133194 ], [ -72.45429992734995, 2.679600000861263 ], [ -72.530403137955673, 2.681699990761655 ], [ -72.560997009436988, 2.636199951568277 ], [ -72.619201659952139, 2.635799885078805 ], [ -72.589797973239143, 2.591200113000965 ], [ -72.66069793651927, 2.596699952941377 ], [ -72.683097839129729, 2.551800012120685 ], [ -72.697601318823942, 2.595700025128089 ], [ -72.723503113720767, 2.602799892394385 ], [ -72.753997802415384, 2.550299883012884 ], [ -72.81279754565314, 2.583499908331503 ], [ -72.90619659380576, 2.546400071111824 ], [ -72.973602295425081, 2.488300085837257 ], [ -72.937896729127843, 2.455199956914667 ], [ -72.937797546564141, 2.444200038099127 ], [ -72.985099792738836, 2.449100017488066 ], [ -72.964897156564433, 2.388900041710741 ], [ -73.00640106274561, 2.424299955121274 ], [ -73.036399840865556, 2.403100013204077 ], [ -73.076202393245339, 2.411299944799222 ], [ -73.121101378447023, 2.364700078352667 ], [ -73.15920257634113, 2.385099887141902 ], [ -73.14299774140369, 2.357899903553835 ], [ -73.177597046523687, 2.349400042601445 ], [ -73.182197571740105, 2.37879991572558 ], [ -73.223701477852174, 2.368599892403459 ], [ -73.230697632025709, 2.384799957038662 ], [ -73.280799865239416, 2.357899904905517 ], [ -73.253700256633067, 2.349100113515581 ], [ -73.262901306485176, 2.332999945372626 ], [ -73.346496581617913, 2.327500104433271 ], [ -73.369003296398333, 2.310300111680711 ], [ -73.362602234060276, 2.335099935088224 ], [ -73.384002686066069, 2.342099904878365 ], [ -73.395500183039061, 2.305799960553935 ], [ -73.412200927296965, 2.330699921365878 ], [ -73.447402953213199, 2.32159995949917 ], [ -73.456596373720203, 2.365600109757067 ], [ -73.476799011196448, 2.361599922239309 ], [ -73.464698791761123, 2.332099914535114 ], [ -73.478500366556005, 2.317699908252944 ], [ -73.493499755418085, 2.34139990816108 ], [ -73.533302307233214, 2.323100089677082 ], [ -73.548797608211856, 2.365400075012128 ], [ -73.577102660230551, 2.331399917862609 ], [ -73.60530090311957, 2.365600108414768 ], [ -73.648002624609461, 2.332900046579719 ], [ -73.633003233964359, 2.31660008506991 ], [ -73.660202025698823, 1.610900043884768 ], [ -73.7899017325514, 1.606199980081372 ], [ -73.89659881607848, 1.573199986681393 ], [ -73.985298157519324, 1.575799942702392 ], [ -74.046997070209031, 1.601500033745092 ], [ -74.093200683452352, 1.647300004642106 ], [ -74.140502928967521, 1.658499955731206 ], [ -74.223503112030912, 1.764000057719531 ], [ -74.274803161641699, 1.784999965851604 ], [ -74.472000122154896, 1.806599974592464 ], [ -74.540603638541356, 1.866999984335756 ], [ -74.631202698627249, 2.037800073365934 ], [ -74.631301879274076, 2.170000077011084 ], [ -74.661903381518343, 2.249900102621359 ], [ -74.695503234555829, 2.518599987755733 ], [ -74.672996520143386, 2.575700044294232 ], [ -74.605102539305904, 2.667799948721607 ], [ -74.604598998169692, 2.766599894212781 ], [ -74.667396545836723, 2.819400071662911 ], [ -74.920600891113622, 2.944099903511402 ], [ -74.845703125622137, 3.056400060711347 ], [ -74.729301452772248, 3.115400075247605 ], [ -74.710296629977037, 3.187000037064124 ], [ -74.636001585975777, 3.273900032385997 ], [ -74.6165008550376, 3.477099895819737 ], [ -74.559997559298722, 3.560100078354335 ], [ -74.516899109016819, 3.665600061994497 ], [ -74.481101989260239, 3.655600070019524 ], [ -74.437896727995451, 3.675699949860166 ], [ -74.417198181685393, 3.726999997995446 ], [ -74.329597474050587, 3.820199966739331 ], [ -74.327301025427701, 3.868099927816274 ], [ -74.276100159237828, 3.917000055541017 ], [ -74.238601685024051, 3.985599995188669 ], [ -74.215599060939851, 4.003399849273381 ], [ -74.11409759616204, 4.020899773476569 ], [ -74.03919983004387, 4.088699817567171 ], [ -73.929100035924563, 4.100399971538485 ], [ -73.764297484812701, 4.200200080992503 ], [ -73.791496277297426, 4.248899936154209 ], [ -73.810501098849983, 4.352900028164391 ], [ -73.835296631579439, 4.376100063690394 ], [ -73.823303222602206, 4.415900229564368 ], [ -73.755897522598801, 4.486700057621499 ], [ -73.709701538421243, 4.503200054080033 ], [ -73.683197021933495, 4.467299937466768 ], [ -73.668197632273234, 4.47529983467753 ], [ -73.603599548128102, 4.44560003332282 ], [ -73.608200072905731, 4.377500057886501 ], [ -73.578201294456747, 4.331099987288972 ], [ -73.574203491609566, 4.284900188014054 ], [ -73.551696776964405, 4.263999938931645 ], [ -73.454803466769405, 4.265299797427552 ], [ -73.4161987301853, 4.284800053577521 ], [ -73.251899720089909, 4.248899935962722 ], [ -73.145797729626793, 4.190700054707589 ], [ -73.072303772810955, 4.66639995577858 ], [ -72.869796753230389, 4.397500038057689 ], [ -72.848999022633066, 4.395699977424866 ], [ -72.849601746345257, 4.373099804250758 ], [ -72.81330108605944, 4.365499974017368 ], [ -72.82360076851667, 4.347599983901825 ], [ -72.81379699769586, 4.323299885436567 ], [ -72.780998229497911, 4.305300235833875 ], [ -72.767700194785903, 4.265900135249536 ], [ -72.72499847399456, 4.247300148701156 ], [ -72.710601807338676, 4.270299912304347 ], [ -72.636299132439092, 4.282700061282629 ], [ -72.595298766607272, 4.27209997267032 ], [ -72.563102722755204, 4.315299987765078 ], [ -72.493301391678074, 4.287300110162768 ], [ -72.465103149916857, 4.309100151515016 ], [ -72.401100158350204, 4.301899909736672 ], [ -72.331901549933505, 4.359399795769876 ], [ -72.262199401576851, 4.390299797357142 ], [ -72.101402282551035, 4.398900031727372 ], [ -72.061599732304543, 4.34560012748985 ], [ -71.983802796348442, 4.3666000357733 ], [ -71.813201903771358, 4.5328001972021 ], [ -71.640899658561153, 4.5939002045329 ], [ -71.573501586356329, 4.648499965253063 ], [ -71.194900512479748, 4.796500206194492 ], [ -71.085403442387843, 4.860199927522856 ] ] ] } },
{ "type": "Feature", "properties": { "NOMBRE_DPT": "NARIÑO" }, "geometry": { "type": "Polygon", "coordinates": [ [ [ -77.983596801749442, 2.577399968856929 ], [ -77.774803161709144, 2.32179999399937 ], [ -77.768997192920523, 2.274399995841095 ], [ -77.748802185262633, 2.253000021123411 ], [ -77.629997253807403, 2.188400029970782 ], [ -77.400001525589872, 2.211699962265679 ], [ -77.363601685059464, 2.089600085691301 ], [ -77.341201782293709, 2.084899901827276 ], [ -77.323303222134783, 2.10850000355117 ], [ -77.304298400452339, 2.108500004064642 ], [ -77.287498473806977, 2.009000062448695 ], [ -77.24079895026712, 1.960899949571051 ], [ -77.240798950702953, 1.936599969760598 ], [ -77.327201843599909, 1.820899963686065 ], [ -77.324798583641652, 1.749300003192727 ], [ -77.364601135036565, 1.692199945251512 ], [ -77.352996826084208, 1.67369997491388 ], [ -77.252098083205325, 1.66059994737064 ], [ -77.187599182586638, 1.678799986470189 ], [ -77.121299743222536, 1.675099968591745 ], [ -77.065399169817368, 1.689299940806287 ], [ -77.073997498072686, 1.698500037402616 ], [ -77.046997070151576, 1.716300010130792 ], [ -76.836502075278077, 1.596500038701463 ], [ -76.820297241683377, 1.569200038982989 ], [ -76.819702148858426, 1.518399954063427 ], [ -76.86640167235268, 1.424999952487737 ], [ -76.833999634061271, 1.357900023811582 ], [ -76.851898193794625, 1.311800003316046 ], [ -76.965400696107736, 1.242900014076091 ], [ -77.095703124815259, 1.205899953826251 ], [ -77.113502502153892, 1.185799956532121 ], [ -77.098396301514015, 0.924600005235152 ], [ -77.061500548952438, 0.867299973583923 ], [ -77.064300537515592, 0.805499971345014 ], [ -77.030799865455151, 0.661499976902248 ], [ -77.1604995732704, 0.624499976920844 ], [ -77.134498596617178, 0.582199990571708 ], [ -77.150596618777698, 0.529699981301032 ], [ -77.107902526842423, 0.447499990606583 ], [ -77.113601684732984, 0.359200000766294 ], [ -77.179901123590241, 0.357699990681094 ], [ -77.23760223411648, 0.336600005626353 ], [ -77.358596801415686, 0.375200003197242 ], [ -77.408203125319716, 0.353500008258152 ], [ -77.447998046992581, 0.359400004156325 ], [ -77.523002624687592, 0.488599985265677 ], [ -77.520202636924722, 0.590799987825688 ], [ -77.548400879451776, 0.625599979988885 ], [ -77.654502868919721, 0.665300011925421 ], [ -77.698898315051295, 0.708199977378158 ], [ -77.679397582991143, 0.797699987488365 ], [ -77.690902709736605, 0.825399995020596 ], [ -77.737113953162535, 0.836718618842725 ], [ -77.918601989217436, 0.786499977320835 ], [ -78.021202086921363, 0.806599974335284 ], [ -78.165397643427156, 0.901899993421836 ], [ -78.298599243511219, 1.018599986477831 ], [ -78.405899047412888, 1.047899961469865 ], [ -78.42369842552327, 1.08319997823784 ], [ -78.523498535242183, 1.17840003976015 ], [ -78.638198852149074, 1.19679999366883 ], [ -78.690200805493831, 1.265699982929655 ], [ -78.720100402032543, 1.266399979370427 ], [ -78.758796691518995, 1.326699972605998 ], [ -78.905296325837242, 1.452100038944122 ], [ -78.911697387346479, 1.487900019078264 ], [ -78.956596374421579, 1.48399996734474 ], [ -78.968696593670245, 1.517600060061431 ], [ -79.071403503218804, 1.606400012717609 ], [ -79.07309722892839, 1.643900036388335 ], [ -78.923400878222708, 1.827000022462836 ], [ -78.658798217195425, 1.78489995008653 ], [ -78.609199523761959, 1.796200037134117 ], [ -78.600601195788784, 1.904199958289174 ], [ -78.608703612776068, 1.919299960682365 ], [ -78.641502379725011, 1.921100020971331 ], [ -78.640403747558096, 1.998499989991654 ], [ -78.669296263913338, 2.03620004643317 ], [ -78.718299865577194, 2.02480006159856 ], [ -78.723503112148506, 2.045099973492818 ], [ -78.711997985563343, 2.146100043735678 ], [ -78.673400879197771, 2.138499975720006 ], [ -78.619796752897159, 2.152100086155233 ], [ -78.607696533466878, 2.222500086351475 ], [ -78.646301269021833, 2.230200051747284 ], [ -78.672302246164378, 2.327899932410636 ], [ -78.606697082658783, 2.481899976705108 ], [ -78.524902343109403, 2.527100086319147 ], [ -78.464401244892954, 2.592700004585913 ], [ -78.38009643588677, 2.458400011601389 ], [ -78.391098022337403, 2.495399952084831 ], [ -78.365196227684564, 2.581399917914439 ], [ -78.350799560409868, 2.583600044032475 ], [ -78.345001221072465, 2.549499988262572 ], [ -78.33350372342673, 2.552299975833543 ], [ -78.274200439527817, 2.623100042130131 ], [ -78.264396667306741, 2.658900022829962 ], [ -78.22290039087332, 2.677799939647588 ], [ -78.181999205964317, 2.677599906788848 ], [ -78.145599365738292, 2.564800024291669 ], [ -78.040199279870876, 2.679899930951112 ], [ -77.983596801749442, 2.577399968856929 ] ] ] } },
{ "type": "Feature", "properties": { "NOMBRE_DPT": "NORTE DE SANTANDER" }, "geometry": { "type": "Polygon", "coordinates": [ [ [ -73.008003234979199, 9.163999556992911 ], [ -73.017799377602614, 9.117300033940662 ], [ -72.968200683383458, 9.069100380016733 ], [ -72.863296509003504, 9.108599662646968 ], [ -72.836196898868423, 9.073800087522297 ], [ -72.80789947467953, 9.068499564907796 ], [ -72.690002440910988, 8.589099884036322 ], [ -72.652603149493146, 8.580900192327274 ], [ -72.429901122948777, 8.328700066044973 ], [ -72.407302855844549, 8.164500235919672 ], [ -72.408401488842287, 7.994699954432165 ], [ -72.424499511687571, 7.965300083149052 ], [ -72.450996399411665, 7.960199832750603 ], [ -72.50810241656977, 7.902100085862519 ], [ -72.480903625852562, 7.832699775929586 ], [ -72.522903442035243, 7.705800056807029 ], [ -72.516502379917668, 7.583300113574655 ], [ -72.498596191781473, 7.540500163523419 ], [ -72.514701842919578, 7.488599777089119 ], [ -72.481300354362233, 7.450900078029799 ], [ -72.458198547401182, 7.385499953916721 ], [ -72.391296386354355, 7.36040020004194 ], [ -72.267402648972251, 7.378399849169443 ], [ -72.199302673555195, 7.349199771790837 ], [ -72.210197448553785, 7.248199939180939 ], [ -72.090202331595449, 7.014900207811738 ], [ -72.212997436218188, 7.027500152986283 ], [ -72.274101256739698, 6.9654002187086 ], [ -72.286201476494341, 6.964300155532895 ], [ -72.290199279685808, 6.992599964722257 ], [ -72.307502747046001, 6.992700099514056 ], [ -72.370903015461778, 6.887300014235449 ], [ -72.423301697136026, 6.857399940492012 ], [ -72.518402099083474, 6.892499923969275 ], [ -72.584701538399059, 6.886400222709677 ], [ -72.57499694847867, 6.940700054078097 ], [ -72.606697082281045, 6.982399940958693 ], [ -72.710998535331115, 6.970099925940878 ], [ -72.71620178226263, 6.988100051895485 ], [ -72.794601440896699, 6.997600078054748 ], [ -72.825202942239173, 7.028399944401877 ], [ -72.872497558003005, 7.033199786875988 ], [ -72.90709686291332, 7.056399822735522 ], [ -72.866798400582681, 7.15910005571924 ], [ -72.907699585557864, 7.236700057569625 ], [ -72.863998412945037, 7.316199779838534 ], [ -72.900299071888881, 7.34980010970769 ], [ -72.955101012906979, 7.467899799161512 ], [ -72.995498657341372, 7.497499943330802 ], [ -73.030792236584645, 7.603397369421113 ], [ -73.06359863294135, 7.615099907091938 ], [ -73.089500426988508, 7.598400116069835 ], [ -73.263000488376406, 7.599699974338844 ], [ -73.284896850403001, 7.548999786920134 ], [ -73.31490325875842, 7.517399787312214 ], [ -73.335601806747775, 7.518599986988789 ], [ -73.423362731698518, 7.562487125339607 ], [ -73.476898193271794, 7.557899952489724 ], [ -73.537399291903128, 7.581299781320799 ], [ -73.610099792218378, 7.684400081393091 ], [ -73.649887084905288, 7.708443164331064 ], [ -73.601501464780853, 7.719600200608774 ], [ -73.508102417153097, 7.684500217221157 ], [ -73.43370056187571, 7.694600105195709 ], [ -73.419296264335856, 7.737299918760477 ], [ -73.368103027033783, 7.794300079369878 ], [ -73.375000000248249, 7.87519979536909 ], [ -73.316200256193937, 7.90089988686313 ], [ -73.303596496717859, 7.936699866871374 ], [ -73.327301024955887, 7.998600005762877 ], [ -73.411399841747865, 8.035300254946826 ], [ -73.417198180586624, 8.08619975997718 ], [ -73.405006408610504, 8.098183631629352 ], [ -73.432800292723897, 8.122599602068528 ], [ -73.425399780552482, 8.198800086598959 ], [ -73.405197143607595, 8.222399711163824 ], [ -73.361000061000368, 8.371212006157291 ], [ -73.369598388518241, 8.414099693094967 ], [ -73.433059692643667, 8.426668166930279 ], [ -73.42659759556588, 8.341500282470786 ], [ -73.480201721620489, 8.307100295594596 ], [ -73.523498535688347, 8.370800018163745 ], [ -73.49469757088572, 8.417499542289249 ], [ -73.48889923119178, 8.471699714101181 ], [ -73.522399901851742, 8.470700264577792 ], [ -73.528701782276656, 8.494400024863054 ], [ -73.550598144407218, 8.502599716709961 ], [ -73.559303284156371, 8.540800095047285 ], [ -73.547302245734102, 8.642999649553454 ], [ -73.470596313901993, 8.689399718686964 ], [ -73.476997376006494, 8.715999603395744 ], [ -73.436096191849572, 8.786299705128043 ], [ -73.45169830358796, 8.963700294120699 ], [ -73.427001953450883, 9.124799728981699 ], [ -73.371101379978313, 9.148799895785139 ], [ -73.293296813924087, 9.13350009933486 ], [ -73.234497070433108, 9.149999617971488 ], [ -73.170600890572743, 9.195899962894959 ], [ -73.126800537376482, 9.20730018655051 ], [ -73.104301452293171, 9.245300292611335 ], [ -73.051902770522119, 9.266500473021148 ], [ -73.021301269295165, 9.224200248184577 ], [ -73.008003234979199, 9.163999556992911 ] ] ] } },
{ "type": "Feature", "properties": { "NOMBRE_DPT": "QUINDIO" }, "geometry": { "type": "Polygon", "coordinates": [ [ [ -75.745903015072003, 4.708700180053866 ], [ -75.501502990856551, 4.670199871111365 ], [ -75.419609069797389, 4.702723026240006 ], [ -75.373497009403636, 4.645400047360482 ], [ -75.515197753947973, 4.55760002139171 ], [ -75.56020355227507, 4.508100032715115 ], [ -75.608001709090374, 4.420499801733048 ], [ -75.63040161139925, 4.303899765029167 ], [ -75.682800293015646, 4.197899818316934 ], [ -75.719596862702943, 4.143099784850635 ], [ -75.758796691856205, 4.136400222840672 ], [ -75.80269622811393, 4.19780015950079 ], [ -75.826896667380666, 4.277599811636753 ], [ -75.824096679756693, 4.365399837414265 ], [ -75.865097045892099, 4.425099849814323 ], [ -75.872001647830245, 4.523300170963124 ], [ -75.902000427163742, 4.592100143542384 ], [ -75.879600524762211, 4.622700214520802 ], [ -75.744102478168728, 4.629600047991844 ], [ -75.745903015072003, 4.708700180053866 ] ] ] } },
{ "type": "Feature", "properties": { "NOMBRE_DPT": "RISARALDA" }, "geometry": { "type": "Polygon", "coordinates": [ [ [ -75.886505126992816, 5.475137710532927 ], [ -75.894996642996219, 5.352799892480567 ], [ -75.810798644967392, 5.378499984700807 ], [ -75.733596801973462, 5.381000041974281 ], [ -75.714500427409774, 5.331900119576309 ], [ -75.678199768160397, 5.325900077667719 ], [ -75.734703063831944, 5.25220012666418 ], [ -75.80269622799095, 5.275599956432161 ], [ -75.867301940979218, 5.273600101347483 ], [ -75.848800659318314, 5.196100234992461 ], [ -75.885597228965437, 5.112500190932113 ], [ -75.902900695840401, 5.107999801586311 ], [ -75.918502807630858, 5.12480020539684 ], [ -75.953102111865277, 5.112800121360261 ], [ -75.953895569013923, 5.033854007864504 ], [ -75.921302795488927, 4.954999923824105 ], [ -75.900550842359337, 4.944450378487415 ], [ -75.906799316555549, 4.920800209038023 ], [ -75.811698913490616, 4.917500019231142 ], [ -75.841697692736517, 4.952899932628096 ], [ -75.831398010463303, 4.989799976410725 ], [ -75.784103393365754, 5.03240013134991 ], [ -75.747802734286068, 4.934599876613822 ], [ -75.722999572736356, 4.921800136496513 ], [ -75.688400268326177, 4.928599834237707 ], [ -75.678596496374979, 4.95909976973077 ], [ -75.638801574482073, 4.926599979576236 ], [ -75.548301696728188, 4.921100139839661 ], [ -75.497497558826879, 4.891399860312693 ], [ -75.413299560517288, 4.805500030571696 ], [ -75.419609069916802, 4.70272302642963 ], [ -75.516998291241933, 4.670199871101284 ], [ -75.879096984741253, 4.722599983104021 ], [ -75.889999389808651, 4.765999793813769 ], [ -75.93379974356877, 4.751699924274932 ], [ -75.958099365065195, 4.761000156532539 ], [ -75.967300415140755, 4.796899795425084 ], [ -75.94889831556263, 4.859799861795996 ], [ -76.005401611208555, 4.850800037276265 ], [ -76.017501830927387, 4.895299911496792 ], [ -76.056098938216195, 4.923799991733784 ], [ -76.083801269555295, 4.973599910805874 ], [ -76.177200317356395, 4.963500022986383 ], [ -76.249900818084257, 5.025700092193572 ], [ -76.289703369315205, 5.145999908290722 ], [ -76.358398437304842, 5.233500003745712 ], [ -76.355003357172635, 5.277400016546482 ], [ -76.315200805870845, 5.289899826199109 ], [ -76.276603698580388, 5.349199771935839 ], [ -76.163597106791855, 5.395599842043895 ], [ -76.11519622822432, 5.443299770558608 ], [ -76.017303466865002, 5.471799850597637 ], [ -75.886505126992816, 5.475137710532927 ] ] ] } },
{ "type": "Feature", "properties": { "NOMBRE_DPT": "SANTANDER" }, "geometry": { "type": "Polygon", "coordinates": [ [ [ -73.818977356400467, 8.12055397033726 ], [ -73.788497925329082, 8.116600036998751 ], [ -73.800598144383386, 8.071000098617482 ], [ -73.75559997604185, 7.997499942932276 ], [ -73.758399962878812, 7.96460008584576 ], [ -73.704803467102906, 7.913499832413017 ], [ -73.764701843582571, 7.808100223867997 ], [ -73.760597228785528, 7.770500183058951 ], [ -73.778503418063565, 7.722000122501203 ], [ -73.64299774158205, 7.707600116462983 ], [ -73.561096190969536, 7.625800132646701 ], [ -73.537399292021007, 7.581299782396314 ], [ -73.476898193548152, 7.557899951819675 ], [ -73.423362732474885, 7.562487125688321 ], [ -73.335601806849255, 7.51859998743318 ], [ -73.31490325891437, 7.517399788084047 ], [ -73.284896851001136, 7.548999786480422 ], [ -73.263000488688022, 7.59969997378851 ], [ -73.089500427012695, 7.598400115839267 ], [ -73.06359863241444, 7.615099906698388 ], [ -73.030792236693131, 7.603397369316781 ], [ -72.995498657201423, 7.497499943191147 ], [ -72.955101012712603, 7.467899799116866 ], [ -72.900299072749419, 7.349800110323224 ], [ -72.863998413481553, 7.316199779766796 ], [ -72.907699584949597, 7.236700057949631 ], [ -72.866798400961329, 7.159100056008063 ], [ -72.907096862904098, 7.056399822036913 ], [ -72.872497559028844, 7.033199787536443 ], [ -72.825202941748273, 7.028399944449346 ], [ -72.794601440295565, 6.997600079107872 ], [ -72.71620178271823, 6.988100052236859 ], [ -72.710998534724737, 6.970099925779247 ], [ -72.606697082276952, 6.98239994011961 ], [ -72.574996948136103, 6.940700053709842 ], [ -72.584701537701903, 6.886400223313551 ], [ -72.531097412115301, 6.894299983508501 ], [ -72.516098022763742, 6.781000137284148 ], [ -72.525802611929748, 6.62099981351676 ], [ -72.570098876360902, 6.550799846535966 ], [ -72.567832946843467, 6.470466137399548 ], [ -72.643302917310038, 6.419400215287638 ], [ -72.685302734898784, 6.412600040645039 ], [ -72.748802184728476, 6.522099971776596 ], [ -72.801902771545741, 6.566800117034875 ], [ -72.838699341082048, 6.536900043052161 ], [ -72.75679779061187, 6.423299789134481 ], [ -72.789001465438119, 6.231100082991034 ], [ -72.979698181506194, 6.032599925561471 ], [ -73.013099671002152, 5.974999904072896 ], [ -73.08920288089179, 5.95109987209509 ], [ -73.236701964879103, 5.977099895869425 ], [ -73.302398681413578, 5.850900172955974 ], [ -73.387702941432408, 5.824100017282323 ], [ -73.429702758540287, 5.740499972978514 ], [ -73.497802734954988, 5.845300197758286 ], [ -73.48169708292555, 5.842400073907341 ], [ -73.45110321097367, 5.875699997543424 ], [ -73.402801514002078, 5.968500137230473 ], [ -73.440803527677559, 6.045499801436432 ], [ -73.533096313155198, 6.094399929412442 ], [ -73.630401611749221, 5.946400164998521 ], [ -73.637199402142983, 5.743700027992686 ], [ -73.676399230795752, 5.705699920654216 ], [ -73.715599059892043, 5.751500130052355 ], [ -73.766998290608427, 5.761499882150161 ], [ -73.822303772418309, 5.735799789835274 ], [ -73.882202148968105, 5.729700088826171 ], [ -73.902999877494651, 5.706099986699275 ], [ -73.913902282796059, 5.72060012791128 ], [ -73.998100280537855, 5.722099781422664 ], [ -74.027496337297464, 5.778200150062963 ], [ -74.10710143983286, 5.799399852586444 ], [ -74.111099243726542, 5.832300186298115 ], [ -74.135398865047904, 5.851500034395742 ], [ -74.202796936202702, 5.881199836813139 ], [ -74.250602721569791, 5.835800170344391 ], [ -74.261100769645054, 5.920700073353653 ], [ -74.291099548838162, 5.941699982177203 ], [ -74.29229736301231, 6.0496997836518 ], [ -74.321098328110338, 6.057899952512645 ], [ -74.351600646752317, 6.029699802922245 ], [ -74.389099121663065, 6.022399902696306 ], [ -74.464103699329883, 6.056700229272372 ], [ -74.50559997538636, 6.192100047476846 ], [ -74.551788329774752, 6.247377872294368 ], [ -74.44750213676501, 6.366899967591665 ], [ -74.394500732356192, 6.386899947949123 ], [ -74.417602539625179, 6.422800064410561 ], [ -74.444198608851977, 6.530900001857286 ], [ -74.418197632341474, 6.575799942546603 ], [ -74.185401916709139, 6.722700118986299 ], [ -74.145698547780128, 6.757199764237884 ], [ -74.113403319980321, 6.824100017787894 ], [ -74.0085983281447, 6.907999991899538 ], [ -73.953201294421973, 6.929100036185099 ], [ -73.896202087870222, 6.99240016899227 ], [ -73.940101623600953, 7.083899974682455 ], [ -73.958602904875292, 7.275100231750325 ], [ -73.927001952689466, 7.380700111120746 ], [ -73.93399810815626, 7.470900059306429 ], [ -73.895401001038522, 7.507100105309469 ], [ -73.856796264683965, 7.581399917059636 ], [ -73.824600219508596, 7.743599891494001 ], [ -73.848297119681789, 7.864399909684849 ], [ -73.890403747677766, 7.976099968139943 ], [ -73.888198853090827, 8.057000160051189 ], [ -73.818977356400467, 8.12055397033726 ] ] ] } },
{ "type": "Feature", "properties": { "NOMBRE_DPT": "SUCRE" }, "geometry": { "type": "Polygon", "coordinates": [ [ [ -75.483100891439733, 9.884900093188929 ], [ -75.438201904713949, 9.887000084042887 ], [ -75.337799072551377, 9.853699683731552 ], [ -75.341201781991089, 9.769300461028479 ], [ -75.39189910923794, 9.666199684055115 ], [ -75.377502441416468, 9.618700027717518 ], [ -75.360801696670791, 9.628499985096427 ], [ -75.364196777517591, 9.664299965172139 ], [ -75.251800537293974, 9.675999641796308 ], [ -75.197097778788432, 9.657299995020361 ], [ -75.121498107583449, 9.573800087435551 ], [ -75.043098449613453, 9.548000335819177 ], [ -75.002098083337387, 9.513199806589961 ], [ -74.930000305335938, 9.409500122530764 ], [ -74.917213439625854, 9.212078094624079 ], [ -74.843399048085885, 9.07180023202114 ], [ -74.799499511627175, 9.02890014673625 ], [ -74.696296692193314, 8.987400055317533 ], [ -74.601699829532251, 8.861700058301642 ], [ -74.575103760015622, 8.770899772241021 ], [ -74.624099731493686, 8.724300384462531 ], [ -74.625801086583664, 8.701800346440864 ], [ -74.595802307152638, 8.52659988365056 ], [ -74.566902160737754, 8.484299659416465 ], [ -74.558799743796783, 8.417300224663629 ], [ -74.587600707599748, 8.362000465719825 ], [ -74.621002197683424, 8.370800018442241 ], [ -74.630798339978554, 8.314800262901304 ], [ -74.675697326888667, 8.280300139994601 ], [ -74.712600708363709, 8.287400245642532 ], [ -74.773101806716539, 8.249500274658132 ], [ -74.800300597897177, 8.290699958669789 ], [ -74.807800292578051, 8.365799903747883 ], [ -74.876403808605801, 8.401900290994478 ], [ -74.900596618618962, 8.444700241319103 ], [ -75.0436019898398, 8.476499557520579 ], [ -75.049400329582994, 8.451100349503056 ], [ -75.157699585215354, 8.381099700459673 ], [ -75.217102050914377, 8.410200119009122 ], [ -75.197502136557858, 8.466799735787543 ], [ -75.209701538463051, 8.484700202694293 ], [ -75.301902771439714, 8.48400020631003 ], [ -75.326103210415269, 8.501399994269317 ], [ -75.322700500270997, 8.559100151237621 ], [ -75.367698669114944, 8.720499992492783 ], [ -75.34349823001034, 8.751600265725495 ], [ -75.404098511024898, 8.823499679388506 ], [ -75.400703429816502, 8.836700439882938 ], [ -75.368400573403605, 8.835399627404499 ], [ -75.326301574959501, 8.86009979235792 ], [ -75.209899902409148, 8.864800452729815 ], [ -75.215103149867957, 8.970499992311264 ], [ -75.247398376635886, 9.05329990370009 ], [ -75.305702209728508, 9.057600021614784 ], [ -75.333900451657044, 9.116600036917889 ], [ -75.355903625440675, 9.130499839496323 ], [ -75.425598144593224, 9.130800247168708 ], [ -75.424499511980642, 9.164299964639715 ], [ -75.470596313144881, 9.17720031758633 ], [ -75.466598510886655, 9.239600181285315 ], [ -75.520797729365412, 9.227100372295084 ], [ -75.623397827268889, 9.302599907324034 ], [ -75.655700683945625, 9.295299529560916 ], [ -75.681701660590619, 9.33180046113155 ], [ -75.701797485531813, 9.329000472721749 ], [ -75.686302185198642, 9.362400054912978 ], [ -75.704200744412461, 9.402299880910363 ], [ -75.652297973807705, 9.420000076283923 ], [ -75.575798034523473, 9.593000411710236 ], [ -75.616699218549172, 9.684399605051661 ], [ -75.704399109219807, 9.706700325098415 ], [ -75.675003051437614, 9.723899840990553 ], [ -75.634696960782819, 9.786700249126197 ], [ -75.63069915816935, 9.846199989127008 ], [ -75.586303710780427, 9.955800056848664 ], [ -75.540199279609254, 9.989700317611454 ], [ -75.546600342131882, 10.052700043156051 ], [ -75.586997986240789, 10.070199966341315 ], [ -75.58409881567384, 10.082300186123824 ], [ -75.553001404273999, 10.086799621621902 ], [ -75.51319885238992, 10.120100021362989 ], [ -75.525901794822687, 10.041000366638309 ], [ -75.478599548169683, 9.994600296410328 ], [ -75.470497131185127, 9.934499740728814 ], [ -75.483100891439733, 9.884900093188929 ] ] ] } },
{ "type": "Feature", "properties": { "NOMBRE_DPT": "TOLIMA" }, "geometry": { "type": "Polygon", "coordinates": [ [ [ -74.891296387042217, 5.291500091552333 ], [ -74.76570129398614, 5.272999763806494 ], [ -74.759300232021303, 5.257400035493083 ], [ -74.759300231506529, 5.1880998616079 ], [ -74.742500304849131, 5.149899959929426 ], [ -74.765762329382, 4.997966766464255 ], [ -74.740097045866122, 4.967299938497578 ], [ -74.77700042726218, 4.948400020675483 ], [ -74.759101867308956, 4.924099922482752 ], [ -74.763702392511959, 4.872700213848129 ], [ -74.782203674425659, 4.866399764963122 ], [ -74.783302306877786, 4.768199920574667 ], [ -74.850097656817042, 4.716000080630457 ], [ -74.826400756407367, 4.646599769751168 ], [ -74.845397948862569, 4.557700157588709 ], [ -74.824600219381921, 4.491700172503458 ], [ -74.918403626011113, 4.266300201280738 ], [ -74.907997131402354, 4.252399921182962 ], [ -74.825103760043604, 4.27689981498233 ], [ -74.807197570950805, 4.244999886056263 ], [ -74.748901366959501, 4.225699901295273 ], [ -74.72119903511576, 4.197299957267505 ], [ -74.680900573272893, 4.198900222460286 ], [ -74.610801696883939, 4.252865791402626 ], [ -74.544296264765862, 4.224899768562948 ], [ -74.503303527838213, 4.108600140113192 ], [ -74.540100097177827, 4.037099837834214 ], [ -74.534400940467066, 3.992599963750513 ], [ -74.55280303932571, 3.963799953378167 ], [ -74.529701232937512, 3.894399881805901 ], [ -74.602203369701442, 3.719700097694403 ], [ -74.756599426279706, 3.586299896524435 ], [ -74.763496398750576, 3.544800043484338 ], [ -74.806701659880815, 3.504499911789305 ], [ -74.814201354816845, 3.474499941020965 ], [ -74.792900084953487, 3.423000097084322 ], [ -74.955299377242952, 3.266599893817792 ], [ -75.030281067199468, 3.259984493616439 ], [ -75.099403381775687, 3.28279995907782 ], [ -75.103500366710463, 3.301300049268179 ], [ -75.041297912254137, 3.364500045226011 ], [ -75.076499938910402, 3.430000067331319 ], [ -75.194099425987929, 3.394099950612845 ], [ -75.214767456309048, 3.365826606343905 ], [ -75.236701965505986, 3.395400046755785 ], [ -75.25859832721774, 3.395499944490983 ], [ -75.289100647546164, 3.354599952959326 ], [ -75.339302062777577, 3.391799926823485 ], [ -75.39579772910902, 3.386800050798197 ], [ -75.410797119651363, 3.354500054904648 ], [ -75.462097168142364, 3.331099987242972 ], [ -75.481101989591281, 3.299999952439747 ], [ -75.535202026811433, 3.277100085923234 ], [ -75.598602294931183, 3.22420000992097 ], [ -75.606101990206867, 3.187900066544459 ], [ -75.591697693219572, 3.151999950843618 ], [ -75.604896545949771, 3.138200045125703 ], [ -75.686798095157343, 3.122900009034574 ], [ -75.757598877421302, 3.07590007742598 ], [ -75.785896301477592, 3.033200025946438 ], [ -75.841796874811578, 3.045000075884703 ], [ -75.898200989030272, 2.976500034199259 ], [ -76.004898071257287, 2.968899965248746 ], [ -76.079803467001128, 3.029799937972065 ], [ -76.10070037841345, 3.117099999855531 ], [ -76.095497131652053, 3.229199886405452 ], [ -76.02469635016169, 3.431600094215186 ], [ -75.998298644799661, 3.637700081331183 ], [ -75.945999145731548, 3.786000013392642 ], [ -75.887199402227111, 3.895999908122606 ], [ -75.839996337797857, 3.939699888722861 ], [ -75.761001586643673, 3.933099985395955 ], [ -75.71440124541239, 4.0004000665827 ], [ -75.728302001595708, 4.135700226382601 ], [ -75.64070129375763, 4.279699802146274 ], [ -75.608001709186027, 4.420499801625336 ], [ -75.560203551992004, 4.50810003242681 ], [ -75.515197754475409, 4.557600021470432 ], [ -75.373497009708132, 4.645400047712685 ], [ -75.419609069807933, 4.702723026206166 ], [ -75.412200928024944, 4.811900139382888 ], [ -75.354598999003073, 4.851500034648893 ], [ -75.363800048422533, 4.928400040116646 ], [ -75.344802857024646, 4.993599892077677 ], [ -75.361000061043171, 5.08370018009879 ], [ -75.325302123937234, 5.126900195676629 ], [ -75.253799438389166, 5.127799988318213 ], [ -75.207702636227296, 5.153600215515893 ], [ -75.162200927160512, 5.145299911819641 ], [ -75.10579681424251, 5.240399837132534 ], [ -75.06310272184848, 5.270800113658325 ], [ -74.891296387042217, 5.291500091552333 ] ] ] } },
{ "type": "Feature", "properties": { "NOMBRE_DPT": "VALLE DEL CAUCA" }, "geometry": { "type": "Polygon", "coordinates": [ [ [ -76.083801269217474, 4.973599910846018 ], [ -76.056098937776198, 4.92379999172175 ], [ -76.017501831149247, 4.895299911261795 ], [ -76.005401610880924, 4.850800037501103 ], [ -75.948898315830888, 4.859799862133075 ], [ -75.967300414627744, 4.796899795427713 ], [ -75.948799133155887, 4.752299785990951 ], [ -75.889999389757904, 4.765999793790279 ], [ -75.87909698489139, 4.72259998350989 ], [ -75.74590301524249, 4.708700179888394 ], [ -75.74410247812078, 4.629600048274483 ], [ -75.879600525239482, 4.622700214575912 ], [ -75.902000427372485, 4.589300155713672 ], [ -75.872001647831439, 4.523300170635192 ], [ -75.865097046172565, 4.425099849586015 ], [ -75.824096679975511, 4.3653998377472 ], [ -75.826896667289674, 4.277599811889697 ], [ -75.802696228328045, 4.197800159008157 ], [ -75.770896912063051, 4.142199993075837 ], [ -75.719596863148411, 4.143099784666597 ], [ -75.728797912899239, 4.088900088977088 ], [ -75.709800720479862, 4.015399933320161 ], [ -75.761001586865234, 3.933099984964032 ], [ -75.839996338089634, 3.939699888132229 ], [ -75.872802734196995, 3.913300037244883 ], [ -75.94599914583064, 3.786000013276816 ], [ -76.008697510076146, 3.593899965574705 ], [ -76.030502319445972, 3.407999992568423 ], [ -76.097145080853423, 3.208592652916739 ], [ -76.165298462249538, 3.217299938352209 ], [ -76.259803771616092, 3.273799896521427 ], [ -76.374603271688997, 3.275399922875188 ], [ -76.48989868143066, 3.316299915659271 ], [ -76.522697449172895, 3.287600040900346 ], [ -76.492103576638726, 3.237200022018372 ], [ -76.52439880379373, 3.195199966042574 ], [ -76.534202575702764, 3.147300005166767 ], [ -76.554901123195435, 3.142699956571576 ], [ -76.555999755914598, 3.102900028316688 ], [ -76.601600646655214, 3.115200043048731 ], [ -76.642501831128158, 3.097500085365974 ], [ -76.669601440410645, 3.111999988694476 ], [ -76.952003479421535, 3.064100027082969 ], [ -76.994697570579802, 3.096600055733866 ], [ -77.056396484661846, 3.077800035835424 ], [ -77.198196411210873, 3.108500003546746 ], [ -77.254699706834714, 3.095400094937293 ], [ -77.254096985183722, 3.130599975665547 ], [ -77.293899536595234, 3.154500007467832 ], [ -77.304901123234998, 3.179399966716487 ], [ -77.372299194733131, 3.173899889116484 ], [ -77.438697815415537, 3.261399984136639 ], [ -77.518203734950475, 3.247800111957003 ], [ -77.563201904032141, 3.272900104190301 ], [ -77.457801818969742, 3.376399993946928 ], [ -77.423797607717788, 3.37450003626891 ], [ -77.417999267624069, 3.395299911798846 ], [ -77.376502991018668, 3.413000107223328 ], [ -77.363296508414962, 3.489200115128124 ], [ -77.381698608751904, 3.495699882944982 ], [ -77.328796386554856, 3.571099996248857 ], [ -77.227897643831781, 3.619199991233856 ], [ -77.210601807036795, 3.651499986872423 ], [ -77.182403564905414, 3.665199994993163 ], [ -77.18470001206677, 3.704499959977249 ], [ -77.207199097135899, 3.695399999906939 ], [ -77.184196472198721, 3.817100048077092 ], [ -77.131698608493735, 3.812299966900052 ], [ -77.102401733226316, 3.889600038762946 ], [ -77.069503783986178, 3.909699916829748 ], [ -77.283996581852207, 3.858000040041242 ], [ -77.342796325613307, 3.871500015411302 ], [ -77.313400268289797, 3.901999950464664 ], [ -77.357200622794025, 3.919500112445577 ], [ -77.362396240306083, 3.944999932868875 ], [ -77.324401855241021, 3.955199957160852 ], [ -77.315200806019945, 3.978800058348198 ], [ -77.299598693529546, 3.978800058791092 ], [ -77.303596496659679, 3.959700107826049 ], [ -77.260398865043868, 3.98210000955635 ], [ -77.271301269742224, 3.987900018774287 ], [ -77.258102416560433, 4.059500217174064 ], [ -77.292198181554397, 4.093699932049104 ], [ -77.346900940207604, 4.069699764364693 ], [ -77.377998352525083, 3.965800047030644 ], [ -77.40619659435076, 3.941699981615584 ], [ -77.474296570226969, 4.030300139912355 ], [ -77.47489929177263, 4.125100135496547 ], [ -77.438003540079421, 4.138199806227149 ], [ -77.41040039048103, 4.192999839879565 ], [ -77.370597839439981, 4.198599815230642 ], [ -77.328498840260252, 4.181600094245244 ], [ -77.298599243225695, 4.240399837259146 ], [ -77.263999938671176, 4.16580009435945 ], [ -77.238601684771595, 4.162799835173511 ], [ -77.20169830307735, 4.184000015161097 ], [ -77.100196838368603, 4.114299773860074 ], [ -76.983802795631334, 4.115499973151809 ], [ -76.798698425729413, 3.993400096519875 ], [ -76.591796875360046, 4.05779981593186 ], [ -76.462097167703376, 4.169899940835103 ], [ -76.556098938034012, 4.242000103461502 ], [ -76.591400146277024, 4.410200119400185 ], [ -76.531997680418925, 4.426700114869076 ], [ -76.466400146900327, 4.610099792412591 ], [ -76.358703613694658, 4.770199775513448 ], [ -76.241699218408414, 4.834400177065879 ], [ -76.169700622182731, 4.965091228344257 ], [ -76.083801269217474, 4.973599910846018 ] ] ] } },
{ "type": "Feature", "properties": { "NOMBRE_DPT": "ARAUCA" }, "geometry": { "type": "Polygon", "coordinates": [ [ [ -70.718902587230772, 7.072100162456006 ], [ -70.657203674276118, 7.038400173557408 ], [ -70.581596374398572, 7.045499802275343 ], [ -70.555099487270411, 6.996900081106514 ], [ -70.425399779935049, 6.971499919608145 ], [ -70.348098754594332, 6.911699771749776 ], [ -70.14459991439989, 6.955900192811324 ], [ -69.442543029947686, 6.065612792344403 ], [ -69.457603455030636, 6.032899856537003 ], [ -69.623001098433264, 5.98850011828385 ], [ -69.904296874864414, 6.012800216384295 ], [ -69.917602539632199, 6.056200027653502 ], [ -69.958000182675946, 6.097899913680837 ], [ -70.054801940843063, 6.108200073638879 ], [ -70.087097168388937, 6.167200087927389 ], [ -70.1822967524201, 6.248499870436222 ], [ -70.446899414034704, 6.242099761735806 ], [ -70.510803222452822, 6.205999850541383 ], [ -70.529296875284899, 6.21409988424053 ], [ -70.538497924547912, 6.20200014169914 ], [ -70.668800353339719, 6.18809986055728 ], [ -70.813499450815328, 6.204899787732318 ], [ -70.903999328733434, 6.184500217950646 ], [ -71.223396300930247, 6.25050020255947 ], [ -71.249900818105445, 6.230400086109121 ], [ -71.318496704467307, 6.229000090885112 ], [ -71.374397278510656, 6.199200153485189 ], [ -71.453903197587536, 6.204100131782464 ], [ -71.466003418480128, 6.185100078279758 ], [ -71.519599914042857, 6.168000220653617 ], [ -71.548400878681747, 6.177999972642959 ], [ -71.595100402462919, 6.164899826161208 ], [ -71.664901733097039, 6.200399875289217 ], [ -71.731201171632009, 6.191999911876921 ], [ -71.797996521394737, 6.173200131020223 ], [ -71.847602844175768, 6.137000083209776 ], [ -71.95249939036978, 6.133999825040906 ], [ -72.07530212339833, 6.091800213288617 ], [ -72.150703429554341, 6.040100097332714 ], [ -72.279296874860236, 6.096099853240928 ], [ -72.308700561412735, 6.136099814683675 ], [ -72.312202453101207, 6.173099994601792 ], [ -72.395797729925619, 6.186100005775533 ], [ -72.419502258735122, 6.226699829642906 ], [ -72.393600464348708, 6.295300007542414 ], [ -72.316642760569138, 6.353105544452117 ], [ -72.317001343296013, 6.415699959433865 ], [ -72.23110198917243, 6.413000107026683 ], [ -72.16539764467754, 6.473400115491086 ], [ -72.140701293275598, 6.596899986096929 ], [ -72.055496215263375, 6.766399860607139 ], [ -71.986999512123106, 6.98500013314228 ], [ -71.885002135839713, 6.993199824684645 ], [ -71.799697876139732, 7.040800094360863 ], [ -71.777198790976442, 7.026899814275426 ], [ -71.751800536890755, 7.040599823281512 ], [ -71.73739624015424, 7.01170015315946 ], [ -71.695297241582864, 7.003399848699432 ], [ -71.678001403267089, 7.035099982472492 ], [ -71.604797364005847, 7.002999782976929 ], [ -71.516601561857769, 7.011300086909089 ], [ -71.486099243847093, 6.991600036637912 ], [ -71.453796386626323, 7.01109981594352 ], [ -71.386299133847174, 6.987100124355893 ], [ -71.320602417206331, 6.998400210763262 ], [ -71.218002319294754, 6.985199928527496 ], [ -71.168403626109324, 7.00409984629022 ], [ -71.089401244758122, 6.954699993312442 ], [ -71.041000366563324, 6.961400032722175 ], [ -70.871002197564451, 7.052000045221359 ], [ -70.718902587230772, 7.072100162456006 ] ] ] } },
{ "type": "Feature", "properties": { "NOMBRE_DPT": "CASANARE" }, "geometry": { "type": "Polygon", "coordinates": [ [ [ -70.172500610039307, 6.247900008569654 ], [ -70.158599854025226, 6.219500065302547 ], [ -70.058296203422614, 6.135300159385044 ], [ -70.054801941396676, 6.108200073988101 ], [ -69.958000182584328, 6.097899913865437 ], [ -69.917602539534641, 6.056200027704056 ], [ -69.911201476576522, 6.016300200611257 ], [ -69.847869873108266, 6.004879950663293 ], [ -69.938201904821369, 5.875999927961186 ], [ -70.003303527877264, 5.741199970686111 ], [ -70.047096252255614, 5.694600104633349 ], [ -70.050498963076862, 5.654099940680031 ], [ -70.116203307601225, 5.633600235782814 ], [ -70.141502380014842, 5.588099956540896 ], [ -70.239501953335207, 5.544600009543895 ], [ -70.4181976323257, 5.517600059473957 ], [ -70.683296203410492, 5.330999850926987 ], [ -70.69709777799288, 5.268099784395231 ], [ -70.739700317570964, 5.208199977967875 ], [ -70.835899352444841, 5.149099826329579 ], [ -70.867599486711555, 5.10529995015358 ], [ -70.95410156237736, 5.082600116891039 ], [ -70.987503051386383, 5.035399913912125 ], [ -71.023696899486794, 4.933899880190354 ], [ -71.088203429729219, 4.855599880928753 ], [ -71.156196593633368, 4.817200183195563 ], [ -71.573501587008693, 4.648499965234913 ], [ -71.594200134493121, 4.62200021786715 ], [ -71.723899841483046, 4.556700229772591 ], [ -71.813201903651844, 4.53280019794416 ], [ -71.983802795109924, 4.36660003619277 ], [ -72.061599731548171, 4.345600128074148 ], [ -72.101402283132089, 4.398900031724902 ], [ -72.262199402311609, 4.390299796609352 ], [ -72.331901551076669, 4.359399796146522 ], [ -72.401100157881601, 4.301899910731955 ], [ -72.465103149676608, 4.309100150252125 ], [ -72.493301391644621, 4.287300110068863 ], [ -72.563102722464393, 4.315299988221155 ], [ -72.595298767753945, 4.272099971319921 ], [ -72.63629913281099, 4.28270006193837 ], [ -72.710601806121929, 4.270299911147826 ], [ -72.731399535948881, 4.246699810757558 ], [ -72.767700195117456, 4.265900135085522 ], [ -72.780998230261389, 4.305300235247749 ], [ -72.813796997421079, 4.323299884664866 ], [ -72.823600768946577, 4.347599983108687 ], [ -72.813301086061244, 4.365499973992166 ], [ -72.849601746001056, 4.373099804362513 ], [ -72.848999024206137, 4.395699977705329 ], [ -72.869796753341092, 4.397500038176968 ], [ -73.072303771869457, 4.666399956524814 ], [ -73.069396972858144, 4.703299999390567 ], [ -73.098899841307983, 4.77850008047756 ], [ -73.070701599155967, 4.837299824481673 ], [ -73.060897826847665, 4.920499801458587 ], [ -73.047096252176786, 4.952199935962891 ], [ -72.988296509409764, 4.973899840635706 ], [ -72.930099488084934, 5.021599769035255 ], [ -72.933601379668971, 5.062600134996699 ], [ -72.986099242908267, 5.114200115979375 ], [ -72.95839691117807, 5.18109989182576 ], [ -72.971702574913309, 5.210100174238716 ], [ -72.823600768661152, 5.342899799360629 ], [ -72.709396362064012, 5.236100196764721 ], [ -72.667999267831036, 5.317900180640028 ], [ -72.608001709673758, 5.339600086791839 ], [ -72.59249877969917, 5.37830019069075 ], [ -72.538299560550371, 5.412700175644347 ], [ -72.420799255210383, 5.54279995009008 ], [ -72.354499817637489, 5.465099811316569 ], [ -72.326797485921006, 5.471300124813172 ], [ -72.305603026592593, 5.623700142391889 ], [ -72.252784728584089, 5.660136699072972 ], [ -72.336799620836558, 5.763599872953005 ], [ -72.47519683806361, 5.828899861065904 ], [ -72.409500121519557, 5.891600131612177 ], [ -72.360000609918771, 6.054299831024677 ], [ -72.402702332159166, 6.093699932080123 ], [ -72.433898926555003, 6.16949987377054 ], [ -72.419502257790569, 6.226699828819623 ], [ -72.395797728680762, 6.186100006810273 ], [ -72.312202454339371, 6.173099994992912 ], [ -72.308700561115018, 6.136099816141449 ], [ -72.279296874339877, 6.096099853630815 ], [ -72.145599364920471, 6.040100096926847 ], [ -72.075302123477741, 6.091800213216128 ], [ -71.952499389955591, 6.133999823837573 ], [ -71.84760284424398, 6.137000084455939 ], [ -71.797996521279842, 6.173200130471809 ], [ -71.731201171578618, 6.191999912167728 ], [ -71.664901733029453, 6.20039987515694 ], [ -71.595100403427168, 6.164899825265178 ], [ -71.548400879591711, 6.177999973456262 ], [ -71.519599914225154, 6.168000221032121 ], [ -71.466003418075559, 6.18510007901488 ], [ -71.453903197792656, 6.204100132132251 ], [ -71.374397277460901, 6.199200152718721 ], [ -71.318496703996914, 6.229000090887049 ], [ -71.249900818540794, 6.230400085196129 ], [ -71.223396301036729, 6.250500201602137 ], [ -70.90399932864041, 6.184500217844522 ], [ -70.813499450863318, 6.204899788465705 ], [ -70.687797546728291, 6.186500072773602 ], [ -70.538497924994402, 6.202000140898841 ], [ -70.446899413908241, 6.242099762087588 ], [ -70.172500610039307, 6.247900008569654 ] ] ] } },
{ "type": "Feature", "properties": { "NOMBRE_DPT": "PUTUMAYO" }, "geometry": { "type": "Polygon", "coordinates": [ [ [ -76.577499389457657, 1.338899969549491 ], [ -76.562499999866276, 1.218700051568387 ], [ -76.588302612937781, 1.075600027571352 ], [ -76.564697265745238, 1.035599946900447 ], [ -76.439498900945324, 0.96920001463387 ], [ -76.325996398505353, 0.953700006218162 ], [ -76.223396301940511, 0.975300014473506 ], [ -76.225097656923793, 0.993200004358502 ], [ -76.194602965833781, 1.014999985048652 ], [ -76.124198913917496, 0.996200024681537 ], [ -76.123100280846259, 1.011800050288993 ], [ -76.094299316213764, 1.018599986713653 ], [ -76.103500366896938, 1.046399951188231 ], [ -76.003799438320158, 1.027500033915741 ], [ -76.004402160879408, 1.05460000104017 ], [ -75.939201354296344, 1.009299993204884 ], [ -75.936897277772744, 0.994799971860884 ], [ -75.966796875170786, 0.975899994917134 ], [ -75.945503235517648, 0.967199980771923 ], [ -75.874496459737983, 0.870400011420655 ], [ -75.829002379782537, 0.877099991123266 ], [ -75.802497863156091, 0.860300004850526 ], [ -75.789199828661864, 0.816900015488551 ], [ -75.769599914090151, 0.816799998213438 ], [ -75.759201049821698, 0.838699996442416 ], [ -75.641700743919301, 0.859600007951004 ], [ -75.637603759619466, 0.834699988839422 ], [ -75.564399718870064, 0.818300008864043 ], [ -75.543601989189526, 0.760399997609184 ], [ -75.439201355002893, 0.727599977692107 ], [ -75.356796265348038, 0.743499994297442 ], [ -75.290496825430452, 0.713100015756236 ], [ -75.276702880235263, 0.688799976644961 ], [ -75.283599853693715, 0.643800020495439 ], [ -75.237998962834951, 0.585900009226143 ], [ -75.266197203810108, 0.538600027856005 ], [ -75.232696533706601, 0.493400008232189 ], [ -75.232101439972652, 0.465700000281395 ], [ -75.170501708527169, 0.460200012109495 ], [ -75.131896973375689, 0.486600012032468 ], [ -75.125503539788568, 0.462300002948887 ], [ -75.036697387803869, 0.456200003383089 ], [ -75.00270080506715, 0.387899995015647 ], [ -75.021697998016208, 0.37009999228395 ], [ -75.021697997278267, 0.323300004495618 ], [ -75.004898071009819, 0.293799996992063 ], [ -75.027999877367279, 0.250499993866276 ], [ -74.868202208828677, 0.193800002563732 ], [ -74.754699706251742, 0.179499998799467 ], [ -74.708000183734541, 0.132499992760355 ], [ -74.709098816289668, 0.071900002567813 ], [ -74.729797363578058, 0.070200003066292 ], [ -74.73560333268243, 0.047099999550225 ], [ -74.693496703933704, 0.028499999191593 ], [ -74.721199034917277, 0.013000000381668 ], [ -74.681900024731405, -0.059999998943307 ], [ -74.700897217333619, -0.10320000334188 ], [ -74.661102295454029, -0.091799996206474 ], [ -74.642097473523776, -0.133499994799386 ], [ -74.559600829409405, -0.160999997966205 ], [ -74.546997071047741, -0.135000006083504 ], [ -74.528503418745117, -0.172700003507248 ], [ -74.505996704074434, -0.16869999542951 ], [ -74.480697631333484, -0.119099996303431 ], [ -74.447303771353489, -0.133699998898927 ], [ -74.462799071553988, -0.152099997112937 ], [ -74.447799682618978, -0.166600004441827 ], [ -74.395896911687288, -0.148399994425493 ], [ -74.297897338685914, -0.178200006379804 ], [ -74.315200805208846, -0.242300003717068 ], [ -74.251800536993144, -0.272599994917021 ], [ -74.247200011900844, -0.255299985504507 ], [ -74.230400086005332, -0.2581999898296 ], [ -74.205001831610062, -0.299899995477045 ], [ -74.148597716911624, -0.284599990398917 ], [ -74.113998412551155, -0.314200013529915 ], [ -74.081703186800127, -0.315499991171774 ], [ -74.056900024853647, -0.364699989848177 ], [ -73.883651733398452, -0.430558829695821 ], [ -74.411796569250441, -0.587899983740534 ], [ -74.445800781333645, -0.573300004146164 ], [ -74.443000793054708, -0.533399998499122 ], [ -74.508697509239838, -0.510100007690359 ], [ -74.524902344183445, -0.484600007835458 ], [ -74.54679870542185, -0.501200020695231 ], [ -74.581398009875755, -0.422500013803246 ], [ -74.621200561471923, -0.39350000002975 ], [ -74.641899109107015, -0.385300010216863 ], [ -74.682296753427238, -0.403100013724443 ], [ -74.705398560098601, -0.360799998471434 ], [ -74.735298156139251, -0.370499998653626 ], [ -74.737701416454414, -0.323100001231986 ], [ -74.771697997432966, -0.262300014706743 ], [ -74.843803406143707, -0.184599996047908 ], [ -74.852401733506156, -0.227300002810919 ], [ -74.897399903130108, -0.248500004298322 ], [ -74.93489837567563, -0.21310000079656 ], [ -74.968902587075007, -0.219899996454756 ], [ -75.005203246748295, -0.171200006428439 ], [ -75.122299194556931, -0.08810000185538 ], [ -75.213996886775774, -0.047299999041916 ], [ -75.245697022088237, -0.061099998786871 ], [ -75.272201537981545, -0.105999998436322 ], [ -75.304397583817916, -0.125499993304151 ], [ -75.351699828440715, -0.100500002197989 ], [ -75.441101074482731, -0.09369999962455 ], [ -75.471099853010202, -0.060100001121315 ], [ -75.583503723354113, -0.013399998945506 ], [ -75.639999389043012, 0.063100002607175 ], [ -75.725303650270916, 0.031599998618792 ], [ -75.846397399143498, 0.064499996053865 ], [ -75.965202331213902, 0.168999999042704 ], [ -76.025802612387693, 0.245499997615722 ], [ -76.041397094110124, 0.299199997953059 ], [ -76.118698119988125, 0.334199995004615 ], [ -76.148002623963848, 0.323399991461822 ], [ -76.181503296142168, 0.37950000160774 ], [ -76.284103394025067, 0.394400000668415 ], [ -76.329101562472843, 0.417100011957662 ], [ -76.344100951789329, 0.418900013620208 ], [ -76.37349700927507, 0.379200011122252 ], [ -76.455902099369396, 0.38240000605093 ], [ -76.451202392275931, 0.250699997679261 ], [ -76.513496398796732, 0.252099991550115 ], [ -76.613197325866864, 0.205200001890284 ], [ -76.631103514901696, 0.244499995972317 ], [ -76.689300537105822, 0.272500008474849 ], [ -76.809196471623508, 0.275299996488713 ], [ -76.787300110029946, 0.23129999678715 ], [ -76.847801208467345, 0.256399989819966 ], [ -76.90200042766584, 0.244499996355631 ], [ -76.955596923699048, 0.264999986166231 ], [ -76.968299865842297, 0.291000008056635 ], [ -77.087699889470045, 0.297899991423224 ], [ -77.121101379578533, 0.358099997362007 ], [ -77.107902527091355, 0.447499990664861 ], [ -77.150596618399277, 0.529699981522067 ], [ -77.13449859590385, 0.582199990913987 ], [ -77.16049957275952, 0.624499976995054 ], [ -77.03079986650819, 0.661499977835113 ], [ -77.064300537662007, 0.805499970175741 ], [ -77.061500549845348, 0.867299974129465 ], [ -77.098396301505744, 0.924600005713301 ], [ -77.113502502710659, 1.185799955698422 ], [ -77.095703125453738, 1.205899954446505 ], [ -76.96540069615051, 1.242900014304145 ], [ -76.864601135995827, 1.303699969897432 ], [ -76.782699584288665, 1.298200010923317 ], [ -76.753898621259552, 1.334400057730067 ], [ -76.736602783124226, 1.393900037568451 ], [ -76.701499938858248, 1.423799991030001 ], [ -76.675598144750381, 1.427099943274573 ], [ -76.609802245486463, 1.383499980640321 ], [ -76.577499389457657, 1.338899969549491 ] ] ] } },
{ "type": "Feature", "properties": { "NOMBRE_DPT": "AMAZONAS" }, "geometry": { "type": "Polygon", "coordinates": [ [ [ -71.386398316081937, 0.11860000226794 ], [ -71.358802794382484, 0.124799996028241 ], [ -71.316596983766161, 0.044399998926521 ], [ -71.249801635013398, 0.028499998820095 ], [ -71.238800048287217, 0.05789999972173 ], [ -71.194999695051834, 0.057700001353978 ], [ -71.163902282316172, -0.008299998861506 ], [ -71.14600372436324, -0.000300000813742 ], [ -71.117698668892658, -0.028700000574052 ], [ -71.067596435470861, -0.037500001592082 ], [ -71.05429839962909, -0.070000000983545 ], [ -71.04969787520912, -0.050299998792448 ], [ -71.016799927017104, -0.045800001056954 ], [ -70.961502074533982, -0.087099999736527 ], [ -70.918197632631134, -0.153699993121211 ], [ -70.959098816528595, -0.188800005971777 ], [ -70.901397704949133, -0.276199995811148 ], [ -70.900199890870439, -0.339199991072346 ], [ -70.851799010394913, -0.388500005669326 ], [ -70.796401976491381, -0.372000008526329 ], [ -70.763603211048064, -0.325300008604408 ], [ -70.670799255797235, -0.379400014443235 ], [ -70.642501830139111, -0.36340001341132 ], [ -70.584297180305583, -0.417899997251851 ], [ -70.564102172353245, -0.400099992302756 ], [ -70.523803711967645, -0.407200009745985 ], [ -70.460899352565136, -0.485399991132383 ], [ -70.459098815659829, -0.521300019048992 ], [ -70.394599915457832, -0.502499998452667 ], [ -70.367996215773715, -0.525699971896915 ], [ -70.32769775393075, -0.518899976237166 ], [ -70.363998412914114, -0.49219998840996 ], [ -70.315597534691889, -0.480800001726144 ], [ -70.299499511360253, -0.457800000140219 ], [ -70.208999633406293, -0.489400000467943 ], [ -70.207801818003745, -0.511900006664721 ], [ -70.237800598887034, -0.511799991427603 ], [ -70.291900635520335, -0.560100018519173 ], [ -70.316703797121221, -0.607900022710742 ], [ -70.312103272509745, -0.623499988461521 ], [ -70.294197082144223, -0.599900006624207 ], [ -70.26709747334435, -0.634700000167896 ], [ -70.258399963131438, -0.781499981038407 ], [ -70.289497374829665, -0.810199976822183 ], [ -70.276802063183851, -0.857599973649374 ], [ -70.235801697156475, -0.913800000159529 ], [ -70.264602660077827, -0.976700007957143 ], [ -70.299797058649133, -0.999000012618793 ], [ -70.269203186437764, -1.054000019036196 ], [ -70.241500854848169, -1.054200053374344 ], [ -70.231101989644216, -1.025300025103236 ], [ -70.200599670224079, -1.016800046989683 ], [ -70.202301026464582, -1.052600026850937 ], [ -70.224197387099565, -1.085399985026566 ], [ -70.189002991056739, -1.104599952972509 ], [ -70.166496277092122, -1.144600033164752 ], [ -70.150901795716848, -1.149299980462081 ], [ -70.126197813789943, -1.099099992714516 ], [ -70.083503723585125, -1.082499981439731 ], [ -70.093902587126067, -1.051900028788547 ], [ -70.142402648289988, -1.051100015274149 ], [ -70.136596680734812, -1.021100044795301 ], [ -70.076698302788287, -0.986100017194764 ], [ -70.046699523859232, -1.010499955056414 ], [ -70.029403687233398, -0.967800020959192 ], [ -70.000000000134506, -1.007799982341174 ], [ -69.959098816427087, -0.9836999784275 ], [ -69.913497926103773, -1.012199998175211 ], [ -69.950401306784897, -1.041499972046704 ], [ -69.950897217133672, -1.092300056234386 ], [ -69.974601744926218, -1.119400024557618 ], [ -69.962501526575366, -1.13160002217946 ], [ -69.876602172482137, -1.11059999538069 ], [ -69.830497740799046, -1.06970000144637 ], [ -69.771598815016432, -1.135800004575126 ], [ -69.742797851660271, -1.125000000042496 ], [ -69.764198303605752, -1.116799950072797 ], [ -69.773399354085655, -1.072299958275243 ], [ -69.731903077408376, -1.072499989540771 ], [ -69.702499389302773, -1.093400001511962 ], [ -69.659797669506631, -1.154800056910411 ], [ -69.683403015535319, -1.173200012449484 ], [ -69.68689727826434, -1.23090004848595 ], [ -69.659698487535465, -1.262199997796812 ], [ -69.639602661777033, -1.257699965327171 ], [ -69.630401612720405, -1.217900037531538 ], [ -69.590599059366852, -1.201900006468472 ], [ -69.571601868460888, -1.223299979554587 ], [ -69.486801148769857, -1.251999973176443 ], [ -69.478202819093326, -1.216799974462348 ], [ -69.493797303521347, -1.190099954961453 ], [ -69.47470092827615, -1.18159997486996 ], [ -69.488601685684714, -1.128399967173566 ], [ -69.435600281824392, -1.110700010059588 ], [ -69.411399841147059, -1.142500043176917 ], [ -69.404998779544741, -1.174900055825218 ], [ -69.440101623604079, -1.258499980878511 ], [ -69.414100647082407, -1.360299945832387 ], [ -69.467597960696409, -1.525900005649191 ], [ -69.467597960506353, -1.602100015823655 ], [ -69.528503418273147, -1.962900043293925 ], [ -69.952598572448949, -4.247300146812727 ], [ -70.152801514056932, -4.026999949429466 ], [ -70.228401183169694, -3.85630011567188 ], [ -70.379402161121021, -3.82730007178749 ], [ -70.448501586338281, -3.898699998396571 ], [ -70.49929809518413, -3.910599947476381 ], [ -70.574203490816799, -3.880199909818785 ], [ -70.634803770899453, -3.882900000066775 ], [ -70.709098814933469, -3.835200072518391 ], [ -70.078498840350406, -2.797499894147363 ], [ -70.101600646418078, -2.691699982820214 ], [ -70.130996704953006, -2.733200073258777 ], [ -70.169601441028931, -2.749200104947521 ], [ -70.160400390960049, -2.694999932958213 ], [ -70.185203551452943, -2.661900044001246 ], [ -70.227302552074249, -2.695199965390815 ], [ -70.226799011834927, -2.621900081088242 ], [ -70.248100281396702, -2.599900006526738 ], [ -70.324203492181894, -2.612799882295921 ], [ -70.352996826961345, -2.596499919518853 ], [ -70.294799805296748, -2.561500073096036 ], [ -70.310401915287088, -2.541800022334574 ], [ -70.445297240582335, -2.548799991767881 ], [ -70.472396851725875, -2.49440002449219 ], [ -70.505798339698714, -2.50920009512028 ], [ -70.568099975190307, -2.464499950740431 ], [ -70.584800720240125, -2.465600013599589 ], [ -70.563499449830374, -2.51300001215755 ], [ -70.574996947970689, -2.524499893853058 ], [ -70.627998350872005, -2.517400026832883 ], [ -70.620597838505503, -2.447499991239983 ], [ -70.665000916073652, -2.443300009950213 ], [ -70.669601440716505, -2.392499923885959 ], [ -70.728401185179962, -2.372600079322841 ], [ -70.769401549475958, -2.334300041686998 ], [ -70.805099487743988, -2.332400083852246 ], [ -70.866798400514895, -2.269200086583134 ], [ -70.936599732141644, -2.286799908412235 ], [ -71.018501280862509, -2.233900071051834 ], [ -71.001098631559842, -2.324599980953337 ], [ -71.088203431343615, -2.306900025336073 ], [ -71.133697509144866, -2.32809996693401 ], [ -71.139999390148375, -2.385299921118071 ], [ -71.16770172024377, -2.375299931059125 ], [ -71.191902159624149, -2.405299901017637 ], [ -71.236297607817434, -2.375600100220126 ], [ -71.27660369865356, -2.414200068019713 ], [ -71.276603698271359, -2.378400087203727 ], [ -71.303703309047989, -2.373600005515422 ], [ -71.388397217135207, -2.430500029380004 ], [ -71.398803711328114, -2.381299972079926 ], [ -71.449600220325621, -2.312900065771369 ], [ -71.495201110064855, -2.299499989455673 ], [ -71.49160003595594, -2.374000072345266 ], [ -71.517601013999041, -2.347300052962981 ], [ -71.521697999255082, -2.273900031857606 ], [ -71.651397705812883, -2.236999987748157 ], [ -71.719398498761478, -2.246500014215818 ], [ -71.722900389672546, -2.188800097232762 ], [ -71.740196228240535, -2.172499894516813 ], [ -71.811698914766311, -2.230000019193981 ], [ -71.838203430950074, -2.221800090041169 ], [ -71.876197814584231, -2.330199956900705 ], [ -71.936698914653917, -2.348999975977016 ], [ -71.924003601158418, -2.402800084222307 ], [ -71.959701539145357, -2.389400006106829 ], [ -71.986198425548963, -2.39790010562605 ], [ -72.050796507837006, -2.364700078405984 ], [ -72.140701293202241, -2.452100037451763 ], [ -72.145797728391841, -2.506400107762846 ], [ -72.1735000611082, -2.470499993214735 ], [ -72.231796265781256, -2.466799974678006 ], [ -72.360900879851016, -2.523999929306542 ], [ -72.382797242344537, -2.509999990185638 ], [ -72.399497986642231, -2.459100007643736 ], [ -72.548202515422147, -2.459700108311713 ], [ -72.647262572410014, -2.4262280475526 ], [ -72.68190002368479, -2.508199930225315 ], [ -72.698699950315074, -2.471199989245242 ], [ -72.736198425241, -2.443900107808502 ], [ -72.7506027214434, -2.492899895551089 ], [ -72.769599914543576, -2.457600115829178 ], [ -72.785202026227935, -2.455800055451989 ], [ -72.939002991511259, -2.527400015830876 ], [ -72.924598693798345, -2.493299960081978 ], [ -72.961601257697254, -2.449899912485293 ], [ -72.956398010622578, -2.402499914404325 ], [ -73.007698058242539, -2.420200108356706 ], [ -73.041099548545347, -2.381900071461118 ], [ -73.055603027919332, -2.384799957514518 ], [ -73.072799682914635, -2.427999974297892 ], [ -73.075202941272025, -2.382999898135287 ], [ -73.129898070601172, -2.394299983732723 ], [ -73.119598388849226, -2.36019992788576 ], [ -73.187599183248423, -2.286600113617388 ], [ -73.135803223469523, -2.24460005757735 ], [ -73.077003479627862, -2.154200077607438 ], [ -73.11280059758343, -2.140799999927382 ], [ -73.111602783336309, -2.100300074752304 ], [ -73.128402710290942, -2.073699950978726 ], [ -73.117500305621306, -1.95009994542211 ], [ -73.158401488157679, -1.933200000615923 ], [ -73.16310119607563, -1.880100012552698 ], [ -73.217796325470374, -1.848099947615003 ], [ -73.236900329368567, -1.808099986054349 ], [ -73.259902953471439, -1.862900019226195 ], [ -73.27380371008131, -1.866299987443064 ], [ -73.273200988741195, -1.843199968846708 ], [ -73.326797485463715, -1.842399953893042 ], [ -73.331398009129813, -1.878800035672878 ], [ -73.383903502332785, -1.843299985027353 ], [ -73.436897276752788, -1.84539997615495 ], [ -73.468597413192938, -1.799600005474097 ], [ -73.55280303991556, -1.781999944574192 ], [ -73.556297301948732, -1.754799961364383 ], [ -73.528602599930778, -1.690199971355068 ], [ -73.481399535914761, -1.629799961151955 ], [ -73.514297485583981, -1.611099958129716 ], [ -73.505096436762074, -1.586899995729522 ], [ -73.517196654924575, -1.54069995849922 ], [ -73.551803588657279, -1.516299962399827 ], [ -73.569099426563085, -1.477499962723356 ], [ -73.601402281653009, -1.470999955460122 ], [ -73.575500488714127, -1.437000036017119 ], [ -73.600303649362758, -1.4149999628305 ], [ -73.604896544514446, -1.373900055724551 ], [ -73.633201599699291, -1.371500015735925 ], [ -73.642402649114132, -1.326400042128243 ], [ -73.708702087452295, -1.290300011223394 ], [ -73.753700255231635, -1.293599962976135 ], [ -73.77040100054063, -1.252500057001199 ], [ -73.784797669328725, -1.251299977953058 ], [ -73.808998107130989, -1.297399997807017 ], [ -73.884597778821771, -1.270499944026487 ], [ -73.940002442484456, -1.166300058802844 ], [ -73.986099243169377, -1.174200056786247 ], [ -73.990097044975926, -1.134899973148813 ], [ -74.01429748553808, -1.15209996634652 ], [ -74.041397094632458, -1.142199993448711 ], [ -74.068603514427664, -1.054900049401574 ], [ -74.109497070495536, -1.099200009270434 ], [ -74.293998717510561, -1.022699952482777 ], [ -74.303199768289588, -0.960300029170037 ], [ -74.334396361409389, -0.948599993233735 ], [ -74.345298767261227, -0.926599980117979 ], [ -74.290000915155645, -0.929199993333645 ], [ -74.280197143173908, -0.87150001449546 ], [ -74.316001891344655, -0.855700016094633 ], [ -74.318901061349919, -0.826200008651007 ], [ -74.336196899806367, -0.83249998203469 ], [ -74.3448028575515, -0.804199994605691 ], [ -74.399597166875438, -0.767000019694078 ], [ -74.373703003563861, -0.711600006858577 ], [ -74.392700196453262, -0.689000009822666 ], [ -74.41179656982419, -0.587899982450846 ], [ -73.876403808506822, -0.428400010852586 ], [ -73.810699463824506, -0.440800011456723 ], [ -73.754203795597121, -0.409799993265494 ], [ -73.678100585722405, -0.444799989239754 ], [ -73.679199218453206, -0.476000009734533 ], [ -73.628501892884472, -0.469300000899942 ], [ -73.616897584062841, -0.500500022771089 ], [ -73.588096617894294, -0.519100010648543 ], [ -73.596199036876456, -0.544499992165499 ], [ -73.571403503271355, -0.531899989787274 ], [ -73.538497924752448, -0.555100022536015 ], [ -73.419799805380975, -0.557399988335399 ], [ -73.385200499398067, -0.544799984185136 ], [ -73.307403563428593, -0.572899998338976 ], [ -73.223098753749071, -0.657500028915605 ], [ -73.163803099513899, -0.635800003412781 ], [ -73.099800108827495, -0.646499990493528 ], [ -73.069297791098975, -0.558799981779141 ], [ -73.031196594637123, -0.553799987818407 ], [ -72.976997374516131, -0.586399971598224 ], [ -72.951103209955093, -0.646000027386665 ], [ -72.859397888827601, -0.641700029874745 ], [ -72.771797179874298, -0.584900021381921 ], [ -72.590698243138618, -0.729499995184114 ], [ -72.443801879631991, -0.58630001527807 ], [ -72.399398803530445, -0.647700012589384 ], [ -72.335998535143929, -0.672200023559442 ], [ -72.289299012340862, -0.653999984755081 ], [ -72.261100769487314, -0.616500020380225 ], [ -72.192001343833184, -0.440100013351044 ], [ -72.076202392997274, -0.359699995419555 ], [ -72.069900512692243, -0.308299988694403 ], [ -72.046798706609707, -0.284700006625767 ], [ -71.889999389454829, -0.306199998663252 ], [ -71.832901001468969, -0.293099999557158 ], [ -71.801300049780707, -0.262600003904732 ], [ -71.762100219348156, -0.159999997464403 ], [ -71.627899169381251, -0.051399997835361 ], [ -71.611801146942724, -0.01269999907248 ], [ -71.497100829889845, 0.108099996030268 ], [ -71.436599731686627, 0.117600000534991 ], [ -71.420997619190331, 0.160300000303814 ], [ -71.386398316081937, 0.11860000226794 ] ] ] } },
{ "type": "Feature", "properties": { "NOMBRE_DPT": "GUAINIA" }, "geometry": { "type": "Polygon", "coordinates": [ [ [ -67.713203433315698, 3.987699985582981 ], [ -67.638702395370046, 3.721100092352299 ], [ -67.609298710813462, 3.701400041682611 ], [ -67.538398747546836, 3.72589993539198 ], [ -67.507797245178509, 3.712500095440832 ], [ -67.465698247411851, 3.632600067921796 ], [ -67.449501041509123, 3.549400090579142 ], [ -67.417198185725752, 3.48740005536567 ], [ -67.418899540171608, 3.45050001199547 ], [ -67.339302069432208, 3.388900041273649 ], [ -67.323699956863777, 3.314300059970876 ], [ -67.345001225816986, 3.269299984757581 ], [ -67.381896977265555, 3.241199969959075 ], [ -67.383003239611568, 3.196099995869886 ], [ -67.430297856953601, 3.196300029880929 ], [ -67.858901981138473, 2.789799928587585 ], [ -67.858901979916936, 2.751100062374297 ], [ -67.78050232273074, 2.779599905492834 ], [ -67.681297305379303, 2.731800078855999 ], [ -67.598297122496902, 2.719399928712476 ], [ -67.571800236090112, 2.667299985378072 ], [ -67.574600223895501, 2.599100112082702 ], [ -67.503097539052902, 2.604000092270039 ], [ -67.216499334634904, 2.299599885957415 ], [ -67.21360016477658, 2.265500068787679 ], [ -67.238899237916669, 2.219899892014236 ], [ -67.227897649946883, 2.15689992874623 ], [ -67.180000312113719, 2.064899921215562 ], [ -67.133300789501718, 2.052599906563129 ], [ -67.126899726532798, 1.980900048605008 ], [ -67.149398810074459, 1.934800028844689 ], [ -67.064598091611572, 1.795799971169845 ], [ -67.053596504776351, 1.709699988397283 ], [ -66.954299935335101, 1.478199959138134 ], [ -66.930603037009121, 1.352800011675592 ], [ -66.883903513848637, 1.279800056317075 ], [ -66.904602060978831, 1.206500053432886 ], [ -66.87400055932207, 1.140599966856423 ], [ -67.093002328122182, 1.100999951043137 ], [ -67.103500373223156, 1.359899998262284 ], [ -67.18379974976169, 1.625300049501802 ], [ -67.232299810689526, 1.712200045545866 ], [ -67.292800910381118, 1.769000053084399 ], [ -67.382301335081181, 1.987800002308472 ], [ -67.449798588098702, 2.056799887605937 ], [ -67.510902408792163, 2.074399948134618 ], [ -67.593299870496452, 2.011199950408253 ], [ -67.714302067470797, 1.835500001378199 ], [ -67.815696718806862, 1.731999993694224 ], [ -67.926300050992793, 1.677000045487442 ], [ -68.015701295825309, 1.714300036441482 ], [ -68.075103761559816, 1.766000031925742 ], [ -68.108001710479726, 1.841799973784434 ], [ -68.143699647061879, 1.881199956129483 ], [ -68.231399537507684, 1.913900018527446 ], [ -68.306800844033134, 1.77160000845296 ], [ -68.266502382917423, 1.767899990251382 ], [ -68.254898072956209, 1.745300055448133 ], [ -68.264701844212937, 1.714200020283049 ], [ -68.222602845935839, 1.716300011207332 ], [ -68.207603456875731, 1.694300056373726 ], [ -68.222602845726627, 1.674700021691857 ], [ -68.193801881419276, 1.684399962275668 ], [ -68.189697266943625, 1.648000001765034 ], [ -69.408401489642074, 1.69009995476713 ], [ -69.569801330111858, 1.727200030655111 ], [ -69.65740203789079, 1.690600038484463 ], [ -69.757102965667002, 1.698500036449302 ], [ -69.825698853606127, 1.660099983263995 ], [ -70.003303527564071, 1.704699992964556 ], [ -70.182601929451948, 1.835399985724448 ], [ -70.189002990079075, 1.922099947208777 ], [ -70.13710021914541, 1.935799956386579 ], [ -70.114700316489177, 1.976099968168722 ], [ -70.122802734649852, 2.069700002659718 ], [ -70.060600280799846, 2.102900028995653 ], [ -70.005302429107203, 2.175499915265599 ], [ -70.019096373674657, 2.206700087410896 ], [ -69.997802735068746, 2.215300082529112 ], [ -70.041000366624786, 2.224699974964683 ], [ -70.04570007327095, 2.24790000845511 ], [ -70.112503052682911, 2.220999956921434 ], [ -70.150596617792473, 2.226900100790107 ], [ -70.173599242209363, 2.200999974676578 ], [ -70.241096496724381, 2.201900004524581 ], [ -70.237602234599393, 2.217499972246202 ], [ -70.298698425075045, 2.211999893201048 ], [ -70.288902282665092, 2.195699931186297 ], [ -70.313102722874206, 2.175600052120923 ], [ -70.337898254331478, 2.184999943649602 ], [ -70.343696593882669, 2.204099894427246 ], [ -70.397300720764989, 2.210099935603794 ], [ -70.396102905693212, 2.223299980311864 ], [ -70.499900818150863, 2.196599960694249 ], [ -70.509696960000298, 2.23600006017644 ], [ -70.550598144872311, 2.234999895598616 ], [ -70.627296448117235, 2.267600058637358 ], [ -70.761199951216994, 2.499799967336807 ], [ -70.814201355973452, 2.489599942761727 ], [ -70.844200135135807, 2.503099918584349 ], [ -70.859802246088179, 2.542399883693942 ], [ -70.501899718615746, 2.746500015340723 ], [ -70.486999512620301, 2.770200013634526 ], [ -70.350402832925539, 2.806600094451821 ], [ -70.346900939508245, 2.853899956314374 ], [ -70.301399230771636, 2.876199959814656 ], [ -70.279502869257556, 2.911400079200084 ], [ -70.297996521237081, 2.984800099656411 ], [ -70.254203797049996, 3.001399994103534 ], [ -70.263999938162655, 3.021600007386211 ], [ -70.314201354560254, 3.028800011568978 ], [ -70.311302185762941, 3.039200067577713 ], [ -70.212196349683893, 3.155400037329549 ], [ -70.175903321224681, 3.128099917882733 ], [ -70.163803100109888, 3.140799999572122 ], [ -70.167297363589313, 3.184099911823959 ], [ -70.135002135624063, 3.157399893152085 ], [ -70.120002747254873, 3.164900063756408 ], [ -70.150596618371836, 3.234899998107489 ], [ -70.109100341803654, 3.256700038369194 ], [ -70.171897887692808, 3.307199955569161 ], [ -70.113197327377421, 3.349100112487549 ], [ -70.097602844326445, 3.341000079300582 ], [ -70.034797669328611, 3.37820005486173 ], [ -70.008796691739533, 3.334800005193876 ], [ -69.982902527300936, 3.331799984735715 ], [ -69.942001342017349, 3.357599973761876 ], [ -69.963897704728979, 3.3958001136863 ], [ -69.957603454369533, 3.418900013338272 ], [ -69.870498657789298, 3.370599984612463 ], [ -69.862396240282749, 3.405200004320593 ], [ -69.912696837974266, 3.504199982496397 ], [ -69.883300780504513, 3.49309992817991 ], [ -69.834800719517688, 3.423000097252161 ], [ -69.809402465983823, 3.414799928201195 ], [ -69.848701477216537, 3.477400064214505 ], [ -69.843498230742838, 3.512000083679713 ], [ -69.821601868377243, 3.500999926786995 ], [ -69.804298400500556, 3.461600065830836 ], [ -69.779502867969725, 3.519299983282275 ], [ -69.726997375341242, 3.507499932836634 ], [ -69.743202209958227, 3.539900064637661 ], [ -69.725303650497921, 3.546200037242095 ], [ -69.702301024577281, 3.525899887900484 ], [ -69.696502684877302, 3.491800068962524 ], [ -69.664199829942476, 3.537300110367996 ], [ -69.640602112389686, 3.525000095814013 ], [ -69.619300841758175, 3.551500081948613 ], [ -69.607696533112389, 3.527800082742617 ], [ -69.588798523115472, 3.611999987766616 ], [ -69.599761963910652, 3.634766101983901 ], [ -69.519599914132797, 3.641200064811392 ], [ -69.49770355270168, 3.61739993160875 ], [ -69.466598511717791, 3.673899888135118 ], [ -69.405403136462922, 3.61989998722566 ], [ -69.289596558697426, 3.66330003666672 ], [ -69.301696778072184, 3.595200061921463 ], [ -69.265403748524719, 3.612400054285033 ], [ -69.271697999051142, 3.676599979242025 ], [ -69.241798401524349, 3.66140008056819 ], [ -69.241203308779205, 3.630800009044544 ], [ -69.219802857306021, 3.635900021234244 ], [ -69.211799622140362, 3.65840005867257 ], [ -69.191596985137878, 3.636399984704855 ], [ -69.169700622949733, 3.641499996505774 ], [ -69.164497374872582, 3.627000093918546 ], [ -69.193298341059673, 3.601700066574879 ], [ -69.177200317006665, 3.592999935959243 ], [ -69.11150360059402, 3.635999916966045 ], [ -69.098800659887488, 3.60360002459108 ], [ -69.071098328998545, 3.610399961200677 ], [ -69.060699463899624, 3.593100071205832 ], [ -68.978897094497128, 3.641799926578202 ], [ -68.938499450933236, 3.632400036607868 ], [ -68.946601867221645, 3.690200090654343 ], [ -68.93280029428152, 3.693599939868361 ], [ -68.917800904447247, 3.654900074461398 ], [ -68.830703735443535, 3.626800061086251 ], [ -68.856101990458257, 3.680000066324206 ], [ -68.782302856170958, 3.676199913341561 ], [ -68.756401063584718, 3.73160004536913 ], [ -68.731101989877416, 3.718800068291905 ], [ -68.654998781110947, 3.721899987217657 ], [ -68.674598693952575, 3.742199898665311 ], [ -68.654403687955067, 3.754300116904382 ], [ -68.634201051397, 3.72880005850652 ], [ -68.578903199473586, 3.74119997038899 ], [ -68.557502747779253, 3.724400042580442 ], [ -68.547698974893407, 3.735300064780866 ], [ -68.563301087124714, 3.762500047107142 ], [ -68.511398316442964, 3.738100052714952 ], [ -68.508598329384796, 3.770400046633211 ], [ -68.437698365105476, 3.803600072405686 ], [ -68.438903809327897, 3.825000048372791 ], [ -68.387001038354128, 3.804500103415975 ], [ -68.385200502608313, 3.822999953793881 ], [ -68.424499513188948, 3.84689998564693 ], [ -68.425003053093633, 3.865900040439292 ], [ -68.349502564193074, 3.865600109422896 ], [ -68.35359954925427, 3.914200067147215 ], [ -68.337997438350172, 3.941200016905721 ], [ -68.215202333877585, 3.911799907507882 ], [ -68.199699403553396, 3.930299998200639 ], [ -68.221603395576736, 3.947700024102149 ], [ -68.127601626103967, 3.939800024948489 ], [ -68.124702455881376, 3.896399975736765 ], [ -68.079803469476559, 3.925699949081616 ], [ -68.076896670143782, 3.895699977819974 ], [ -68.035400392568235, 3.956099987899192 ], [ -68.021003726038899, 3.92840004001855 ], [ -67.935096742856658, 3.902600049441065 ], [ -67.911399843914154, 3.85969996452387 ], [ -67.897598268400174, 3.860300063964095 ], [ -67.713203433315698, 3.987699985582981 ] ] ] } },
{ "type": "Feature", "properties": { "NOMBRE_DPT": "GUAVIARE" }, "geometry": { "type": "Polygon", "coordinates": [ [ [ -71.289398193190877, 2.838200091663488 ], [ -71.095199584449503, 2.845500708208885 ], [ -71.057701110095564, 2.826800108604781 ], [ -71.057098388161847, 2.777699948050209 ], [ -71.021896361573027, 2.802999972380172 ], [ -70.96540069637453, 2.795799970378527 ], [ -70.952697754622662, 2.791699886283113 ], [ -70.949302672458231, 2.750099896506503 ], [ -70.935997008910746, 2.820600033199107 ], [ -70.888198852869607, 2.763200043721719 ], [ -70.874298096456926, 2.793699980265008 ], [ -70.859901428659711, 2.787899971273556 ], [ -70.878402710526075, 2.745199917984244 ], [ -70.782096862418229, 2.75180006058229 ], [ -70.805099486459369, 2.725899935197494 ], [ -70.734802245242648, 2.746400117725454 ], [ -70.71350097614517, 2.708100079694776 ], [ -70.655899048275103, 2.756400108949719 ], [ -70.65989685099872, 2.817100048975384 ], [ -70.640296936467479, 2.807800053644571 ], [ -70.615501404188478, 2.757400036052318 ], [ -70.601097107703893, 2.798399925370266 ], [ -70.501899718640757, 2.746500015227869 ], [ -70.859802246162644, 2.542399884135701 ], [ -70.83959961009387, 2.493799924782343 ], [ -70.761199951651349, 2.499799967447849 ], [ -70.62729644807969, 2.267600060070091 ], [ -70.550598144486045, 2.234999894578717 ], [ -70.509696960969521, 2.236000060237019 ], [ -70.499900818728179, 2.196599959552382 ], [ -70.396102904777052, 2.223299980376155 ], [ -70.397300720292918, 2.210099936296782 ], [ -70.343696594935452, 2.204099893496761 ], [ -70.33789825527731, 2.184999942576143 ], [ -70.313102721611344, 2.175600051287217 ], [ -70.288902282885886, 2.195699929583658 ], [ -70.298698424635958, 2.211999893797991 ], [ -70.237602234174275, 2.217499971516849 ], [ -70.241096497413466, 2.201900004833304 ], [ -70.173599243146484, 2.200999974291979 ], [ -70.150596619005469, 2.226900101046469 ], [ -70.112503052512793, 2.220999956832894 ], [ -70.045700074024921, 2.247900008989733 ], [ -70.041000366475899, 2.224699973285118 ], [ -69.997802734432611, 2.215300083431423 ], [ -70.023696900330449, 2.197499990974213 ], [ -70.005302429127354, 2.175499915532177 ], [ -70.0686035163111, 2.093699932735058 ], [ -70.122802734841628, 2.069700001906211 ], [ -70.116508484799155, 2.032721041841435 ], [ -70.213302611618545, 1.979400038501921 ], [ -70.299201964632957, 1.976899982156494 ], [ -70.338897705225051, 1.951599955960793 ], [ -70.371803284541102, 1.959300040585696 ], [ -70.421897888398874, 1.942100047748578 ], [ -70.438102721742169, 1.956699967045938 ], [ -70.510101318212421, 1.906100035410574 ], [ -70.531997680564984, 1.911999941024862 ], [ -70.5544967655227, 1.891899943456313 ], [ -70.620201110998636, 1.891000031890308 ], [ -70.670303345211579, 1.871600032594954 ], [ -70.753898620090538, 1.886399985026838 ], [ -70.767196654728409, 1.873100041616988 ], [ -70.778701781831657, 1.884099961078813 ], [ -70.841499328478235, 1.870499968997433 ], [ -70.89630127008968, 1.879400015504943 ], [ -70.953903199047588, 1.799999952564326 ], [ -71.199401856111606, 1.689499974266159 ], [ -71.263397217114175, 1.626799940332315 ], [ -71.392501830571092, 1.683400035415967 ], [ -71.418403625354841, 1.553500056455072 ], [ -71.457603455499424, 1.525400042156549 ], [ -71.558296204265602, 1.227800012289026 ], [ -71.553100586073612, 1.178599954333168 ], [ -71.507499694831651, 1.076799988714431 ], [ -71.536903381228413, 1.076900004965894 ], [ -71.547302245805099, 1.118600010991043 ], [ -71.568603515600003, 1.12790000389595 ], [ -71.561096191377658, 1.084499955894539 ], [ -71.591598509928289, 1.086400031471682 ], [ -71.60720062221327, 1.01479995225699 ], [ -71.693000793085204, 0.94700002655264 ], [ -71.764503479596442, 0.949599980987191 ], [ -71.811096191749073, 0.847000002632367 ], [ -72.044998169790816, 0.636600017397971 ], [ -72.096900939932766, 0.626399993193962 ], [ -72.085403443162832, 0.648299992334397 ], [ -72.122299194657259, 0.669300019245037 ], [ -72.138999938274651, 0.7045999757173 ], [ -72.163200379018136, 0.693099975114749 ], [ -72.18340301604249, 0.703000009258424 ], [ -72.177101135290258, 0.683399975889271 ], [ -72.212196349504822, 0.692700029302386 ], [ -72.239303589724486, 0.676100015021007 ], [ -72.24510192958796, 0.736800014651556 ], [ -72.273399353114456, 0.763999998463918 ], [ -72.281402587538651, 0.740999996759187 ], [ -72.321197509506746, 0.774100005386378 ], [ -72.305702210175909, 0.841600001347631 ], [ -72.338600159020402, 0.846899985820599 ], [ -72.347801209190564, 0.812300026756672 ], [ -72.362197875061113, 0.901899993460821 ], [ -72.405998229065816, 0.889900028521178 ], [ -72.397399902318412, 0.915899991180842 ], [ -72.423896789308969, 0.950100005210622 ], [ -72.41699981729559, 0.972000002641919 ], [ -72.437202453962783, 1.009099959462511 ], [ -72.484497069422588, 1.056100010726668 ], [ -72.531196594356274, 1.053400039762232 ], [ -72.6119995111235, 1.095299959317041 ], [ -72.669601441188448, 1.156800032517124 ], [ -72.677696227180192, 1.139999986275269 ], [ -72.73880004851334, 1.164000034404273 ], [ -72.74279785161292, 1.136299967989494 ], [ -72.765899657840563, 1.127099990010539 ], [ -72.792396544708382, 1.159000039883627 ], [ -72.843696594893714, 1.164399981972758 ], [ -72.844299315521852, 1.14999997685066 ], [ -72.882896422704007, 1.147300005500117 ], [ -72.875396729321707, 1.131000041167072 ], [ -72.897903442976883, 1.110299944847075 ], [ -72.87419891283551, 1.085999965799699 ], [ -72.910499573499791, 1.074000000098457 ], [ -72.885696410415505, 1.044999956945408 ], [ -72.882301330944912, 1.028800011526807 ], [ -72.899002075885036, 1.028300046190845 ], [ -72.890899657434275, 1.008100033330317 ], [ -72.94680023242968, 0.99680000614843 ], [ -72.981903075905706, 0.941999971513353 ], [ -73.013702392999505, 0.940400003919796 ], [ -73.018798828718374, 0.9103999742753 ], [ -73.096603393399633, 0.888199984520342 ], [ -73.150802611970093, 0.906899989322091 ], [ -73.211997985633559, 0.981700002543089 ], [ -73.251197814467019, 0.98710000585454 ], [ -73.436897277526128, 1.164600013769856 ], [ -73.455398559489197, 1.278499961165074 ], [ -73.543701171306225, 1.383399963606228 ], [ -73.55580139075748, 1.379400015793276 ], [ -73.617500304397282, 1.476099968701163 ], [ -73.653800964818103, 1.490100025274901 ], [ -73.63300323407428, 2.316600085013323 ], [ -73.648002624019853, 2.332900046958707 ], [ -73.616302490477068, 2.359899997315848 ], [ -73.605300903953548, 2.365600109538283 ], [ -73.57710266142783, 2.331399917443905 ], [ -73.54879760763643, 2.365400076149811 ], [ -73.533302306965439, 2.323100090270242 ], [ -73.493499756455847, 2.341399908967257 ], [ -73.47850036671835, 2.317699909467788 ], [ -73.464698791936314, 2.332099915103852 ], [ -73.476799010686065, 2.361599922322605 ], [ -73.456596374201666, 2.365600108521682 ], [ -73.447402954970258, 2.321599959520385 ], [ -73.41220092807086, 2.330699920666191 ], [ -73.395500182865334, 2.30579996128466 ], [ -73.384002685934107, 2.342099904218485 ], [ -73.362602233198913, 2.335099936094535 ], [ -73.369003296260431, 2.310300111764604 ], [ -73.346496582366797, 2.327500105224053 ], [ -73.262901306831239, 2.332999945409566 ], [ -73.253700255619293, 2.349100113614328 ], [ -73.28079986637924, 2.357899904696504 ], [ -73.230697630991429, 2.384799956559702 ], [ -73.223701477857318, 2.368599891364731 ], [ -73.182197569935028, 2.378799914944683 ], [ -73.177597046377556, 2.349400043370342 ], [ -73.142997741275352, 2.357899903571286 ], [ -73.159202575129228, 2.38509988764311 ], [ -73.121101378674084, 2.36470007976507 ], [ -73.076202391884379, 2.411299943331911 ], [ -73.036399841801227, 2.403100013044064 ], [ -73.006401062788356, 2.424299954540582 ], [ -72.964897155738981, 2.3889000413741 ], [ -72.985099792883588, 2.449100017436925 ], [ -72.937797546124159, 2.444200038272962 ], [ -72.937896728390726, 2.455199957614548 ], [ -72.9736022956792, 2.488300085251839 ], [ -72.90619659490001, 2.546400069945623 ], [ -72.812797547033867, 2.583499908512238 ], [ -72.753997803552167, 2.550299882872292 ], [ -72.723503113596806, 2.602799891902556 ], [ -72.697601318728971, 2.59570002555416 ], [ -72.683097839794655, 2.551800012094187 ], [ -72.660697936822629, 2.596699953812609 ], [ -72.589797973794632, 2.591200112390196 ], [ -72.619201660416621, 2.635799885219905 ], [ -72.560997009749272, 2.636199950527572 ], [ -72.530403136728438, 2.681699992034684 ], [ -72.454299926957802, 2.679600000499308 ], [ -72.364402770375449, 2.745100022153509 ], [ -72.291198730233774, 2.751100062445569 ], [ -72.275703430652953, 2.777100086754062 ], [ -72.205299377885751, 2.728800057717142 ], [ -72.221000671930938, 2.828799962930189 ], [ -72.149497986554593, 2.856300116329973 ], [ -72.10849761953942, 2.808700083808919 ], [ -72.032402038880107, 2.792200089018292 ], [ -72.005897522187524, 2.76959991401842 ], [ -71.834701538051917, 2.806400060757657 ], [ -71.81459808258569, 2.822499991269693 ], [ -71.786903381831223, 2.813699960601016 ], [ -71.782302856068853, 2.858200073667352 ], [ -71.730400085062129, 2.823899985020478 ], [ -71.676200867013549, 2.826499938587602 ], [ -71.677902221066176, 2.807499885701822 ], [ -71.596702574944445, 2.811199902920294 ], [ -71.551696776996295, 2.834700107044776 ], [ -71.496398925641955, 2.826400041790135 ], [ -71.476196289664784, 2.84940004414872 ], [ -71.395500183036589, 2.816099881756977 ], [ -71.381698607997905, 2.8501999384398 ], [ -71.368400573076073, 2.833300112821675 ], [ -71.323997498175231, 2.877599955308325 ], [ -71.289398193190877, 2.838200091663488 ] ] ] } },
{ "type": "Feature", "properties": { "NOMBRE_DPT": "VAUPES" }, "geometry": { "type": "Polygon", "coordinates": [ [ [ -70.112998962012483, 1.985299944430301 ], [ -70.137100220309705, 1.935799957125332 ], [ -70.189002990590865, 1.92209994857875 ], [ -70.17739868149242, 1.824399947354397 ], [ -70.138801574723686, 1.815000056955201 ], [ -70.003303527430234, 1.704699993095829 ], [ -69.854499816543154, 1.667099952188175 ], [ -69.852996826920517, 1.041000008115631 ], [ -69.83339691187625, 1.033400059129137 ], [ -69.76830291804626, 1.068400024888381 ], [ -69.732597351550794, 1.068199992839875 ], [ -69.719299317245131, 1.041599989088177 ], [ -69.634002685739461, 1.054499983033216 ], [ -69.59069824317163, 1.035300016715149 ], [ -69.51000213709635, 1.039499997639131 ], [ -69.465599059556411, 1.014500022404518 ], [ -69.368202209299113, 1.040699959506314 ], [ -69.329002380841075, 1.032999992159895 ], [ -69.23619842500672, 0.982400000054409 ], [ -69.232101440126414, 0.920000017054075 ], [ -69.199203491975879, 0.901899993553762 ], [ -69.209602356240467, 0.869599997806902 ], [ -69.173301696613152, 0.820399999093375 ], [ -69.193397522413989, 0.78350001491906 ], [ -69.184700012671669, 0.721599996676136 ], [ -69.206001282254405, 0.691699981556303 ], [ -69.197998047620544, 0.665700017636889 ], [ -69.151199341347748, 0.634899973467785 ], [ -69.151199341652145, 0.597299992724164 ], [ -69.215797424883348, 0.598200023802801 ], [ -69.241096497302053, 0.565299987477933 ], [ -69.292999268621926, 0.567300021934117 ], [ -69.314903260311368, 0.601999998320689 ], [ -69.390998840356048, 0.584500015469731 ], [ -69.494300842142195, 0.684800028324394 ], [ -69.5207977303169, 0.684899985939248 ], [ -69.62850189172903, 0.587800025172657 ], [ -69.649299621815231, 0.58730000248402 ], [ -69.678100586650146, 0.614499986111707 ], [ -69.731697082555627, 0.602100015291522 ], [ -69.749000548642456, 0.566299974422613 ], [ -69.81639862050389, 0.539499998177583 ], [ -70.00029754594631, 0.519999981707389 ], [ -70.053298950686013, 0.491299986096313 ], [ -70.069099426866075, -0.154400006360585 ], [ -70.021202088232116, -0.256199986345883 ], [ -69.920799256058544, -0.369300008419236 ], [ -69.864303589330504, -0.37070000234729 ], [ -69.725303650571618, -0.486200005270562 ], [ -69.625602722817959, -0.536899983655982 ], [ -69.59089660672177, -0.675100029008058 ], [ -69.632896423523192, -0.777700006680465 ], [ -69.556198120643884, -0.87800002055974 ], [ -69.529602050501339, -0.956600009757041 ], [ -69.449501038364673, -1.040199995824543 ], [ -69.433296203303811, -1.08870005556944 ], [ -69.436203002460701, -1.11530006004984 ], [ -69.488601685459884, -1.128399967488982 ], [ -69.47470092777094, -1.181599974532985 ], [ -69.49379730211858, -1.190099955295019 ], [ -69.478202820010608, -1.216799974959336 ], [ -69.486801147470615, -1.251999974007328 ], [ -69.571601868148065, -1.223299980480492 ], [ -69.590599060091193, -1.201900006157946 ], [ -69.630401610947715, -1.217900037928309 ], [ -69.639602660776987, -1.257699966941718 ], [ -69.671302796335382, -1.258700013471014 ], [ -69.686897277472582, -1.230900048632013 ], [ -69.683403015168807, -1.173200011322973 ], [ -69.663299560530774, -1.143800020358724 ], [ -69.731903075905493, -1.072499990449466 ], [ -69.781501769869379, -1.081500054094801 ], [ -69.764198303825523, -1.116799950436577 ], [ -69.742797851762404, -1.124999999739089 ], [ -69.751502990739027, -1.137099981911048 ], [ -69.786102295415191, -1.130599975044013 ], [ -69.824699402127095, -1.069200038738507 ], [ -69.87660217364683, -1.110599994294967 ], [ -69.962501526103651, -1.131600022958628 ], [ -69.974601745700156, -1.119400024909165 ], [ -69.950897217554058, -1.092300057890514 ], [ -69.950401305479758, -1.041499972896356 ], [ -69.913497924523426, -1.0121999975199 ], [ -69.959098815673528, -0.983699977661856 ], [ -69.99999999987358, -1.007799982568848 ], [ -70.029403687351362, -0.967800020811376 ], [ -70.046699524488687, -1.010499954932271 ], [ -70.076698303120281, -0.986100018383899 ], [ -70.136596680414002, -1.021100044570532 ], [ -70.142402648178376, -1.051100015750418 ], [ -70.093902588375698, -1.051900029726142 ], [ -70.083503723578602, -1.082499980304334 ], [ -70.126197815502621, -1.099099992903759 ], [ -70.150901793751643, -1.149299978831039 ], [ -70.166496276569177, -1.144600033184559 ], [ -70.189002990198219, -1.104599952139561 ], [ -70.224197387175934, -1.085399985901752 ], [ -70.202301025381018, -1.052600025332858 ], [ -70.200599671134967, -1.016800046503328 ], [ -70.231101990268769, -1.025300026524044 ], [ -70.241500855087594, -1.054200053256791 ], [ -70.269203186166166, -1.054000020488824 ], [ -70.299797058721964, -0.999000012875334 ], [ -70.264602660742852, -0.976700007454804 ], [ -70.235801696027607, -0.913800001623465 ], [ -70.276802062707119, -0.857599973432982 ], [ -70.289497375999844, -0.810199975149746 ], [ -70.258399962787095, -0.781499981230247 ], [ -70.267097473240639, -0.634699999477007 ], [ -70.2941970817608, -0.59990000696111 ], [ -70.312103271815815, -0.623499989229617 ], [ -70.316703795798816, -0.607900023615288 ], [ -70.291900634960712, -0.560100019217591 ], [ -70.23780059835866, -0.511799990820995 ], [ -70.207801818422524, -0.511900006925431 ], [ -70.208999634621151, -0.489399999405945 ], [ -70.299499512454304, -0.457800000789666 ], [ -70.315597534600101, -0.480800002177686 ], [ -70.36399841280236, -0.492199987231463 ], [ -70.327697753909064, -0.518899977112739 ], [ -70.367996215829947, -0.525699973858826 ], [ -70.394599914538986, -0.502499997099261 ], [ -70.459098815975423, -0.521300018105552 ], [ -70.460899352829955, -0.485399991319952 ], [ -70.523803711184073, -0.407200008075907 ], [ -70.564102172362723, -0.400099993357675 ], [ -70.584297179374346, -0.417899995352087 ], [ -70.642501831424369, -0.36340001166288 ], [ -70.670799255136671, -0.379400015481273 ], [ -70.763603209908098, -0.325300008554394 ], [ -70.796401977167505, -0.372000008149513 ], [ -70.851799011941367, -0.388500004245448 ], [ -70.900199890319712, -0.339199990432626 ], [ -70.901397705725515, -0.276199996276948 ], [ -70.959098815753109, -0.188800007065632 ], [ -70.918197631463912, -0.153699993263452 ], [ -70.961502075636687, -0.087099999859907 ], [ -71.016799927478857, -0.045800000419865 ], [ -71.049697876714376, -0.050299998723892 ], [ -71.054298401343857, -0.070000000272385 ], [ -71.067596435668122, -0.037500001536026 ], [ -71.117698669348997, -0.028700000429211 ], [ -71.146003723018978, -0.0002999994095 ], [ -71.163902283102601, -0.008299999119649 ], [ -71.19499969439903, 0.057700001310899 ], [ -71.238800048226821, 0.057900000388356 ], [ -71.249801635824099, 0.028500000263236 ], [ -71.316596984714565, 0.044399999095384 ], [ -71.358802795346861, 0.124799996726073 ], [ -71.369102477778384, 0.131200000043778 ], [ -71.376098633094813, 0.111599996180647 ], [ -71.412399292789843, 0.158600002519274 ], [ -71.42739868234726, 0.159199998479412 ], [ -71.43659973180614, 0.117600002067837 ], [ -71.486114501982954, 0.11805752660914 ], [ -71.476898193450523, 0.134599998005313 ], [ -71.487899779775034, 0.148499995101898 ], [ -71.517303466776099, 0.105300001653635 ], [ -71.54440307659317, 0.092699997659225 ], [ -71.555900573175421, 0.096199996135817 ], [ -71.547897339456355, 0.140100002727551 ], [ -71.602600098427445, 0.143800004682508 ], [ -71.580703735026589, 0.1800999942652 ], [ -71.651000976255887, 0.156100004635569 ], [ -71.630302428950571, 0.195899993739523 ], [ -71.677597046535368, 0.183300003701789 ], [ -71.734100341405451, 0.247700005611358 ], [ -71.722602843923411, 0.28810000439998 ], [ -71.760101317862066, 0.26170000407392 ], [ -71.769897460372263, 0.293500005479319 ], [ -71.803298950767385, 0.309799998223399 ], [ -71.785499573564223, 0.331099986663937 ], [ -71.825798035100391, 0.33649998837199 ], [ -71.817703247339679, 0.315100014260002 ], [ -71.859199523633976, 0.315200001519714 ], [ -71.858703614008022, 0.364300011964409 ], [ -71.839103698628563, 0.371199994999943 ], [ -71.86789703401017, 0.404799998385376 ], [ -71.931396484484097, 0.424699992450103 ], [ -71.925598145026626, 0.441399992213831 ], [ -71.945800781010931, 0.455399990468916 ], [ -71.929702758843732, 0.480699985902796 ], [ -71.95970153807805, 0.546700001062641 ], [ -71.972900391053344, 0.539799988289493 ], [ -71.960197448961736, 0.51090001981641 ], [ -72.002296447389568, 0.528999983728492 ], [ -72.016799926749044, 0.567200004769934 ], [ -71.997703552291242, 0.600600004824052 ], [ -72.042198181343949, 0.638899982327254 ], [ -71.811096192161997, 0.847000003572773 ], [ -71.764503479245263, 0.949599980631894 ], [ -71.693000793356504, 0.947000026656117 ], [ -71.607200621997066, 1.014799951722559 ], [ -71.591598511271044, 1.086400031703525 ], [ -71.561096191977867, 1.084499955075443 ], [ -71.568603516200142, 1.127900004694641 ], [ -71.547302246438292, 1.11860001093845 ], [ -71.536903381184175, 1.076900004972523 ], [ -71.507499694531177, 1.076799988666334 ], [ -71.553100585631782, 1.178599953042931 ], [ -71.558296203480396, 1.22780001223714 ], [ -71.457603455370545, 1.525400042621984 ], [ -71.418403624830134, 1.553500055843314 ], [ -71.392501830744266, 1.683400034503407 ], [ -71.263397217024917, 1.626799941541281 ], [ -71.199401855017229, 1.689499974248397 ], [ -70.95390319895067, 1.799999951561563 ], [ -70.896301268873927, 1.879400015636346 ], [ -70.84149932787507, 1.870499968330058 ], [ -70.778701782708396, 1.88409996083453 ], [ -70.767196654622339, 1.873100042462319 ], [ -70.753898620510441, 1.886399983669896 ], [ -70.702003479473277, 1.867699981176744 ], [ -70.554496765612924, 1.891899943467973 ], [ -70.531997680947455, 1.911999940517725 ], [ -70.510101317815696, 1.90610003485916 ], [ -70.468597412878282, 1.925600051547775 ], [ -70.468597412123316, 1.94000005647652 ], [ -70.43810272158278, 1.956699966625561 ], [ -70.421897887487432, 1.942100048849345 ], [ -70.371803283733954, 1.959300041023923 ], [ -70.338897705064113, 1.951599955447858 ], [ -70.299201965171918, 1.976899981501315 ], [ -70.213302611979302, 1.979400038129925 ], [ -70.12740325950368, 2.03279995918129 ], [ -70.113601684338221, 2.032700061831222 ], [ -70.112998962012483, 1.985299944430301 ] ] ] } },
{ "type": "Feature", "properties": { "NOMBRE_DPT": "VICHADA" }, "geometry": { "type": "Polygon", "coordinates": [ [ [ -67.796897890117876, 6.279500008217281 ], [ -67.591102604134647, 6.256100177355921 ], [ -67.503501895328171, 6.195700167784183 ], [ -67.525901798745792, 6.125899792078301 ], [ -67.508598331894007, 6.058199881786528 ], [ -67.458999637849359, 5.985199928487906 ], [ -67.622596744902054, 5.805699824841746 ], [ -67.650703434189467, 5.644100189397849 ], [ -67.635696414057236, 5.522699833358492 ], [ -67.651802065727907, 5.477700233415675 ], [ -67.677101139207309, 5.437399863351031 ], [ -67.846496584104457, 5.32779979730707 ], [ -67.891502381924482, 5.245999813629819 ], [ -67.862602236216915, 5.17420005769794 ], [ -67.879302981455908, 5.117700099480653 ], [ -67.835403445239365, 5.012400150106048 ], [ -67.880798342181123, 4.834099768971019 ], [ -67.874397280693529, 4.722599983613886 ], [ -67.916397096392586, 4.550600052392189 ], [ -67.882896426334469, 4.471300124493998 ], [ -67.845497133212845, 4.443999767361771 ], [ -67.81719970960323, 4.382100105686481 ], [ -67.815902712125805, 4.182799816052175 ], [ -67.713798526771583, 3.997499942351447 ], [ -67.732200626155219, 3.96530008341538 ], [ -67.782302859805711, 3.949300050952682 ], [ -67.905700685853645, 3.859699963978942 ], [ -67.935096743823735, 3.902600049584338 ], [ -68.012298586191207, 3.923700093446649 ], [ -68.035400392988208, 3.956099987401136 ], [ -68.076896669796326, 3.895699977590223 ], [ -68.079803468619374, 3.925699949615846 ], [ -68.124702455605586, 3.896399975463592 ], [ -68.127601625245603, 3.939800023385486 ], [ -68.221603394663617, 3.947700022887618 ], [ -68.199699403877176, 3.930299996641649 ], [ -68.215202333127806, 3.911799906702127 ], [ -68.337997438021247, 3.941200017416031 ], [ -68.353599548865148, 3.914200067481685 ], [ -68.349502565031443, 3.86560010870785 ], [ -68.425003052414922, 3.865900040423241 ], [ -68.424499512679546, 3.846899985979726 ], [ -68.38520050223218, 3.822999953363827 ], [ -68.387001038561408, 3.804500102738326 ], [ -68.438903810507355, 3.825000048199579 ], [ -68.437698364689552, 3.803600073287948 ], [ -68.508598328424199, 3.770400046564839 ], [ -68.511398316995738, 3.738100052246459 ], [ -68.563301088280411, 3.762500048086949 ], [ -68.547698975789288, 3.735300064849166 ], [ -68.557502747905119, 3.724400042968413 ], [ -68.578903198709199, 3.741199969501193 ], [ -68.634201050055367, 3.728800057458379 ], [ -68.654403687697723, 3.754300117646565 ], [ -68.674598695529085, 3.742199896872744 ], [ -68.654998779707441, 3.721899987068405 ], [ -68.731101990325371, 3.718800068351155 ], [ -68.756401063607981, 3.731600045981581 ], [ -68.782302857851988, 3.676199913718118 ], [ -68.856101990853645, 3.680000066803487 ], [ -68.830703735937519, 3.626800060495771 ], [ -68.917800904459696, 3.654900074644376 ], [ -68.9328002926691, 3.693599938430331 ], [ -68.946601868025269, 3.690200090745388 ], [ -68.933898925744117, 3.635900020946176 ], [ -68.978897096129856, 3.641799927187467 ], [ -69.053199768384104, 3.5929999357697 ], [ -69.071098327463119, 3.610399962074159 ], [ -69.098800658998556, 3.603600025788924 ], [ -69.111503601586392, 3.635999918527788 ], [ -69.177200317235119, 3.592999934492445 ], [ -69.193298339619119, 3.601700067567501 ], [ -69.164497375100254, 3.627000093444358 ], [ -69.1697006223323, 3.641499996143092 ], [ -69.191596985001439, 3.636399983598183 ], [ -69.211799621623072, 3.65840005834312 ], [ -69.219802856410411, 3.635900020008043 ], [ -69.241203308376697, 3.630800008911777 ], [ -69.241798401035126, 3.661400080105609 ], [ -69.271697998864184, 3.676599980202862 ], [ -69.265403748478064, 3.612400054233817 ], [ -69.301696778441553, 3.595200061489533 ], [ -69.287300109625249, 3.652899980648811 ], [ -69.305702208972846, 3.667500019479512 ], [ -69.396797180629079, 3.619899988734112 ], [ -69.466598511150465, 3.673899888632082 ], [ -69.497703552451298, 3.617399930252263 ], [ -69.519599915034931, 3.641200065234751 ], [ -69.580101014129625, 3.641999959508813 ], [ -69.599761962833043, 3.634766101622407 ], [ -69.588798522657029, 3.611999988448715 ], [ -69.607696534204948, 3.527800083808131 ], [ -69.619300842114626, 3.551500082215368 ], [ -69.640602111604196, 3.525000095599073 ], [ -69.664199828687103, 3.537300110260915 ], [ -69.696502685014778, 3.491800070468015 ], [ -69.702301025591311, 3.525899886199305 ], [ -69.725303650756629, 3.54620003780113 ], [ -69.743202208851571, 3.539900064025219 ], [ -69.726997376061178, 3.507499933597878 ], [ -69.779502868798474, 3.519299984786306 ], [ -69.804298400499064, 3.461600066006409 ], [ -69.82160186700807, 3.500999927298834 ], [ -69.843498230924126, 3.512000084444359 ], [ -69.84870147723619, 3.477400063952753 ], [ -69.809402465462, 3.414799927819477 ], [ -69.834800720909399, 3.423000097752547 ], [ -69.883300781484408, 3.493099927803374 ], [ -69.9126968380519, 3.504199981549514 ], [ -69.862396240024097, 3.405200004396971 ], [ -69.877403259542703, 3.366600037151098 ], [ -69.957603455375747, 3.418900012827408 ], [ -69.963897704518487, 3.39580011363536 ], [ -69.942001343148306, 3.357599973589346 ], [ -69.982902526803244, 3.331799983493852 ], [ -70.008796692372769, 3.334800005397935 ], [ -70.034797668964828, 3.378200054537805 ], [ -70.097602844643717, 3.341000079531488 ], [ -70.113197326957746, 3.349100112804314 ], [ -70.171897887729969, 3.30719995476274 ], [ -70.109100342221581, 3.25670003939697 ], [ -70.150596618205881, 3.234899997158149 ], [ -70.120002746175786, 3.164900064907769 ], [ -70.135002136367021, 3.157399892637896 ], [ -70.167297363492523, 3.184099913422426 ], [ -70.163803100839175, 3.140799999627897 ], [ -70.175903319999932, 3.128099918768387 ], [ -70.212196350821642, 3.155400036909735 ], [ -70.311302184537567, 3.039200066705144 ], [ -70.314201354490606, 3.028800010553873 ], [ -70.263999939050436, 3.021600008032829 ], [ -70.254203796478052, 3.001399994133654 ], [ -70.297996520978558, 2.984800100393157 ], [ -70.279502867954349, 2.911400079837679 ], [ -70.301399230211061, 2.8761999615994 ], [ -70.346900939970695, 2.853899956302837 ], [ -70.350402832086658, 2.806600094690318 ], [ -70.421302794705696, 2.794100046768871 ], [ -70.516296387314156, 2.746599913253955 ], [ -70.601097107638594, 2.798399925661241 ], [ -70.615501402943025, 2.757400036282739 ], [ -70.640296936507426, 2.807800053809624 ], [ -70.659896849778988, 2.817100048689388 ], [ -70.655899048652287, 2.756400109135589 ], [ -70.713500976701397, 2.708100080004169 ], [ -70.734802245277734, 2.746400117095739 ], [ -70.805099487081648, 2.725899934352148 ], [ -70.782096863477662, 2.751800060927691 ], [ -70.878402709847762, 2.745199918732032 ], [ -70.859901427631556, 2.787899970630235 ], [ -70.874298096169355, 2.793699979926221 ], [ -70.88819885171668, 2.763200045342918 ], [ -70.93599700968052, 2.820600032549721 ], [ -70.949302673438808, 2.750099896851537 ], [ -70.952697753697223, 2.791699885763231 ], [ -70.965400695792454, 2.795799970278852 ], [ -71.021896362066471, 2.802999973427777 ], [ -71.057098389169624, 2.777699948014153 ], [ -71.057701110747672, 2.826800107151684 ], [ -71.095199585278166, 2.845500706982291 ], [ -71.074897766094651, 4.672399998234297 ], [ -71.085403442943289, 4.863100052142994 ], [ -71.02369689983567, 4.933899879185451 ], [ -70.963302613157509, 5.073400019789377 ], [ -70.867599487433736, 5.105299949023054 ], [ -70.835899353027202, 5.149099826553048 ], [ -70.739700317837986, 5.208199978462532 ], [ -70.697097778885237, 5.2680997854482 ], [ -70.692497253205644, 5.32180023217158 ], [ -70.501197814967654, 5.468299865180636 ], [ -70.391098022494745, 5.528500079774073 ], [ -70.239501953178319, 5.54460000999902 ], [ -70.141502381289612, 5.588099955723396 ], [ -70.11620330813534, 5.633600234685977 ], [ -70.050498963241736, 5.654099941289926 ], [ -70.047096253053667, 5.694600106154012 ], [ -70.00330352797819, 5.741199970760518 ], [ -69.93820190347212, 5.875999926939781 ], [ -69.84609985367878, 6.009099960071143 ], [ -69.623001098308293, 5.988500118103673 ], [ -69.480598449107788, 6.021999836727836 ], [ -69.451797485940418, 6.040400028737685 ], [ -69.447074890402419, 6.068870543912326 ], [ -69.365402221186656, 6.104100226595426 ], [ -69.329002380959551, 6.051400185318655 ], [ -69.246597290850886, 6.06150007203509 ], [ -69.174598694310717, 6.124100208643943 ], [ -69.136596679346269, 6.18459987666218 ], [ -68.991302491408916, 6.172999859218963 ], [ -68.969902039348867, 6.148099899513104 ], [ -68.875999451078272, 6.155200004854083 ], [ -68.814903260469677, 6.125500201474255 ], [ -68.704200745904757, 6.104800223412673 ], [ -68.606796265831392, 6.126900195434 ], [ -68.555999757308655, 6.106500149200339 ], [ -68.47129821836397, 6.14830017103098 ], [ -68.317398073137966, 6.14940023478727 ], [ -68.125503541040104, 6.20870018019946 ], [ -68.003799440521803, 6.174699783424262 ], [ -67.960601808167311, 6.195300102593743 ], [ -67.93699646134273, 6.235000132911405 ], [ -67.823501589832389, 6.295199871352686 ], [ -67.796897890117876, 6.279500008217281 ] ] ] } },
{ "type": "Feature", "properties": { "NOMBRE_DPT": "ARCHIPIELAGO DE SAN ANDRES PROVIDENCIA Y SANTA CATALINA" }, "geometry": { "type": "MultiPolygon", "coordinates": [ [ [ [ -81.712956964829402, 12.594562811518577 ], [ -81.690201889611515, 12.583506173474115 ], [ -81.710832117378473, 12.575353707078332 ], [ -81.706637298111119, 12.546532419480979 ], [ -81.733317427823678, 12.482992092760478 ], [ -81.735846009931578, 12.557733187313975 ], [ -81.712956964829402, 12.594562811518577 ] ] ], [ [ [ -81.374711295140656, 13.397437161248071 ], [ -81.380226941575557, 13.384230731215434 ], [ -81.384541164731829, 13.39121656011096 ], [ -81.374711295140656, 13.397437161248071 ] ] ], [ [ [ -81.370205911869732, 13.385835942340497 ], [ -81.352910986296095, 13.359637691833115 ], [ -81.392254818432477, 13.32348148034729 ], [ -81.395573199805, 13.361547887072055 ], [ -81.370205911869732, 13.385835942340497 ] ] ] ] } }
]
}
