anio,trazabilidad,departamento,tipo,modalidad,contratos,valor,nombre_geojson
2017.0,Departamento único,Boyacá,Prestación de servicios,Mínima cuantía,2,35263209.0,BOYACA
2017.0,Departamento único,Caldas,Arrendamiento de inmuebles,Contratación Directa (con ofertas),2,45803098.0,CALDAS
2017.0,Departamento único,Casanare,Prestación de servicios,Mínima cuantía,1,13682000.0,CASANARE
2017.0,Departamento único,Córdoba,Obra,Mínima cuantía,1,19292839.02,CORDOBA
2017.0,Departamento único,Córdoba,Prestación de servicios,Mínima cuantía,1,26349150.0,CORDOBA
2017.0,Departamento único,Guaviare,Obra,Mínima cuantía,1,54069820.5,GUAVIARE
2017.0,Departamento único,Huila,Obra,Mínima cuantía,1,66886034.0,HUILA
2017.0,Departamento único,Huila,Prestación de servicios,Mínima cuantía,2,94390268.97,HUILA
2017.0,Departamento único,Meta,Obra,Mínima cuantía,1,13497210.0,META
2017.0,Departamento único,Putumayo,Prestación de servicios,Mínima cuantía,1,1397655.0,PUTUMAYO
2017.0,Departamento único,Quindío,Prestación de servicios,Mínima cuantía,2,68520449.0,QUINDIO
2017.0,Departamento único,Risaralda,Prestación de servicios,Mínima cuantía,1,25200001.0,RISARALDA
2017.0,Departamento único,Santander,Obra,Mínima cuantía,2,72447580.56,SANTANDER
2017.0,Departamento único,Sucre,Consultoría,Mínima cuantía,1,50380554.0,SUCRE
2017.0,Departamento único,Sucre,Obra,Mínima cuantía,1,44903207.0,SUCRE
2017.0,Departamento único,Sucre,Prestación de servicios,Mínima cuantía,1,55155560.0,SUCRE
2017.0,Departamento único,Sucre,Suministros,Mínima cuantía,1,22137570.0,SUCRE
2017.0,No territorializable,,Compraventa,Mínima cuantía,1,7840368.0,
2017.0,No territorializable,,Interventoría,Mínima cuantía,1,90892200.0,
2017.0,No territorializable,,Obra,Mínima cuantía,1,82064750.0,
2017.0,No territorializable,,Prestación de servicios,Contratación directa,1,8400000.0,
2017.0,No territorializable,,Prestación de servicios,Mínima cuantía,5,195772407.0,
2017.0,No territorializable,,Suministros,Mínima cuantía,16,1366574572.43,
2018.0,Departamento único,Amazonas,Consultoría,Concurso de méritos abierto,1,138337000.0,AMAZONAS
2018.0,Departamento único,Antioquia,Interventoría,Concurso de méritos abierto,17,20721313382.0,ANTIOQUIA
2018.0,Departamento único,Antioquia,Interventoría,Mínima cuantía,2,39554469.0,ANTIOQUIA
2018.0,Departamento único,Antioquia,Obra,Contratación Directa (con ofertas),1,2810163157.0,ANTIOQUIA
2018.0,Departamento único,Antioquia,Obra,Mínima cuantía,5,353467803.0,ANTIOQUIA
2018.0,Departamento único,Antioquia,Obra,Selección Abreviada de Menor Cuantía,5,2556288015.0,ANTIOQUIA
2018.0,Departamento único,Antioquia,Otro,Contratación Directa (con ofertas),4,266224051808.0,ANTIOQUIA
2018.0,Departamento único,Antioquia,Prestación de servicios,Contratación directa,2,28667400.0,ANTIOQUIA
2018.0,Departamento único,Atlántico,Obra,Mínima cuantía,1,25000000.0,ATLANTICO
2018.0,Departamento único,Atlántico,Obra,Selección Abreviada de Menor Cuantía,1,79991158.0,ATLANTICO
2018.0,Departamento único,Atlántico,Prestación de servicios,Mínima cuantía,1,1780240.0,ATLANTICO
2018.0,Departamento único,Bogotá D.C.,Prestación de servicios,Mínima cuantía,1,46792323.0,SANTAFE DE BOGOTA D.C
2018.0,Departamento único,Bolívar,Arrendamiento de inmuebles,Contratación directa,1,5200000.0,BOLIVAR
2018.0,Departamento único,Bolívar,Consultoría,Concurso de méritos abierto,1,161970900.0,BOLIVAR
2018.0,Departamento único,Bolívar,Consultoría,Mínima cuantía,1,47759460.0,BOLIVAR
2018.0,Departamento único,Bolívar,Interventoría,Concurso de méritos abierto,2,4732960988.5,BOLIVAR
2018.0,Departamento único,Bolívar,Interventoría,Mínima cuantía,2,115292661.0,BOLIVAR
2018.0,Departamento único,Bolívar,Obra,Mínima cuantía,6,270262017.0,BOLIVAR
2018.0,Departamento único,Bolívar,Obra,Selección Abreviada de Menor Cuantía,3,900445550.0,BOLIVAR
2018.0,Departamento único,Bolívar,Prestación de servicios,Mínima cuantía,1,6844807.0,BOLIVAR
2018.0,Departamento único,Boyacá,Compraventa,Mínima cuantía,1,63665085.0,BOYACA
2018.0,Departamento único,Boyacá,Consultoría,Concurso de méritos abierto,2,883828083.0,BOYACA
2018.0,Departamento único,Boyacá,Consultoría,Mínima cuantía,1,62889525.0,BOYACA
2018.0,Departamento único,Boyacá,Interventoría,Concurso de méritos abierto,12,35802231315.0,BOYACA
2018.0,Departamento único,Boyacá,Interventoría,Mínima cuantía,5,189463341.21,BOYACA
2018.0,Departamento único,Boyacá,Obra,Licitación pública,2,8248990272.0,BOYACA
2018.0,Departamento único,Boyacá,Obra,Mínima cuantía,2,82684963.5,BOYACA
2018.0,Departamento único,Boyacá,Obra,Selección Abreviada de Menor Cuantía,8,4057769419.23,BOYACA
2018.0,Departamento único,Boyacá,Otro,Contratación Directa (con ofertas),1,315036000000.0,BOYACA
2018.0,Departamento único,Boyacá,Prestación de servicios,Mínima cuantía,2,23805000.0,BOYACA
2018.0,Departamento único,Caldas,Interventoría,Concurso de méritos abierto,9,5190891098.0,CALDAS
2018.0,Departamento único,Caldas,Interventoría,Mínima cuantía,3,141209282.0,CALDAS
2018.0,Departamento único,Caldas,Obra,Contratación Directa (con ofertas),1,7010968668.3,CALDAS
2018.0,Departamento único,Caldas,Obra,Mínima cuantía,1,60514128.0,CALDAS
2018.0,Departamento único,Caldas,Obra,Selección Abreviada de Menor Cuantía,4,1087048159.0,CALDAS
2018.0,Departamento único,Caldas,Otro,Contratación Directa (con ofertas),1,7593834.0,CALDAS
2018.0,Departamento único,Caquetá,Obra,Contratación Directa (con ofertas),1,4061275908.0,CAQUETA
2018.0,Departamento único,Caquetá,Obra,Mínima cuantía,4,177950699.0,CAQUETA
2018.0,Departamento único,Caquetá,Obra,Selección Abreviada de Menor Cuantía,1,395938945.0,CAQUETA
2018.0,Departamento único,Caquetá,Otro,Contratación Directa (con ofertas),1,264996345.0,CAQUETA
2018.0,Departamento único,Caquetá,Prestación de servicios,Mínima cuantía,3,69111376.3,CAQUETA
2018.0,Departamento único,Caquetá,Suministros,Mínima cuantía,3,13874476.0,CAQUETA
2018.0,Departamento único,Casanare,Consultoría,Concurso de méritos abierto,1,1103410340.0,CASANARE
2018.0,Departamento único,Casanare,Interventoría,Concurso de méritos abierto,1,353190318.0,CASANARE
2018.0,Departamento único,Casanare,Obra,Mínima cuantía,6,296317517.0,CASANARE
2018.0,Departamento único,Casanare,Obra,Selección Abreviada de Menor Cuantía,2,594396029.0,CASANARE
2018.0,Departamento único,Casanare,Prestación de servicios,Mínima cuantía,2,57902594.0,CASANARE
2018.0,Departamento único,Casanare,Suministros,Mínima cuantía,1,5652500.0,CASANARE
2018.0,Departamento único,Cauca,Interventoría,Concurso de méritos abierto,4,1636674704.0,CAUCA
2018.0,Departamento único,Cauca,Interventoría,Mínima cuantía,2,123623257.0,CAUCA
2018.0,Departamento único,Cauca,Obra,Contratación Directa (con ofertas),1,13026230310.94,CAUCA
2018.0,Departamento único,Cauca,Obra,Selección Abreviada de Menor Cuantía,2,1596526135.0,CAUCA
2018.0,Departamento único,Cesar,Acuerdo Marco de Precios,Licitación pública,1,12367342090.0,CESAR
2018.0,Departamento único,Cesar,Interventoría,Concurso de méritos abierto,2,2794045925.0,CESAR
2018.0,Departamento único,Cesar,Interventoría,Mínima cuantía,1,46408590.4,CESAR
2018.0,Departamento único,Cesar,Obra,Contratación directa,1,3150000000.0,CESAR
2018.0,Departamento único,Cesar,Otro,Contratación directa,1,350000000.0,CESAR
2018.0,Departamento único,Cesar,Prestación de servicios,Mínima cuantía,1,74970000.0,CESAR
2018.0,Departamento único,Chocó,Interventoría,Concurso de méritos abierto,2,220988533.0,CHOCO
2018.0,Departamento único,Chocó,Obra,Mínima cuantía,1,30000000.0,CHOCO
2018.0,Departamento único,Chocó,Obra,Selección Abreviada de Menor Cuantía,1,758055509.0,CHOCO
2018.0,Departamento único,Cundinamarca,Consultoría,Concurso de méritos abierto,1,114163840.0,CUNDINAMARCA
2018.0,Departamento único,Cundinamarca,Interventoría,Concurso de méritos abierto,1,1049989290.0,CUNDINAMARCA
2018.0,Departamento único,Cundinamarca,Obra,Licitación pública,1,8337000000.0,CUNDINAMARCA
2018.0,Departamento único,Cundinamarca,Obra,Mínima cuantía,2,75220757.0,CUNDINAMARCA
2018.0,Departamento único,Cundinamarca,Otro,Mínima cuantía,1,12884130.0,CUNDINAMARCA
2018.0,Departamento único,Cundinamarca,Prestación de servicios,Mínima cuantía,1,6715170.0,CUNDINAMARCA
2018.0,Departamento único,Córdoba,Interventoría,Concurso de méritos abierto,1,1114561521.0,CORDOBA
2018.0,Departamento único,Córdoba,Obra,Licitación pública,1,27458000000.0,CORDOBA
2018.0,Departamento único,Córdoba,Obra,Mínima cuantía,5,191437733.0,CORDOBA
2018.0,Departamento único,Córdoba,Obra,Selección Abreviada de Menor Cuantía,1,135135676.0,CORDOBA
2018.0,Departamento único,Córdoba,Prestación de servicios,Mínima cuantía,3,17754729.0,CORDOBA
2018.0,Departamento único,Córdoba,Suministros,Mínima cuantía,3,182666817.26999998,CORDOBA
2018.0,Departamento único,Córdoba,Suministros,Selección abreviada subasta inversa,1,599934335.0,CORDOBA
2018.0,Departamento único,Guaviare,Interventoría,Concurso de méritos abierto,1,270349258.0,GUAVIARE
2018.0,Departamento único,Huila,Consultoría,Mínima cuantía,1,67814160.0,HUILA
2018.0,Departamento único,Huila,Interventoría,Concurso de méritos abierto,1,1199984768.0,HUILA
2018.0,Departamento único,Huila,Interventoría,Mínima cuantía,4,140428617.0,HUILA
2018.0,Departamento único,Huila,Obra,Mínima cuantía,7,352383851.98,HUILA
2018.0,Departamento único,Huila,Obra,Selección Abreviada de Menor Cuantía,5,2617703022.0,HUILA
2018.0,Departamento único,Huila,Prestación de servicios,Mínima cuantía,1,17312301.0,HUILA
2018.0,Departamento único,Huila,Suministros,Mínima cuantía,1,12216531.0,HUILA
2018.0,Departamento único,Huila,Suministros,Selección abreviada subasta inversa,1,248975241.0,HUILA
2018.0,Departamento único,Magdalena,Interventoría,Concurso de méritos abierto,1,1181711111.0,MAGDALENA
2018.0,Departamento único,Magdalena,Obra,Mínima cuantía,5,300237741.0,MAGDALENA
2018.0,Departamento único,Magdalena,Prestación de servicios,Mínima cuantía,2,28713144.0,MAGDALENA
2018.0,Departamento único,Meta,Interventoría,Concurso de méritos abierto,3,563207508.0,META
2018.0,Departamento único,Meta,Interventoría,Mínima cuantía,1,9933525.0,META
2018.0,Departamento único,Meta,Obra,Licitación pública,2,4108459287.0,META
2018.0,Departamento único,Meta,Obra,Mínima cuantía,9,402689492.1,META
2018.0,Departamento único,Meta,Obra,Selección Abreviada de Menor Cuantía,1,73946299.88,META
2018.0,Departamento único,Meta,Prestación de servicios,Mínima cuantía,1,21150767.0,META
2018.0,Departamento único,Nariño,Consultoría,Concurso de méritos abierto,1,338778720.0,NARIÑO
2018.0,Departamento único,Nariño,Consultoría,Mínima cuantía,2,129242924.0,NARIÑO
2018.0,Departamento único,Nariño,Interventoría,Concurso de méritos abierto,2,345623970.0,NARIÑO
2018.0,Departamento único,Nariño,Interventoría,Mínima cuantía,2,91014118.1,NARIÑO
2018.0,Departamento único,Nariño,Obra,Licitación pública,1,6259727716.0,NARIÑO
2018.0,Departamento único,Nariño,Obra,Mínima cuantía,2,91550004.0,NARIÑO
2018.0,Departamento único,Nariño,Obra,Selección Abreviada de Menor Cuantía,5,2009927945.0,NARIÑO
2018.0,Departamento único,Nariño,Prestación de servicios,Contratación directa,1,91142800.0,NARIÑO
2018.0,Departamento único,Nariño,Prestación de servicios,Mínima cuantía,3,90220365.0,NARIÑO
2018.0,Departamento único,Nariño,Suministros,Mínima cuantía,2,74355960.0,NARIÑO
2018.0,Departamento único,Norte de Santander,Obra,Mínima cuantía,7,331982893.4,NORTE DE SANTANDER
2018.0,Departamento único,Norte de Santander,Obra,Selección Abreviada de Menor Cuantía,2,1318638354.47,NORTE DE SANTANDER
2018.0,Departamento único,Norte de Santander,Prestación de servicios,Mínima cuantía,2,22812111.0,NORTE DE SANTANDER
2018.0,Departamento único,Putumayo,Interventoría,Concurso de méritos abierto,2,3891126609.0,PUTUMAYO
2018.0,Departamento único,Putumayo,Interventoría,Mínima cuantía,1,51621605.0,PUTUMAYO
2018.0,Departamento único,Putumayo,Obra,Selección Abreviada de Menor Cuantía,1,620131496.0,PUTUMAYO
2018.0,Departamento único,Putumayo,Prestación de servicios,Mínima cuantía,1,53435831.0,PUTUMAYO
2018.0,Departamento único,Putumayo,Suministros,Mínima cuantía,1,25020001.0,PUTUMAYO
2018.0,Departamento único,Quindío,Interventoría,Concurso de méritos abierto,2,777346580.0,QUINDIO
2018.0,Departamento único,Quindío,Obra,Contratación Directa (con ofertas),1,5419238921.23,QUINDIO
2018.0,Departamento único,Quindío,Obra,Mínima cuantía,1,7900500.0,QUINDIO
2018.0,Departamento único,Quindío,Obra,Selección Abreviada de Menor Cuantía,3,1028591956.6,QUINDIO
2018.0,Departamento único,Quindío,Prestación de servicios,Contratación directa,4,188851693.0,QUINDIO
2018.0,Departamento único,Quindío,Prestación de servicios,Mínima cuantía,6,27545221.990000002,QUINDIO
2018.0,Departamento único,Quindío,Prestación de servicios,Selección Abreviada de Menor Cuantía,1,114885099.0,QUINDIO
2018.0,Departamento único,Risaralda,Interventoría,Concurso de méritos abierto,3,1820482451.0,RISARALDA
2018.0,Departamento único,Risaralda,Interventoría,Mínima cuantía,1,65835302.0,RISARALDA
2018.0,Departamento único,Risaralda,Obra,Contratación Directa (con ofertas),1,2507737159.05,RISARALDA
2018.0,Departamento único,Risaralda,Obra,Mínima cuantía,1,67153397.0,RISARALDA
2018.0,Departamento único,Risaralda,Obra,Selección Abreviada de Menor Cuantía,1,492387027.0,RISARALDA
2018.0,Departamento único,Risaralda,Prestación de servicios,Mínima cuantía,1,49455821.0,RISARALDA
2018.0,Departamento único,Santander,Consultoría,Concurso de méritos abierto,1,296998215.0,SANTANDER
2018.0,Departamento único,Santander,Consultoría,Mínima cuantía,1,40561269.0,SANTANDER
2018.0,Departamento único,Santander,Interventoría,Concurso de méritos abierto,11,9506143234.0,SANTANDER
2018.0,Departamento único,Santander,Obra,Licitación pública,4,202668344322.0,SANTANDER
2018.0,Departamento único,Santander,Obra,Mínima cuantía,7,294490764.0,SANTANDER
2018.0,Departamento único,Santander,Otro,Contratación Directa (con ofertas),3,82583809324.0,SANTANDER
2018.0,Departamento único,Santander,Prestación de servicios,Contratación directa,1,68519500.0,SANTANDER
2018.0,Departamento único,Santander,Prestación de servicios,Mínima cuantía,2,24929114.0,SANTANDER
2018.0,Departamento único,Santander,Suministros,Mínima cuantía,1,55006818.0,SANTANDER
2018.0,Departamento único,Sucre,Consultoría,Concurso de méritos abierto,1,400583512.0,SUCRE
2018.0,Departamento único,Sucre,Interventoría,Mínima cuantía,1,13437730.0,SUCRE
2018.0,Departamento único,Sucre,Obra,Mínima cuantía,3,149927875.0,SUCRE
2018.0,Departamento único,Sucre,Obra,Selección Abreviada de Menor Cuantía,1,308086573.4,SUCRE
2018.0,Departamento único,Sucre,Prestación de servicios,Mínima cuantía,1,7148219.0,SUCRE
2018.0,Departamento único,Tolima,Consultoría,Concurso de méritos abierto,1,425377876.0,TOLIMA
2018.0,Departamento único,Tolima,Consultoría,Mínima cuantía,2,86697450.0,TOLIMA
2018.0,Departamento único,Tolima,Interventoría,Concurso de méritos abierto,1,1534601853.0,TOLIMA
2018.0,Departamento único,Tolima,Interventoría,Mínima cuantía,4,169003238.0,TOLIMA
2018.0,Departamento único,Tolima,Obra,Licitación pública,2,381019316.0,TOLIMA
2018.0,Departamento único,Tolima,Obra,Mínima cuantía,6,311027907.42,TOLIMA
2018.0,Departamento único,Tolima,Obra,Selección Abreviada de Menor Cuantía,6,1299768732.0,TOLIMA
2018.0,Departamento único,Tolima,Prestación de servicios,Mínima cuantía,3,74614446.0,TOLIMA
2018.0,Departamento único,Tolima,Suministros,Mínima cuantía,8,625475392.02,TOLIMA
2018.0,Departamento único,Valle del Cauca,Consultoría,Concurso de méritos abierto,1,191418640.0,VALLE DEL CAUCA
2018.0,Departamento único,Valle del Cauca,Interventoría,Concurso de méritos abierto,4,1717524689.0,VALLE DEL CAUCA
2018.0,Departamento único,Valle del Cauca,Obra,Contratación Directa (con ofertas),1,5392264922.28,VALLE DEL CAUCA
2018.0,Departamento único,Valle del Cauca,Obra,Licitación pública,1,4000000000.0,VALLE DEL CAUCA
2018.0,Departamento único,Valle del Cauca,Obra,Mínima cuantía,2,110242118.0,VALLE DEL CAUCA
2018.0,Departamento único,Valle del Cauca,Prestación de servicios,Mínima cuantía,1,29084742.0,VALLE DEL CAUCA
2018.0,Multidepartamental,,Acuerdo Marco de Precios,Licitación pública,4,397479994279.68,
2018.0,Multidepartamental,,Arrendamiento de inmuebles,Contratación directa,2,106807491.47,
2018.0,Multidepartamental,,Consultoría,Concurso de méritos abierto,1,219485079.0,
2018.0,Multidepartamental,,Interventoría,Concurso de méritos abierto,12,36445707525.0,
2018.0,Multidepartamental,,Obra,Licitación pública,2,16736143459.0,
2018.0,Multidepartamental,,Obra,Mínima cuantía,2,83634758.0,
2018.0,Multidepartamental,,Obra,Selección Abreviada de Menor Cuantía,2,559335528.0,
2018.0,Multidepartamental,,Prestación de servicios,Mínima cuantía,3,166766705.0,
2018.0,Multidepartamental,,Prestación de servicios,Selección Abreviada de Menor Cuantía,1,828751021.0,
2018.0,No territorializable,,Arrendamiento de inmuebles,Contratación directa,1,1070368593.68,
2018.0,No territorializable,,Comodato,Contratación directa,1,300000000.0,
2018.0,No territorializable,,Compraventa,Mínima cuantía,3,19436050.0,
2018.0,No territorializable,,Compraventa,Selección abreviada subasta inversa,1,1305360000.0,
2018.0,No territorializable,,Consultoría,Concurso de méritos abierto,3,2094085394.0,
2018.0,No territorializable,,Interventoría,Concurso de méritos abierto,7,4888876447.0,
2018.0,No territorializable,,Interventoría,Mínima cuantía,5,224832383.0,
2018.0,No territorializable,,Obra,Licitación pública,4,6182224280.0,
2018.0,No territorializable,,Obra,Mínima cuantía,34,2405419223.31,
2018.0,No territorializable,,Obra,Selección Abreviada de Menor Cuantía,7,2485125562.0,
2018.0,No territorializable,,Otro,Contratación Directa (con ofertas),1,50000000.0,
2018.0,No territorializable,,Otro,Contratación directa,1,863265656.0,
2018.0,No territorializable,,Prestación de servicios,Contratación directa,543,42964877438.28,
2018.0,No territorializable,,Prestación de servicios,Licitación pública,2,9241503751.0,
2018.0,No territorializable,,Prestación de servicios,Mínima cuantía,9,379643745.0,
2018.0,No territorializable,,Prestación de servicios,Selección Abreviada de Menor Cuantía,8,14333096736.0,
2018.0,No territorializable,,Prestación de servicios,Selección abreviada subasta inversa,1,1195088022.0,
2018.0,No territorializable,,Suministros,Mínima cuantía,32,2066709818.45,
2018.0,No territorializable,,Suministros,Selección Abreviada de Menor Cuantía,2,5000000000.0,
2018.0,No territorializable,,Suministros,Selección abreviada subasta inversa,3,1630000000.0,
2019.0,Departamento único,Amazonas,Interventoría,Concurso de méritos abierto,1,79250000.0,AMAZONAS
2019.0,Departamento único,Amazonas,Interventoría,Mínima cuantía,2,57349600.0,AMAZONAS
2019.0,Departamento único,Amazonas,Obra,Selección Abreviada de Menor Cuantía,1,400094846.0,AMAZONAS
2019.0,Departamento único,Antioquia,Consultoría,Mínima cuantía,1,48510910.0,ANTIOQUIA
2019.0,Departamento único,Antioquia,Interventoría,Concurso de méritos abierto,3,11282800959.0,ANTIOQUIA
2019.0,Departamento único,Antioquia,Interventoría,Mínima cuantía,2,129948710.0,ANTIOQUIA
2019.0,Departamento único,Antioquia,Obra,Mínima cuantía,6,374118243.0,ANTIOQUIA
2019.0,Departamento único,Antioquia,Obra,Selección Abreviada de Menor Cuantía,1,1141468194.0,ANTIOQUIA
2019.0,Departamento único,Antioquia,Suministros,Mínima cuantía,1,82800000.0,ANTIOQUIA
2019.0,Departamento único,Arauca,Interventoría,Concurso de méritos abierto,2,769338433.0,ARAUCA
2019.0,Departamento único,Arauca,Obra,Licitación pública Obra Publica,1,228104334.62,ARAUCA
2019.0,Departamento único,Arauca,Obra,Mínima cuantía,1,89737635.0,ARAUCA
2019.0,Departamento único,Arauca,Obra,Selección Abreviada de Menor Cuantía,1,579564797.0,ARAUCA
2019.0,Departamento único,Atlántico,Consultoría,Concurso de méritos abierto,1,318689140.0,ATLANTICO
2019.0,Departamento único,Atlántico,Consultoría,Mínima cuantía,1,49501978.0,ATLANTICO
2019.0,Departamento único,Atlántico,Obra,Licitación pública Obra Publica,1,2606800208.44,ATLANTICO
2019.0,Departamento único,Atlántico,Obra,Mínima cuantía,3,172627569.0,ATLANTICO
2019.0,Departamento único,Atlántico,Obra,Selección Abreviada de Menor Cuantía,3,611476615.0,ATLANTICO
2019.0,Departamento único,Atlántico,Prestación de servicios,Mínima cuantía,1,1681827.0,ATLANTICO
2019.0,Departamento único,Atlántico,Suministros,Mínima cuantía,1,4902800.0,ATLANTICO
2019.0,Departamento único,Bogotá D.C.,Obra,Mínima cuantía,1,36342650.0,SANTAFE DE BOGOTA D.C
2019.0,Departamento único,Bogotá D.C.,Prestación de servicios,Mínima cuantía,3,146781432.57999998,SANTAFE DE BOGOTA D.C
2019.0,Departamento único,Bolívar,Consultoría,Concurso de méritos abierto,1,777212800.0,BOLIVAR
2019.0,Departamento único,Bolívar,Interventoría,Concurso de méritos abierto,1,309816500.0,BOLIVAR
2019.0,Departamento único,Bolívar,Interventoría,Mínima cuantía,2,46633000.0,BOLIVAR
2019.0,Departamento único,Bolívar,Obra,Mínima cuantía,2,135706089.0,BOLIVAR
2019.0,Departamento único,Bolívar,Prestación de servicios,Selección Abreviada de Menor Cuantía,1,122611820.0,BOLIVAR
2019.0,Departamento único,Boyacá,Consultoría,Concurso de méritos abierto,8,7623369767.0,BOYACA
2019.0,Departamento único,Boyacá,Consultoría,Mínima cuantía,2,155924425.2,BOYACA
2019.0,Departamento único,Boyacá,Interventoría,Concurso de méritos abierto,5,1389014491.0,BOYACA
2019.0,Departamento único,Boyacá,Interventoría,Mínima cuantía,1,79867700.0,BOYACA
2019.0,Departamento único,Boyacá,Obra,Licitación pública Obra Publica,23,10726739625.880001,BOYACA
2019.0,Departamento único,Boyacá,Obra,Mínima cuantía,11,722086489.0,BOYACA
2019.0,Departamento único,Boyacá,Obra,Selección Abreviada de Menor Cuantía,4,2205457887.8,BOYACA
2019.0,Departamento único,Boyacá,Prestación de servicios,Mínima cuantía,1,15529000.0,BOYACA
2019.0,Departamento único,Caldas,Consultoría,Mínima cuantía,1,41963113.0,CALDAS
2019.0,Departamento único,Caldas,Interventoría,Concurso de méritos abierto,1,2894096337.0,CALDAS
2019.0,Departamento único,Caldas,Interventoría,Mínima cuantía,1,28720650.0,CALDAS
2019.0,Departamento único,Caldas,Obra,Licitación pública Obra Publica,10,10475297159.0,CALDAS
2019.0,Departamento único,Caldas,Obra,Mínima cuantía,7,408566328.0,CALDAS
2019.0,Departamento único,Caldas,Obra,Selección Abreviada de Menor Cuantía,2,533559077.0,CALDAS
2019.0,Departamento único,Caldas,Suministros,Mínima cuantía,2,122465280.0,CALDAS
2019.0,Departamento único,Caquetá,Consultoría,Mínima cuantía,4,217131327.0,CAQUETA
2019.0,Departamento único,Caquetá,Interventoría,Concurso de méritos abierto,3,1154673329.0,CAQUETA
2019.0,Departamento único,Caquetá,Interventoría,Mínima cuantía,1,24214715.0,CAQUETA
2019.0,Departamento único,Caquetá,Obra,Licitación pública,2,357025742.1,CAQUETA
2019.0,Departamento único,Caquetá,Obra,Licitación pública Obra Publica,19,30244100297.0,CAQUETA
2019.0,Departamento único,Caquetá,Obra,Mínima cuantía,14,1008656054.1,CAQUETA
2019.0,Departamento único,Caquetá,Obra,Selección Abreviada de Menor Cuantía,3,1052285781.0,CAQUETA
2019.0,Departamento único,Caquetá,Prestación de servicios,Mínima cuantía,1,2900000.0,CAQUETA
2019.0,Departamento único,Caquetá,Suministros,Mínima cuantía,9,706990864.0,CAQUETA
2019.0,Departamento único,Caquetá,Suministros,Selección abreviada subasta inversa,3,3211107182.0,CAQUETA
2019.0,Departamento único,Casanare,Consultoría,Concurso de méritos abierto,2,646527952.0,CASANARE
2019.0,Departamento único,Casanare,Interventoría,Mínima cuantía,3,84080735.0,CASANARE
2019.0,Departamento único,Casanare,Obra,Licitación pública Obra Publica,1,2037373920.0,CASANARE
2019.0,Departamento único,Casanare,Obra,Mínima cuantía,4,221596351.0,CASANARE
2019.0,Departamento único,Casanare,Obra,Selección Abreviada de Menor Cuantía,1,257514980.0,CASANARE
2019.0,Departamento único,Cauca,Consultoría,Mínima cuantía,1,42412207.2,CAUCA
2019.0,Departamento único,Cauca,Interventoría,Concurso de méritos abierto,2,2186038322.0,CAUCA
2019.0,Departamento único,Cauca,Obra,Licitación pública Obra Publica,1,3607865717.0,CAUCA
2019.0,Departamento único,Cauca,Obra,Mínima cuantía,2,135063300.0,CAUCA
2019.0,Departamento único,Cauca,Suministros,Mínima cuantía,1,53993989.0,CAUCA
2019.0,Departamento único,Cesar,Interventoría,Concurso de méritos abierto,3,2171438754.0,CESAR
2019.0,Departamento único,Cesar,Prestación de servicios,Contratación directa,1,73800000.0,CESAR
2019.0,Departamento único,Cesar,Prestación de servicios,Mínima cuantía,1,49980000.0,CESAR
2019.0,Departamento único,Chocó,Consultoría,Concurso de méritos abierto,1,323380358.0,CHOCO
2019.0,Departamento único,Chocó,Interventoría,Concurso de méritos abierto,5,6729910709.0,CHOCO
2019.0,Departamento único,Chocó,Obra,Licitación pública Obra Publica,3,7472511236.0,CHOCO
2019.0,Departamento único,Chocó,Obra,Mínima cuantía,2,119451937.73,CHOCO
2019.0,Departamento único,Chocó,Obra,Selección Abreviada de Menor Cuantía,1,86443455.0,CHOCO
2019.0,Departamento único,Cundinamarca,Consultoría,Concurso de méritos abierto,2,621362717.0,CUNDINAMARCA
2019.0,Departamento único,Cundinamarca,Consultoría,Mínima cuantía,1,37032601.0,CUNDINAMARCA
2019.0,Departamento único,Cundinamarca,Interventoría,Mínima cuantía,2,69530900.0,CUNDINAMARCA
2019.0,Departamento único,Cundinamarca,Obra,Mínima cuantía,1,49524018.0,CUNDINAMARCA
2019.0,Departamento único,Cundinamarca,Obra,Selección Abreviada de Menor Cuantía,2,554280374.0,CUNDINAMARCA
2019.0,Departamento único,Córdoba,Consultoría,Concurso de méritos abierto,1,208178600.0,CORDOBA
2019.0,Departamento único,Córdoba,Consultoría,Mínima cuantía,2,73318459.0,CORDOBA
2019.0,Departamento único,Córdoba,Interventoría,Concurso de méritos abierto,7,4684142175.0,CORDOBA
2019.0,Departamento único,Córdoba,Interventoría,Mínima cuantía,1,56240000.0,CORDOBA
2019.0,Departamento único,Córdoba,Obra,Licitación pública,1,4710294325.0,CORDOBA
2019.0,Departamento único,Córdoba,Obra,Licitación pública Obra Publica,17,18355966069.0,CORDOBA
2019.0,Departamento único,Córdoba,Obra,Mínima cuantía,8,427769600.5,CORDOBA
2019.0,Departamento único,Córdoba,Obra,Selección Abreviada de Menor Cuantía,3,630932282.0,CORDOBA
2019.0,Departamento único,Córdoba,Prestación de servicios,Mínima cuantía,2,5209096.0,CORDOBA
2019.0,Departamento único,Córdoba,Suministros,Mínima cuantía,6,367235943.6,CORDOBA
2019.0,Departamento único,Córdoba,Suministros,Selección abreviada subasta inversa,1,336319942.0,CORDOBA
2019.0,Departamento único,Guainía,Interventoría,Concurso de méritos abierto,1,199156006.0,GUAINIA
2019.0,Departamento único,Guaviare,Interventoría,Mínima cuantía,3,114572605.0,GUAVIARE
2019.0,Departamento único,Guaviare,Suministros,Mínima cuantía,1,81994379.0,GUAVIARE
2019.0,Departamento único,Huila,Consultoría,Concurso de méritos abierto,1,88274914.0,HUILA
2019.0,Departamento único,Huila,Interventoría,Concurso de méritos abierto,4,3285728007.0,HUILA
2019.0,Departamento único,Huila,Interventoría,Mínima cuantía,3,98593909.0,HUILA
2019.0,Departamento único,Huila,Obra,Contratación Directa (con ofertas),1,250000000.0,HUILA
2019.0,Departamento único,Huila,Obra,Licitación pública,2,16090402145.0,HUILA
2019.0,Departamento único,Huila,Obra,Licitación pública Obra Publica,26,25422813978.38,HUILA
2019.0,Departamento único,Huila,Obra,Mínima cuantía,2,130960872.0,HUILA
2019.0,Departamento único,Huila,Obra,Selección Abreviada de Menor Cuantía,5,1448831512.0,HUILA
2019.0,Departamento único,Huila,Prestación de servicios,Mínima cuantía,13,801258553.5,HUILA
2019.0,Departamento único,La Guajira,Interventoría,Concurso de méritos abierto,4,2114284606.0,LA GUAJIRA
2019.0,Departamento único,La Guajira,Obra,Mínima cuantía,1,11657002.0,LA GUAJIRA
2019.0,Departamento único,La Guajira,Prestación de servicios,Mínima cuantía,1,1846800.0,LA GUAJIRA
2019.0,Departamento único,Magdalena,Consultoría,Concurso de méritos abierto,2,637261660.0,MAGDALENA
2019.0,Departamento único,Magdalena,Interventoría,Concurso de méritos abierto,4,2873140642.41,MAGDALENA
2019.0,Departamento único,Magdalena,Obra,Licitación pública Obra Publica,7,10973931413.0,MAGDALENA
2019.0,Departamento único,Magdalena,Obra,Mínima cuantía,4,230739299.66,MAGDALENA
2019.0,Departamento único,Magdalena,Obra,Selección Abreviada de Menor Cuantía,2,643069711.0,MAGDALENA
2019.0,Departamento único,Magdalena,Prestación de servicios,Contratación directa,3,198699985.0,MAGDALENA
2019.0,Departamento único,Meta,Consultoría,Concurso de méritos abierto,1,371345450.0,META
2019.0,Departamento único,Meta,Interventoría,Mínima cuantía,1,75857293.0,META
2019.0,Departamento único,Meta,Obra,Licitación pública Obra Publica,1,2074617918.0,META
2019.0,Departamento único,Meta,Obra,Mínima cuantía,9,641119105.58,META
2019.0,Departamento único,Meta,Obra,Selección Abreviada de Menor Cuantía,1,498908079.0,META
2019.0,Departamento único,Nariño,Consultoría,Concurso de méritos abierto,4,8845382866.0,NARIÑO
2019.0,Departamento único,Nariño,Consultoría,Mínima cuantía,4,252261994.0,NARIÑO
2019.0,Departamento único,Nariño,Interventoría,Concurso de méritos abierto,5,4275381607.0,NARIÑO
2019.0,Departamento único,Nariño,Interventoría,Mínima cuantía,3,133264768.0,NARIÑO
2019.0,Departamento único,Nariño,Obra,Licitación pública Obra Publica,43,45228191878.2,NARIÑO
2019.0,Departamento único,Nariño,Obra,Mínima cuantía,13,998918946.0,NARIÑO
2019.0,Departamento único,Nariño,Obra,Selección Abreviada de Menor Cuantía,5,2065797730.0,NARIÑO
2019.0,Departamento único,Nariño,Prestación de servicios,Mínima cuantía,1,33918058.0,NARIÑO
2019.0,Departamento único,Nariño,Suministros,Mínima cuantía,1,76455477.0,NARIÑO
2019.0,Departamento único,Norte de Santander,Consultoría,Concurso de méritos abierto,1,323361080.0,NORTE DE SANTANDER
2019.0,Departamento único,Norte de Santander,Interventoría,Concurso de méritos abierto,6,4436562415.43,NORTE DE SANTANDER
2019.0,Departamento único,Norte de Santander,Interventoría,Mínima cuantía,5,368406134.0,NORTE DE SANTANDER
2019.0,Departamento único,Norte de Santander,Obra,Licitación pública Obra Publica,13,9038707680.0,NORTE DE SANTANDER
2019.0,Departamento único,Norte de Santander,Obra,Mínima cuantía,15,1148662965.0,NORTE DE SANTANDER
2019.0,Departamento único,Norte de Santander,Obra,Selección Abreviada de Menor Cuantía,3,1154471021.0,NORTE DE SANTANDER
2019.0,Departamento único,Norte de Santander,Otro,Mínima cuantía,1,4432750.0,NORTE DE SANTANDER
2019.0,Departamento único,Norte de Santander,Prestación de servicios,Mínima cuantía,1,24000000.0,NORTE DE SANTANDER
2019.0,Departamento único,Norte de Santander,Suministros,Mínima cuantía,1,12430145.0,NORTE DE SANTANDER
2019.0,Departamento único,Putumayo,Consultoría,Concurso de méritos abierto,1,2612803290.0,PUTUMAYO
2019.0,Departamento único,Putumayo,Consultoría,Mínima cuantía,3,139136468.0,PUTUMAYO
2019.0,Departamento único,Putumayo,Interventoría,Concurso de méritos abierto,1,1677155173.0,PUTUMAYO
2019.0,Departamento único,Putumayo,Interventoría,Mínima cuantía,2,73666994.0,PUTUMAYO
2019.0,Departamento único,Putumayo,Obra,Licitación pública,2,18562406464.0,PUTUMAYO
2019.0,Departamento único,Putumayo,Obra,Licitación pública Obra Publica,1,1136959400.0,PUTUMAYO
2019.0,Departamento único,Putumayo,Obra,Mínima cuantía,12,716060747.2,PUTUMAYO
2019.0,Departamento único,Putumayo,Obra,Selección Abreviada de Menor Cuantía,3,1209041979.5,PUTUMAYO
2019.0,Departamento único,Putumayo,Suministros,Mínima cuantía,3,245308471.0,PUTUMAYO
2019.0,Departamento único,Putumayo,Suministros,Selección Abreviada de Menor Cuantía,4,3187289287.0,PUTUMAYO
2019.0,Departamento único,Quindío,Consultoría,Concurso de méritos abierto,2,2767785768.0,QUINDIO
2019.0,Departamento único,Quindío,Consultoría,Mínima cuantía,1,108347001.0,QUINDIO
2019.0,Departamento único,Quindío,Obra,Licitación pública,1,219638263398.0,QUINDIO
2019.0,Departamento único,Quindío,Obra,Licitación pública Obra Publica,2,3565419154.0,QUINDIO
2019.0,Departamento único,Quindío,Obra,Mínima cuantía,4,261174616.0,QUINDIO
2019.0,Departamento único,Quindío,Obra,Selección Abreviada de Menor Cuantía,2,565956492.5,QUINDIO
2019.0,Departamento único,Quindío,Prestación de servicios,Contratación directa,4,315600000.0,QUINDIO
2019.0,Departamento único,Quindío,Prestación de servicios,Mínima cuantía,1,3835370.0,QUINDIO
2019.0,Departamento único,Quindío,Suministros,Mínima cuantía,1,75398400.0,QUINDIO
2019.0,Departamento único,Risaralda,Consultoría,Mínima cuantía,1,61014433.0,RISARALDA
2019.0,Departamento único,Risaralda,Interventoría,Concurso de méritos abierto,2,1421616418.0,RISARALDA
2019.0,Departamento único,Risaralda,Interventoría,Mínima cuantía,1,55612550.0,RISARALDA
2019.0,Departamento único,Risaralda,Obra,Mínima cuantía,3,233593372.0,RISARALDA
2019.0,Departamento único,Risaralda,Obra,Selección Abreviada de Menor Cuantía,2,988082380.0,RISARALDA
2019.0,Departamento único,Risaralda,Prestación de servicios,Mínima cuantía,1,82000000.0,RISARALDA
2019.0,Departamento único,Risaralda,Suministros,Mínima cuantía,1,67997523.0,RISARALDA
2019.0,Departamento único,San Andrés y Providencia,Consultoría,Concurso de méritos abierto,1,216734500.0,ARCHIPIELAGO DE SAN ANDRES PROVIDENCIA Y SANTA CATALINA
2019.0,Departamento único,Santander,Consultoría,Concurso de méritos abierto,2,1011861284.0,SANTANDER
2019.0,Departamento único,Santander,Consultoría,Mínima cuantía,2,83949339.0,SANTANDER
2019.0,Departamento único,Santander,Interventoría,Concurso de méritos abierto,6,19835747752.0,SANTANDER
2019.0,Departamento único,Santander,Interventoría,Mínima cuantía,3,195790830.0,SANTANDER
2019.0,Departamento único,Santander,Obra,Licitación pública Obra Publica,3,15143101932.0,SANTANDER
2019.0,Departamento único,Santander,Obra,Mínima cuantía,2,119549135.0,SANTANDER
2019.0,Departamento único,Santander,Obra,Selección Abreviada de Menor Cuantía,1,226893426.0,SANTANDER
2019.0,Departamento único,Santander,Suministros,Mínima cuantía,1,62890036.0,SANTANDER
2019.0,Departamento único,Sucre,Interventoría,Concurso de méritos abierto,2,7443387131.0,SUCRE
2019.0,Departamento único,Sucre,Interventoría,Mínima cuantía,3,128981700.0,SUCRE
2019.0,Departamento único,Sucre,Obra,Licitación pública Obra Publica,1,1079766151.0,SUCRE
2019.0,Departamento único,Sucre,Obra,Mínima cuantía,2,75137758.0,SUCRE
2019.0,Departamento único,Sucre,Obra,Selección Abreviada de Menor Cuantía,8,2341727588.0,SUCRE
2019.0,Departamento único,Tolima,Consultoría,Mínima cuantía,2,117158273.0,TOLIMA
2019.0,Departamento único,Tolima,Interventoría,Concurso de méritos abierto,2,303259198.0,TOLIMA
2019.0,Departamento único,Tolima,Interventoría,Mínima cuantía,1,28989080.0,TOLIMA
2019.0,Departamento único,Tolima,Obra,Licitación pública,2,422221385515.0,TOLIMA
2019.0,Departamento único,Tolima,Obra,Licitación pública Obra Publica,4,8495429735.0,TOLIMA
2019.0,Departamento único,Tolima,Obra,Mínima cuantía,4,326737267.0,TOLIMA
2019.0,Departamento único,Tolima,Obra,Selección Abreviada de Menor Cuantía,7,2764557738.0,TOLIMA
2019.0,Departamento único,Tolima,Suministros,Mínima cuantía,4,241261552.0,TOLIMA
2019.0,Departamento único,Valle del Cauca,Consultoría,Concurso de méritos abierto,2,3767876274.0,VALLE DEL CAUCA
2019.0,Departamento único,Valle del Cauca,Interventoría,Concurso de méritos abierto,4,2212764938.0,VALLE DEL CAUCA
2019.0,Departamento único,Valle del Cauca,Interventoría,Mínima cuantía,1,53986590.0,VALLE DEL CAUCA
2019.0,Departamento único,Valle del Cauca,Obra,Licitación pública Obra Publica,2,24220145304.0,VALLE DEL CAUCA
2019.0,Departamento único,Valle del Cauca,Obra,Mínima cuantía,2,83553124.0,VALLE DEL CAUCA
2019.0,Departamento único,Vaupés,Consultoría,Concurso de méritos abierto,1,389494735.0,VAUPES
2019.0,Departamento único,Vaupés,Interventoría,Concurso de méritos abierto,1,956752582.0,VAUPES
2019.0,Departamento único,Vaupés,Interventoría,Mínima cuantía,1,81518244.0,VAUPES
2019.0,Multidepartamental,,Consultoría,Concurso de méritos abierto,2,1139673749.0,
2019.0,Multidepartamental,,Consultoría,Mínima cuantía,1,28260120.0,
2019.0,Multidepartamental,,Interventoría,Concurso de méritos abierto,11,53334063427.0,
2019.0,Multidepartamental,,Interventoría,Mínima cuantía,3,126988671.0,
2019.0,Multidepartamental,,Obra,Licitación pública Obra Publica,9,77938930633.0,
2019.0,Multidepartamental,,Obra,Mínima cuantía,15,1120521387.0,
2019.0,Multidepartamental,,Obra,Selección Abreviada de Menor Cuantía,2,379343379.0,
2019.0,Multidepartamental,,Prestación de servicios,Licitación pública,1,1120454557.0,
2019.0,Multidepartamental,,Prestación de servicios,Mínima cuantía,5,375035945.0,
2019.0,Multidepartamental,,Suministros,Mínima cuantía,1,81603774.0,
2019.0,No territorializable,,Arrendamiento de inmuebles,Contratación directa,1,51340517661.23,
2019.0,No territorializable,,Arrendamiento de muebles,Mínima cuantía,1,89041372.0,
2019.0,No territorializable,,Compraventa,Mínima cuantía,4,205903258.0,
2019.0,No territorializable,,Compraventa,Selección abreviada subasta inversa,6,5425572295.0,
2019.0,No territorializable,,Concesión,Licitación pública,1,201490336335.0,
2019.0,No territorializable,,Consultoría,Concurso de méritos abierto,4,4151933348.0,
2019.0,No territorializable,,Consultoría,Mínima cuantía,6,393284920.2,
2019.0,No territorializable,,Interventoría,Concurso de méritos abierto,6,15008832174.27,
2019.0,No territorializable,,Interventoría,Mínima cuantía,12,428671685.0,
2019.0,No territorializable,,Obra,Licitación pública,10,29045844373.3,
2019.0,No territorializable,,Obra,Licitación pública Obra Publica,27,67697736732.96,
2019.0,No territorializable,,Obra,Mínima cuantía,74,5636519713.27,
2019.0,No territorializable,,Obra,Selección Abreviada de Menor Cuantía,21,7094662519.67,
2019.0,No territorializable,,Otro,Contratación directa,3,170000000.0,
2019.0,No territorializable,,Otro,Mínima cuantía,1,8291540.0,
2019.0,No territorializable,,Prestación de servicios,Contratación directa,310,21198940525.52,
2019.0,No territorializable,,Prestación de servicios,Licitación pública,3,13938107076.0,
2019.0,No territorializable,,Prestación de servicios,Mínima cuantía,11,439671523.0,
2019.0,No territorializable,,Prestación de servicios,Selección Abreviada de Menor Cuantía,2,1210000000.0,
2019.0,No territorializable,,Prestación de servicios,Selección abreviada subasta inversa,2,1690022600.0,
2019.0,No territorializable,,Seguros,Mínima cuantía,1,82598135.0,
2019.0,No territorializable,,Suministros,Mínima cuantía,47,3494314023.46,
2019.0,No territorializable,,Suministros,Selección Abreviada de Menor Cuantía,4,3055793006.0,
2019.0,No territorializable,,Suministros,Selección abreviada subasta inversa,5,4717091419.8,
2020.0,Departamento único,Amazonas,Consultoría,Concurso de méritos abierto,1,237976200.0,AMAZONAS
2020.0,Departamento único,Amazonas,Interventoría,Concurso de méritos abierto,3,2124404688.0,AMAZONAS
2020.0,Departamento único,Amazonas,Obra,Contratación directa,1,663000000.0,AMAZONAS
2020.0,Departamento único,Amazonas,Obra,Licitación pública Obra Publica,3,39993847158.0,AMAZONAS
2020.0,Departamento único,Antioquia,Consultoría,Concurso de méritos abierto,3,1474447591.0,ANTIOQUIA
2020.0,Departamento único,Antioquia,Consultoría,Mínima cuantía,1,56099746.0,ANTIOQUIA
2020.0,Departamento único,Antioquia,Interventoría,Concurso de méritos abierto,9,21914456589.51,ANTIOQUIA
2020.0,Departamento único,Antioquia,Interventoría,Mínima cuantía,3,284645977.0,ANTIOQUIA
2020.0,Departamento único,Antioquia,Obra,Contratación directa,39,37553633272.0,ANTIOQUIA
2020.0,Departamento único,Antioquia,Obra,Licitación pública Obra Publica,2,204641242349.0,ANTIOQUIA
2020.0,Departamento único,Antioquia,Obra,Mínima cuantía,3,211672406.81,ANTIOQUIA
2020.0,Departamento único,Antioquia,Obra,Selección Abreviada de Menor Cuantía,5,2907728216.0,ANTIOQUIA
2020.0,Departamento único,Antioquia,Otro,Contratación directa,1,510000000.0,ANTIOQUIA
2020.0,Departamento único,Antioquia,Prestación de servicios,Contratación directa,3,72046667.0,ANTIOQUIA
2020.0,Departamento único,Antioquia,Suministros,Mínima cuantía,3,216256558.0,ANTIOQUIA
2020.0,Departamento único,Arauca,Interventoría,Concurso de méritos abierto,2,593912913.0,ARAUCA
2020.0,Departamento único,Arauca,Obra,Contratación directa,6,5739364929.52,ARAUCA
2020.0,Departamento único,Arauca,Obra,Licitación pública Obra Publica,1,1794657498.0,ARAUCA
2020.0,Departamento único,Arauca,Obra,Selección Abreviada de Menor Cuantía,1,418617165.0,ARAUCA
2020.0,Departamento único,Atlántico,Consultoría,Concurso de méritos abierto,1,3003177700.38,ATLANTICO
2020.0,Departamento único,Atlántico,Interventoría,Concurso de méritos abierto,2,1196835164.0,ATLANTICO
2020.0,Departamento único,Atlántico,Obra,Contratación directa,7,4939333443.5,ATLANTICO
2020.0,Departamento único,Atlántico,Obra,Mínima cuantía,2,129191036.0,ATLANTICO
2020.0,Departamento único,Bogotá D.C.,Consultoría,Concurso de méritos abierto,1,1547600950.0,SANTAFE DE BOGOTA D.C
2020.0,Departamento único,Bogotá D.C.,Interventoría,Concurso de méritos abierto,1,345635500.0,SANTAFE DE BOGOTA D.C
2020.0,Departamento único,Bogotá D.C.,Obra,Mínima cuantía,1,69514653.0,SANTAFE DE BOGOTA D.C
2020.0,Departamento único,Bogotá D.C.,Prestación de servicios,Mínima cuantía,1,36999998.0,SANTAFE DE BOGOTA D.C
2020.0,Departamento único,Bogotá D.C.,Prestación de servicios,Selección Abreviada de Menor Cuantía,1,1267645526.0,SANTAFE DE BOGOTA D.C
2020.0,Departamento único,Bolívar,Interventoría,Concurso de méritos abierto,5,2556998997.0,BOLIVAR
2020.0,Departamento único,Bolívar,Interventoría,Mínima cuantía,1,24927287.0,BOLIVAR
2020.0,Departamento único,Bolívar,Obra,Contratación directa,15,16979028081.0,BOLIVAR
2020.0,Departamento único,Bolívar,Obra,Licitación pública Obra Publica,1,1005664497.0,BOLIVAR
2020.0,Departamento único,Bolívar,Obra,Mínima cuantía,4,239321079.57999998,BOLIVAR
2020.0,Departamento único,Bolívar,Otro,Contratación directa,1,1000000000.0,BOLIVAR
2020.0,Departamento único,Bolívar,Prestación de servicios,Mínima cuantía,2,21141540.0,BOLIVAR
2020.0,Departamento único,Bolívar,Suministros,Mínima cuantía,1,66196537.5,BOLIVAR
2020.0,Departamento único,Boyacá,Consultoría,Concurso de méritos abierto,3,8588579361.0,BOYACA
2020.0,Departamento único,Boyacá,Interventoría,Concurso de méritos abierto,7,4141157943.0,BOYACA
2020.0,Departamento único,Boyacá,Interventoría,Mínima cuantía,1,79174250.0,BOYACA
2020.0,Departamento único,Boyacá,Obra,Contratación directa,18,15599738966.0,BOYACA
2020.0,Departamento único,Boyacá,Obra,Licitación pública Obra Publica,27,48023973546.09,BOYACA
2020.0,Departamento único,Boyacá,Obra,Mínima cuantía,2,82181476.5,BOYACA
2020.0,Departamento único,Boyacá,Obra,Selección Abreviada de Menor Cuantía,3,1208946063.0,BOYACA
2020.0,Departamento único,Boyacá,Otro,Contratación directa,8,7536896274.5,BOYACA
2020.0,Departamento único,Boyacá,Suministros,Mínima cuantía,1,74604670.0,BOYACA
2020.0,Departamento único,Caldas,Consultoría,Concurso de méritos abierto,1,376377400.0,CALDAS
2020.0,Departamento único,Caldas,Interventoría,Concurso de méritos abierto,1,104883460.0,CALDAS
2020.0,Departamento único,Caldas,Obra,Contratación directa,7,10117507680.0,CALDAS
2020.0,Departamento único,Caldas,Obra,Mínima cuantía,1,30237362.0,CALDAS
2020.0,Departamento único,Caldas,Obra,Selección Abreviada de Menor Cuantía,1,223316810.0,CALDAS
2020.0,Departamento único,Caldas,Suministros,Mínima cuantía,4,279721204.0,CALDAS
2020.0,Departamento único,Caquetá,Consultoría,Concurso de méritos abierto,3,7261414585.0,CAQUETA
2020.0,Departamento único,Caquetá,Interventoría,Concurso de méritos abierto,7,3873793613.0,CAQUETA
2020.0,Departamento único,Caquetá,Obra,Contratación directa,10,10689242185.0,CAQUETA
2020.0,Departamento único,Caquetá,Obra,Licitación pública Obra Publica,3,4976942883.0,CAQUETA
2020.0,Departamento único,Caquetá,Obra,Mínima cuantía,2,112149028.0,CAQUETA
2020.0,Departamento único,Caquetá,Obra,Selección Abreviada de Menor Cuantía,3,1110801940.0,CAQUETA
2020.0,Departamento único,Caquetá,Prestación de servicios,Mínima cuantía,1,3990070.0,CAQUETA
2020.0,Departamento único,Caquetá,Suministros,Mínima cuantía,3,206783552.0,CAQUETA
2020.0,Departamento único,Casanare,Interventoría,Concurso de méritos abierto,4,1888294675.0,CASANARE
2020.0,Departamento único,Casanare,Interventoría,Mínima cuantía,1,62803269.0,CASANARE
2020.0,Departamento único,Casanare,Obra,Contratación directa,8,6207497383.0,CASANARE
2020.0,Departamento único,Casanare,Obra,Licitación pública Obra Publica,1,908739199.0,CASANARE
2020.0,Departamento único,Casanare,Obra,Mínima cuantía,5,270799664.5,CASANARE
2020.0,Departamento único,Casanare,Obra,Selección Abreviada de Menor Cuantía,5,1895653082.0,CASANARE
2020.0,Departamento único,Casanare,Otro,Contratación directa,2,71574782350.0,CASANARE
2020.0,Departamento único,Casanare,Prestación de servicios,Mínima cuantía,1,1985165.0,CASANARE
2020.0,Departamento único,Cauca,Interventoría,Concurso de méritos abierto,7,5953455590.0,CAUCA
2020.0,Departamento único,Cauca,Obra,Contratación directa,11,13381931571.0,CAUCA
2020.0,Departamento único,Cauca,Obra,Licitación pública Obra Publica,2,14992790031.0,CAUCA
2020.0,Departamento único,Cauca,Obra,Mínima cuantía,2,88873350.0,CAUCA
2020.0,Departamento único,Cauca,Obra,Selección Abreviada de Menor Cuantía,5,1258414224.0,CAUCA
2020.0,Departamento único,Cauca,Otro,Mínima cuantía,1,28613847.0,CAUCA
2020.0,Departamento único,Cesar,Consultoría,Concurso de méritos abierto,2,1925525196.0,CESAR
2020.0,Departamento único,Cesar,Interventoría,Concurso de méritos abierto,4,5339609167.0,CESAR
2020.0,Departamento único,Cesar,Obra,Contratación directa,7,5925343468.0,CESAR
2020.0,Departamento único,Cesar,Obra,Licitación pública,1,9650694992.0,CESAR
2020.0,Departamento único,Cesar,Obra,Licitación pública Obra Publica,2,79477659497.0,CESAR
2020.0,Departamento único,Cesar,Obra,Mínima cuantía,3,282058949.0,CESAR
2020.0,Departamento único,Cesar,Obra,Selección Abreviada de Menor Cuantía,3,455627904.0,CESAR
2020.0,Departamento único,Chocó,Consultoría,Concurso de méritos abierto,1,3370280507.0,CHOCO
2020.0,Departamento único,Chocó,Interventoría,Concurso de méritos abierto,6,2894536028.0,CHOCO
2020.0,Departamento único,Chocó,Interventoría,Mínima cuantía,2,36297500.0,CHOCO
2020.0,Departamento único,Chocó,Obra,Contratación directa,9,10859784064.0,CHOCO
2020.0,Departamento único,Chocó,Obra,Licitación pública Obra Publica,9,37428331944.0,CHOCO
2020.0,Departamento único,Chocó,Obra,Mínima cuantía,5,269347466.0,CHOCO
2020.0,Departamento único,Chocó,Obra,Selección Abreviada de Menor Cuantía,2,1418667138.0,CHOCO
2020.0,Departamento único,Chocó,Otro,Contratación directa,1,1020000000.0,CHOCO
2020.0,Departamento único,Cundinamarca,Consultoría,Concurso de méritos abierto,1,140731700.0,CUNDINAMARCA
2020.0,Departamento único,Cundinamarca,Interventoría,Concurso de méritos abierto,3,3764803393.0,CUNDINAMARCA
2020.0,Departamento único,Cundinamarca,Interventoría,Mínima cuantía,1,14410997.0,CUNDINAMARCA
2020.0,Departamento único,Cundinamarca,Obra,Contratación directa,17,12321436044.0,CUNDINAMARCA
2020.0,Departamento único,Cundinamarca,Obra,Licitación pública Obra Publica,2,26084927996.0,CUNDINAMARCA
2020.0,Departamento único,Cundinamarca,Obra,Mínima cuantía,4,253117426.0,CUNDINAMARCA
2020.0,Departamento único,Cundinamarca,Obra,Selección Abreviada de Menor Cuantía,2,408391125.0,CUNDINAMARCA
2020.0,Departamento único,Córdoba,Consultoría,Concurso de méritos abierto,5,7057232561.0,CORDOBA
2020.0,Departamento único,Córdoba,Interventoría,Concurso de méritos abierto,6,6612147585.9,CORDOBA
2020.0,Departamento único,Córdoba,Interventoría,Mínima cuantía,1,41245400.0,CORDOBA
2020.0,Departamento único,Córdoba,Obra,Contratación directa,16,15736927254.0,CORDOBA
2020.0,Departamento único,Córdoba,Obra,Licitación pública Obra Publica,2,53241677423.0,CORDOBA
2020.0,Departamento único,Córdoba,Obra,Mínima cuantía,4,132358173.0,CORDOBA
2020.0,Departamento único,Córdoba,Prestación de servicios,Mínima cuantía,1,890120.0,CORDOBA
2020.0,Departamento único,Córdoba,Suministros,Mínima cuantía,9,551274431.0,CORDOBA
2020.0,Departamento único,Guainía,Interventoría,Concurso de méritos abierto,1,88209644.0,GUAINIA
2020.0,Departamento único,Guainía,Obra,Contratación directa,1,458108771.0,GUAINIA
2020.0,Departamento único,Guaviare,Consultoría,Concurso de méritos abierto,1,1447182800.0,GUAVIARE
2020.0,Departamento único,Guaviare,Interventoría,Concurso de méritos abierto,3,719016671.0,GUAVIARE
2020.0,Departamento único,Guaviare,Obra,Contratación directa,2,1889577979.0,GUAVIARE
2020.0,Departamento único,Guaviare,Obra,Selección Abreviada de Menor Cuantía,2,1202147274.0,GUAVIARE
2020.0,Departamento único,Guaviare,Otro,Contratación directa,1,20000000000.0,GUAVIARE
2020.0,Departamento único,Guaviare,Suministros,Mínima cuantía,1,80654500.0,GUAVIARE
2020.0,Departamento único,Huila,Consultoría,Concurso de méritos abierto,3,9112073636.0,HUILA
2020.0,Departamento único,Huila,Interventoría,Concurso de méritos abierto,4,2057577836.0,HUILA
2020.0,Departamento único,Huila,Interventoría,Mínima cuantía,2,205522932.0,HUILA
2020.0,Departamento único,Huila,Obra,Contratación directa,10,9554458840.0,HUILA
2020.0,Departamento único,Huila,Obra,Licitación pública Obra Publica,1,51016085748.0,HUILA
2020.0,Departamento único,Huila,Obra,Mínima cuantía,2,104599824.0,HUILA
2020.0,Departamento único,Huila,Obra,Selección Abreviada de Menor Cuantía,3,1161984487.0,HUILA
2020.0,Departamento único,Huila,Otro,Contratación directa,3,10703993130.0,HUILA
2020.0,Departamento único,La Guajira,Consultoría,Concurso de méritos abierto,1,497854945.0,LA GUAJIRA
2020.0,Departamento único,La Guajira,Interventoría,Concurso de méritos abierto,3,941694122.0,LA GUAJIRA
2020.0,Departamento único,La Guajira,Interventoría,Mínima cuantía,1,64932000.0,LA GUAJIRA
2020.0,Departamento único,La Guajira,Obra,Contratación directa,4,4031857200.0,LA GUAJIRA
2020.0,Departamento único,Magdalena,Consultoría,Concurso de méritos abierto,2,5005245836.0,MAGDALENA
2020.0,Departamento único,Magdalena,Interventoría,Concurso de méritos abierto,5,11369334671.0,MAGDALENA
2020.0,Departamento único,Magdalena,Obra,Contratación directa,9,9448577265.0,MAGDALENA
2020.0,Departamento único,Magdalena,Obra,Licitación pública Obra Publica,1,52371730588.0,MAGDALENA
2020.0,Departamento único,Magdalena,Obra,Mínima cuantía,3,302067664.0,MAGDALENA
2020.0,Departamento único,Magdalena,Obra,Selección Abreviada de Menor Cuantía,3,945752812.0,MAGDALENA
2020.0,Departamento único,Magdalena,Prestación de servicios,Contratación directa,3,215095840.0,MAGDALENA
2020.0,Departamento único,Meta,Consultoría,Concurso de méritos abierto,1,3592764460.0,META
2020.0,Departamento único,Meta,Interventoría,Concurso de méritos abierto,8,4776895718.4,META
2020.0,Departamento único,Meta,Interventoría,Mínima cuantía,2,119975032.0,META
2020.0,Departamento único,Meta,Obra,Contratación directa,8,7090764674.0,META
2020.0,Departamento único,Meta,Obra,Licitación pública Obra Publica,5,4653654163.0,META
2020.0,Departamento único,Meta,Obra,Mínima cuantía,3,126451431.0,META
2020.0,Departamento único,Meta,Obra,Selección Abreviada de Menor Cuantía,4,1773626100.0,META
2020.0,Departamento único,Meta,Otro,Contratación directa,1,1960000000.0,META
2020.0,Departamento único,Meta,Prestación de servicios,Contratación directa,4,73716666.0,META
2020.0,Departamento único,Meta,Prestación de servicios,Mínima cuantía,1,11781000.0,META
2020.0,Departamento único,Meta,Suministros,Mínima cuantía,1,10971870.0,META
2020.0,Departamento único,Nariño,Consultoría,Concurso de méritos abierto,10,13749565284.0,NARIÑO
2020.0,Departamento único,Nariño,Interventoría,Concurso de méritos abierto,12,10135989739.0,NARIÑO
2020.0,Departamento único,Nariño,Interventoría,Mínima cuantía,2,72923956.0,NARIÑO
2020.0,Departamento único,Nariño,Obra,Contratación directa,17,23899693840.0,NARIÑO
2020.0,Departamento único,Nariño,Obra,Licitación pública Obra Publica,2,42813637066.0,NARIÑO
2020.0,Departamento único,Nariño,Obra,Selección Abreviada de Menor Cuantía,5,1594651742.0,NARIÑO
2020.0,Departamento único,Nariño,Otro,Contratación directa,1,710000000.0,NARIÑO
2020.0,Departamento único,Nariño,Suministros,Mínima cuantía,1,77534688.0,NARIÑO
2020.0,Departamento único,Norte de Santander,Consultoría,Concurso de méritos abierto,8,12104131792.0,NORTE DE SANTANDER
2020.0,Departamento único,Norte de Santander,Interventoría,Concurso de méritos abierto,3,1626847839.57,NORTE DE SANTANDER
2020.0,Departamento único,Norte de Santander,Interventoría,Mínima cuantía,1,33771605.0,NORTE DE SANTANDER
2020.0,Departamento único,Norte de Santander,Obra,Contratación directa,12,19191411397.94,NORTE DE SANTANDER
2020.0,Departamento único,Norte de Santander,Obra,Licitación pública Obra Publica,13,54159719902.68,NORTE DE SANTANDER
2020.0,Departamento único,Norte de Santander,Obra,Mínima cuantía,3,110944310.0,NORTE DE SANTANDER
2020.0,Departamento único,Norte de Santander,Obra,Selección Abreviada de Menor Cuantía,4,1643843882.0,NORTE DE SANTANDER
2020.0,Departamento único,Norte de Santander,Otro,Contratación directa,2,78278404088.13,NORTE DE SANTANDER
2020.0,Departamento único,Norte de Santander,Otro,Mínima cuantía,1,3863930.0,NORTE DE SANTANDER
2020.0,Departamento único,Norte de Santander,Prestación de servicios,Mínima cuantía,2,38660381.0,NORTE DE SANTANDER
2020.0,Departamento único,Putumayo,Consultoría,Concurso de méritos abierto,1,1706924100.0,PUTUMAYO
2020.0,Departamento único,Putumayo,Interventoría,Concurso de méritos abierto,4,4307434565.0,PUTUMAYO
2020.0,Departamento único,Putumayo,Interventoría,Mínima cuantía,1,35703370.0,PUTUMAYO
2020.0,Departamento único,Putumayo,Obra,Contratación directa,3,3447504208.0,PUTUMAYO
2020.0,Departamento único,Putumayo,Obra,Licitación pública Obra Publica,1,22620126559.0,PUTUMAYO
2020.0,Departamento único,Putumayo,Obra,Mínima cuantía,3,108463974.0,PUTUMAYO
2020.0,Departamento único,Putumayo,Obra,Selección Abreviada de Menor Cuantía,2,442837714.0,PUTUMAYO
2020.0,Departamento único,Quindío,Consultoría,Concurso de méritos abierto,1,2195297070.0,QUINDIO
2020.0,Departamento único,Quindío,Interventoría,Concurso de méritos abierto,2,961530856.0,QUINDIO
2020.0,Departamento único,Quindío,Obra,Contratación directa,2,15159000000.0,QUINDIO
2020.0,Departamento único,Quindío,Obra,Licitación pública Obra Publica,1,2236053230.0,QUINDIO
2020.0,Departamento único,Quindío,Obra,Mínima cuantía,1,87000000.0,QUINDIO
2020.0,Departamento único,Quindío,Prestación de servicios,Contratación directa,4,306741334.0,QUINDIO
2020.0,Departamento único,Risaralda,Consultoría,Concurso de méritos abierto,5,7593574865.2,RISARALDA
2020.0,Departamento único,Risaralda,Consultoría,Mínima cuantía,2,133512411.0,RISARALDA
2020.0,Departamento único,Risaralda,Interventoría,Concurso de méritos abierto,4,4704916135.0,RISARALDA
2020.0,Departamento único,Risaralda,Obra,Contratación directa,3,2357652432.0,RISARALDA
2020.0,Departamento único,Risaralda,Obra,Licitación pública Obra Publica,10,6639737766.0,RISARALDA
2020.0,Departamento único,Risaralda,Obra,Mínima cuantía,3,155343160.0,RISARALDA
2020.0,Departamento único,Risaralda,Obra,Selección Abreviada de Menor Cuantía,2,447057575.0,RISARALDA
2020.0,Departamento único,Risaralda,Prestación de servicios,Contratación directa,1,8666666.0,RISARALDA
2020.0,Departamento único,Risaralda,Suministros,Mínima cuantía,7,490293505.0,RISARALDA
2020.0,Departamento único,San Andrés y Providencia,Interventoría,Concurso de méritos abierto,1,165115124.0,ARCHIPIELAGO DE SAN ANDRES PROVIDENCIA Y SANTA CATALINA
2020.0,Departamento único,San Andrés y Providencia,Obra,Contratación directa,2,2479758702.34,ARCHIPIELAGO DE SAN ANDRES PROVIDENCIA Y SANTA CATALINA
2020.0,Departamento único,San Andrés y Providencia,Otro,Contratación directa,3,61741083400.0,ARCHIPIELAGO DE SAN ANDRES PROVIDENCIA Y SANTA CATALINA
2020.0,Departamento único,Santander,Consultoría,Mínima cuantía,1,49892809.0,SANTANDER
2020.0,Departamento único,Santander,Interventoría,Concurso de méritos abierto,4,2694545980.0,SANTANDER
2020.0,Departamento único,Santander,Obra,Contratación directa,27,22056064891.0,SANTANDER
2020.0,Departamento único,Santander,Obra,Licitación pública Obra Publica,1,1754859506.0,SANTANDER
2020.0,Departamento único,Santander,Obra,Mínima cuantía,1,62531797.0,SANTANDER
2020.0,Departamento único,Santander,Otro,Contratación directa,4,67181917016.0,SANTANDER
2020.0,Departamento único,Santander,Prestación de servicios,Contratación directa,2,44800000.0,SANTANDER
2020.0,Departamento único,Santander,Prestación de servicios,Mínima cuantía,1,6481992.0,SANTANDER
2020.0,Departamento único,Santander,Suministros,Mínima cuantía,2,144614345.0,SANTANDER
2020.0,Departamento único,Santander,Suministros,Selección Abreviada de Menor Cuantía,1,182885946.0,SANTANDER
2020.0,Departamento único,Sucre,Interventoría,Concurso de méritos abierto,5,7378481910.0,SUCRE
2020.0,Departamento único,Sucre,Interventoría,Mínima cuantía,2,59394240.0,SUCRE
2020.0,Departamento único,Sucre,Obra,Contratación directa,14,14474010907.48,SUCRE
2020.0,Departamento único,Sucre,Obra,Licitación pública Obra Publica,3,4797633886.55,SUCRE
2020.0,Departamento único,Sucre,Obra,Mínima cuantía,3,150706019.0,SUCRE
2020.0,Departamento único,Sucre,Obra,Selección Abreviada de Menor Cuantía,3,1465742890.0,SUCRE
2020.0,Departamento único,Sucre,Otro,Contratación directa,1,50740091128.0,SUCRE
2020.0,Departamento único,Sucre,Prestación de servicios,Mínima cuantía,1,1850000.0,SUCRE
2020.0,Departamento único,Sucre,Suministros,Mínima cuantía,1,1148826.0,SUCRE
2020.0,Departamento único,Tolima,Consultoría,Concurso de méritos abierto,2,4389169850.0,TOLIMA
2020.0,Departamento único,Tolima,Interventoría,Concurso de méritos abierto,4,2384572522.0,TOLIMA
2020.0,Departamento único,Tolima,Obra,Contratación directa,18,16881270717.0,TOLIMA
2020.0,Departamento único,Tolima,Obra,Licitación pública Obra Publica,1,1033873360.0,TOLIMA
2020.0,Departamento único,Tolima,Obra,Mínima cuantía,1,36880985.0,TOLIMA
2020.0,Departamento único,Tolima,Obra,Selección Abreviada de Menor Cuantía,1,124092537.0,TOLIMA
2020.0,Departamento único,Tolima,Otro,Contratación directa,2,70714039193.63,TOLIMA
2020.0,Departamento único,Valle del Cauca,Interventoría,Concurso de méritos abierto,8,5113368994.0,VALLE DEL CAUCA
2020.0,Departamento único,Valle del Cauca,Obra,Contratación directa,9,17611807244.0,VALLE DEL CAUCA
2020.0,Departamento único,Valle del Cauca,Obra,Licitación pública Obra Publica,5,234273604321.0,VALLE DEL CAUCA
2020.0,Departamento único,Valle del Cauca,Obra,Selección Abreviada de Menor Cuantía,4,1574608405.0,VALLE DEL CAUCA
2020.0,Departamento único,Vaupés,Interventoría,Concurso de méritos abierto,1,108477439.0,VAUPES
2020.0,Departamento único,Vaupés,Obra,Contratación directa,1,616359011.0,VAUPES
2020.0,Departamento único,Vichada,Interventoría,Mínima cuantía,1,35384769.0,VICHADA
2020.0,Departamento único,Vichada,Obra,Contratación directa,3,2278067508.0,VICHADA
2020.0,Departamento único,Vichada,Obra,Selección Abreviada de Menor Cuantía,1,450940133.0,VICHADA
2020.0,Multidepartamental,,Arrendamiento de inmuebles,Contratación directa,1,111425748.0,
2020.0,Multidepartamental,,Consultoría,Concurso de méritos abierto,9,18242881441.0,
2020.0,Multidepartamental,,Interventoría,Concurso de méritos abierto,36,136535477009.09,
2020.0,Multidepartamental,,Interventoría,Mínima cuantía,5,352347603.0,
2020.0,Multidepartamental,,Obra,Contratación directa,3,2851685853.0,
2020.0,Multidepartamental,,Obra,Licitación pública Obra Publica,20,1207091931767.9,
2020.0,Multidepartamental,,Obra,Mínima cuantía,4,312274135.0,
2020.0,Multidepartamental,,Obra,Selección Abreviada de Menor Cuantía,4,3398877686.0,
2020.0,Multidepartamental,,Otro,Contratación directa,8,111620902091.0,
2020.0,Multidepartamental,,Prestación de servicios,Mínima cuantía,1,31187995.0,
2020.0,Multidepartamental,,Suministros,Mínima cuantía,2,77541257.0,
2020.0,No territorializable,,Compraventa,Contratación directa,4,209418250.0,
2020.0,No territorializable,,Compraventa,Mínima cuantía,4,139722699.0,
2020.0,No territorializable,,Compraventa,Selección abreviada subasta inversa,9,6206649985.0,
2020.0,No territorializable,,Consultoría,Concurso de méritos abierto,14,29064234927.0,
2020.0,No territorializable,,Interventoría,Concurso de méritos abierto,20,42942136096.0,
2020.0,No territorializable,,Interventoría,Mínima cuantía,4,212248372.0,
2020.0,No territorializable,,Obra,Contratación directa,8,17667608819.0,
2020.0,No territorializable,,Obra,Licitación pública Obra Publica,23,353147633719.07,
2020.0,No territorializable,,Obra,Mínima cuantía,8,350842383.0,
2020.0,No territorializable,,Obra,Selección Abreviada de Menor Cuantía,16,6318063667.64,
2020.0,No territorializable,,Otro,Contratación directa,6,3596324000.0,
2020.0,No territorializable,,Prestación de servicios,Contratación directa,823,58804460309.81,
2020.0,No territorializable,,Prestación de servicios,Licitación pública,11,52184103117.4,
2020.0,No territorializable,,Prestación de servicios,Mínima cuantía,8,557318674.0,
2020.0,No territorializable,,Prestación de servicios,Selección abreviada subasta inversa,7,4877064960.0,
2020.0,No territorializable,,Seguros,Licitación pública,4,13710241557.0,
2020.0,No territorializable,,Seguros,Selección Abreviada de Menor Cuantía,1,177027732.0,
2020.0,No territorializable,,Suministros,Mínima cuantía,87,5957549808.42,
2020.0,No territorializable,,Suministros,Selección Abreviada de Menor Cuantía,25,9718585377.0,
2020.0,No territorializable,,Suministros,Selección abreviada subasta inversa,2,1724186950.0,
2021.0,Departamento único,Amazonas,Obra,Contratación directa,3,13800000000.0,AMAZONAS
2021.0,Departamento único,Amazonas,Prestación de servicios,Contratación directa,1,39750000.0,AMAZONAS
2021.0,Departamento único,Antioquia,Consultoría,Concurso de méritos abierto,3,5203038369.0,ANTIOQUIA
2021.0,Departamento único,Antioquia,Interventoría,Concurso de méritos abierto,14,62091882486.0,ANTIOQUIA
2021.0,Departamento único,Antioquia,Obra,Contratación directa,28,101022297840.0,ANTIOQUIA
2021.0,Departamento único,Antioquia,Obra,Licitación pública Obra Publica,3,916173160062.0,ANTIOQUIA
2021.0,Departamento único,Antioquia,Obra,Mínima cuantía,3,170138166.0,ANTIOQUIA
2021.0,Departamento único,Antioquia,Obra,Seleccion Abreviada Menor Cuantia Sin Manifestacion Interes,1,973587221.0,ANTIOQUIA
2021.0,Departamento único,Antioquia,Obra,Selección Abreviada de Menor Cuantía,1,198835574.0,ANTIOQUIA
2021.0,Departamento único,Antioquia,Otro,Contratación directa,15,518370636344.0,ANTIOQUIA
2021.0,Departamento único,Antioquia,Otro,Selección Abreviada de Menor Cuantía,2,1157297100.0,ANTIOQUIA
2021.0,Departamento único,Antioquia,Prestación de servicios,Contratación directa,1,59322975.0,ANTIOQUIA
2021.0,Departamento único,Antioquia,Prestación de servicios,Mínima cuantía,2,166575751.0,ANTIOQUIA
2021.0,Departamento único,Antioquia,Suministros,Selección Abreviada de Menor Cuantía,1,278752354.5,ANTIOQUIA
2021.0,Departamento único,Arauca,Consultoría,Concurso de méritos abierto,1,2369883344.0,ARAUCA
2021.0,Departamento único,Arauca,Obra,Contratación directa,2,1680000000.0,ARAUCA
2021.0,Departamento único,Arauca,Obra,Licitación pública Obra Publica,1,4419999531.0,ARAUCA
2021.0,Departamento único,Arauca,Obra,Selección Abreviada de Menor Cuantía,1,340246770.0,ARAUCA
2021.0,Departamento único,Arauca,Otro,Contratación directa,5,92023168997.0,ARAUCA
2021.0,Departamento único,Atlántico,Interventoría,Concurso de méritos abierto,2,2443717518.0,ATLANTICO
2021.0,Departamento único,Atlántico,Obra,Contratación directa,17,49587580000.0,ATLANTICO
2021.0,Departamento único,Atlántico,Obra,Mínima cuantía,1,60989411.0,ATLANTICO
2021.0,Departamento único,Atlántico,Obra,Selección Abreviada de Menor Cuantía,2,293478977.0,ATLANTICO
2021.0,Departamento único,Atlántico,Otro,Contratación directa,2,105805000000.0,ATLANTICO
2021.0,Departamento único,Atlántico,Prestación de servicios,Mínima cuantía,2,12799000.0,ATLANTICO
2021.0,Departamento único,Atlántico,Suministros,Selección Abreviada de Menor Cuantía,1,899999999.0,ATLANTICO
2021.0,Departamento único,Bogotá D.C.,Interventoría,Concurso de méritos abierto,1,456165625.0,SANTAFE DE BOGOTA D.C
2021.0,Departamento único,Bogotá D.C.,Obra,Licitación pública Obra Publica,1,3312089595.0,SANTAFE DE BOGOTA D.C
2021.0,Departamento único,Bogotá D.C.,Obra,Mínima cuantía,1,79943278.0,SANTAFE DE BOGOTA D.C
2021.0,Departamento único,Bogotá D.C.,Prestación de servicios,Contratación directa,1,40950000.0,SANTAFE DE BOGOTA D.C
2021.0,Departamento único,Bogotá D.C.,Prestación de servicios,Selección Abreviada de Menor Cuantía,1,1333794331.0,SANTAFE DE BOGOTA D.C
2021.0,Departamento único,Bolívar,Consultoría,Concurso de méritos abierto,1,2733656133.0,BOLIVAR
2021.0,Departamento único,Bolívar,Interventoría,Concurso de méritos abierto,3,6222317378.0,BOLIVAR
2021.0,Departamento único,Bolívar,Interventoría,Mínima cuantía,1,83287000.0,BOLIVAR
2021.0,Departamento único,Bolívar,Obra,Contratación directa,8,88951889283.41,BOLIVAR
2021.0,Departamento único,Bolívar,Obra,Mínima cuantía,2,129338153.0,BOLIVAR
2021.0,Departamento único,Bolívar,Obra,Selección Abreviada de Menor Cuantía,4,1602801508.0,BOLIVAR
2021.0,Departamento único,Bolívar,Otro,Contratación directa,5,56961415801.0,BOLIVAR
2021.0,Departamento único,Bolívar,Prestación de servicios,Mínima cuantía,3,152147936.5,BOLIVAR
2021.0,Departamento único,Bolívar,Suministros,Mínima cuantía,1,82593024.0,BOLIVAR
2021.0,Departamento único,Boyacá,Interventoría,Concurso de méritos abierto,9,41816119064.56,BOYACA
2021.0,Departamento único,Boyacá,Interventoría,Mínima cuantía,6,305537406.6,BOYACA
2021.0,Departamento único,Boyacá,Obra,Contratación directa,34,32364605045.0,BOYACA
2021.0,Departamento único,Boyacá,Obra,Licitación pública Obra Publica,1,433891811014.0,BOYACA
2021.0,Departamento único,Boyacá,Obra,Mínima cuantía,1,11969216.0,BOYACA
2021.0,Departamento único,Boyacá,Obra,Selección Abreviada de Menor Cuantía,4,1867300675.0,BOYACA
2021.0,Departamento único,Boyacá,Otro,Contratación directa,6,23123000000.0,BOYACA
2021.0,Departamento único,Boyacá,Suministros,Selección Abreviada de Menor Cuantía,1,194829262.0,BOYACA
2021.0,Departamento único,Caldas,Interventoría,Concurso de méritos abierto,4,2029892395.0,CALDAS
2021.0,Departamento único,Caldas,Obra,Contratación directa,13,26783926231.0,CALDAS
2021.0,Departamento único,Caldas,Obra,Selección Abreviada de Menor Cuantía,2,680774454.0,CALDAS
2021.0,Departamento único,Caldas,Otro,Contratación directa,3,579514000000.0,CALDAS
2021.0,Departamento único,Caldas,Suministros,Mínima cuantía,1,16636200.0,CALDAS
2021.0,Departamento único,Caquetá,Interventoría,Concurso de méritos abierto,1,917706126.0,CAQUETA
2021.0,Departamento único,Caquetá,Interventoría,Mínima cuantía,1,25069940.0,CAQUETA
2021.0,Departamento único,Caquetá,Obra,Contratación directa,2,20070000000.0,CAQUETA
2021.0,Departamento único,Caquetá,Obra,Licitación pública Obra Publica,1,1793405760.0,CAQUETA
2021.0,Departamento único,Caquetá,Obra,Mínima cuantía,2,109639766.0,CAQUETA
2021.0,Departamento único,Caquetá,Obra,Selección Abreviada de Menor Cuantía,2,943850665.0,CAQUETA
2021.0,Departamento único,Caquetá,Otro,Contratación directa,1,2700000000.0,CAQUETA
2021.0,Departamento único,Caquetá,Suministros,Mínima cuantía,2,179915645.0,CAQUETA
2021.0,Departamento único,Casanare,Consultoría,Concurso de méritos abierto,5,12217627046.0,CASANARE
2021.0,Departamento único,Casanare,Interventoría,Concurso de méritos abierto,3,1246350412.0,CASANARE
2021.0,Departamento único,Casanare,Obra,Contratación directa,4,21168482548.0,CASANARE
2021.0,Departamento único,Casanare,Obra,Mínima cuantía,3,246925194.0,CASANARE
2021.0,Departamento único,Casanare,Obra,Selección Abreviada de Menor Cuantía,1,538982263.0,CASANARE
2021.0,Departamento único,Casanare,Prestación de servicios,Mínima cuantía,3,43513167.0,CASANARE
2021.0,Departamento único,Casanare,Suministros,Mínima cuantía,1,76612200.0,CASANARE
2021.0,Departamento único,Cauca,Consultoría,Concurso de méritos abierto,8,21830864739.0,CAUCA
2021.0,Departamento único,Cauca,Interventoría,Concurso de méritos abierto,5,6360450792.0,CAUCA
2021.0,Departamento único,Cauca,Obra,Contratación directa,4,4630000000.0,CAUCA
2021.0,Departamento único,Cauca,Obra,Licitación pública Obra Publica,2,7429859746.0,CAUCA
2021.0,Departamento único,Cauca,Obra,Mínima cuantía,1,54147515.0,CAUCA
2021.0,Departamento único,Cauca,Obra,Selección Abreviada de Menor Cuantía,1,284687677.0,CAUCA
2021.0,Departamento único,Cauca,Otro,Contratación directa,1,1800000000.0,CAUCA
2021.0,Departamento único,Cauca,Prestación de servicios,Contratación directa,2,60200000.0,CAUCA
2021.0,Departamento único,Cauca,Suministros,Selección abreviada subasta inversa,1,252132929.0,CAUCA
2021.0,Departamento único,Cesar,Consultoría,Concurso de méritos abierto,1,3053460410.0,CESAR
2021.0,Departamento único,Cesar,Interventoría,Concurso de méritos abierto,3,3599818980.0,CESAR
2021.0,Departamento único,Cesar,Obra,Contratación directa,6,42014428714.84,CESAR
2021.0,Departamento único,Cesar,Obra,Licitación pública Obra Publica,2,33057754187.0,CESAR
2021.0,Departamento único,Cesar,Obra,Mínima cuantía,3,239117513.0,CESAR
2021.0,Departamento único,Cesar,Obra,Selección Abreviada de Menor Cuantía,1,131891274.0,CESAR
2021.0,Departamento único,Cesar,Otro,Mínima cuantía,2,81617630.0,CESAR
2021.0,Departamento único,Cesar,Otro,Selección Abreviada de Menor Cuantía,1,89370213.0,CESAR
2021.0,Departamento único,Cesar,Prestación de servicios,Contratación directa,1,32300000.0,CESAR
2021.0,Departamento único,Cesar,Prestación de servicios,Mínima cuantía,1,10805200.0,CESAR
2021.0,Departamento único,Chocó,Interventoría,Concurso de méritos abierto,3,9316502947.0,CHOCO
2021.0,Departamento único,Chocó,Obra,Contratación directa,6,7487180000.0,CHOCO
2021.0,Departamento único,Chocó,Obra,Licitación pública Obra Publica,2,74186960739.0,CHOCO
2021.0,Departamento único,Chocó,Obra,Mínima cuantía,3,186556893.0,CHOCO
2021.0,Departamento único,Chocó,Otro,Contratación directa,2,11002166929.35,CHOCO
2021.0,Departamento único,Chocó,Prestación de servicios,Contratación directa,1,32300000.0,CHOCO
2021.0,Departamento único,Chocó,Suministros,Mínima cuantía,2,23034500.0,CHOCO
2021.0,Departamento único,Cundinamarca,Consultoría,Concurso de méritos abierto,3,5532852167.0,CUNDINAMARCA
2021.0,Departamento único,Cundinamarca,Interventoría,Concurso de méritos abierto,4,4413299014.0,CUNDINAMARCA
2021.0,Departamento único,Cundinamarca,Interventoría,Mínima cuantía,4,194214071.0,CUNDINAMARCA
2021.0,Departamento único,Cundinamarca,Obra,Contratación directa,37,25184048239.0,CUNDINAMARCA
2021.0,Departamento único,Cundinamarca,Obra,Licitación pública Obra Publica,4,36451178650.0,CUNDINAMARCA
2021.0,Departamento único,Cundinamarca,Obra,Mínima cuantía,1,42855333.0,CUNDINAMARCA
2021.0,Departamento único,Cundinamarca,Obra,Selección Abreviada de Menor Cuantía,4,1832095950.0,CUNDINAMARCA
2021.0,Departamento único,Cundinamarca,Otro,Contratación directa,3,11956000000.0,CUNDINAMARCA
2021.0,Departamento único,Cundinamarca,Prestación de servicios,Contratación directa,1,29000000.0,CUNDINAMARCA
2021.0,Departamento único,Cundinamarca,Suministros,Selección Abreviada de Menor Cuantía,1,146511492.0,CUNDINAMARCA
2021.0,Departamento único,Córdoba,Consultoría,Concurso de méritos abierto,1,1220546540.0,CORDOBA
2021.0,Departamento único,Córdoba,Interventoría,Concurso de méritos abierto,10,32392824855.0,CORDOBA
2021.0,Departamento único,Córdoba,Interventoría,Mínima cuantía,1,76075129.0,CORDOBA
2021.0,Departamento único,Córdoba,Obra,Contratación directa,10,117759100516.5,CORDOBA
2021.0,Departamento único,Córdoba,Obra,Licitación pública Obra Publica,1,6200800385.0,CORDOBA
2021.0,Departamento único,Córdoba,Obra,Mínima cuantía,1,40532428.0,CORDOBA
2021.0,Departamento único,Córdoba,Obra,Selección Abreviada de Menor Cuantía,2,888446911.0,CORDOBA
2021.0,Departamento único,Córdoba,Otro,Contratación directa,10,94373207732.0,CORDOBA
2021.0,Departamento único,Córdoba,Prestación de servicios,Contratación directa,1,32300000.0,CORDOBA
2021.0,Departamento único,Córdoba,Suministros,Mínima cuantía,2,90038975.0,CORDOBA
2021.0,Departamento único,Guaviare,Interventoría,Concurso de méritos abierto,2,22402437256.0,GUAVIARE
2021.0,Departamento único,Guaviare,Obra,Licitación pública Obra Publica,1,198000762600.0,GUAVIARE
2021.0,Departamento único,Huila,Consultoría,Concurso de méritos abierto,1,594687625.0,HUILA
2021.0,Departamento único,Huila,Consultoría,Mínima cuantía,1,67996600.0,HUILA
2021.0,Departamento único,Huila,Interventoría,Concurso de méritos abierto,4,2234136068.0,HUILA
2021.0,Departamento único,Huila,Interventoría,Mínima cuantía,2,57063095.04,HUILA
2021.0,Departamento único,Huila,Obra,Contratación directa,27,27782656000.0,HUILA
2021.0,Departamento único,Huila,Obra,Mínima cuantía,3,122518577.95,HUILA
2021.0,Departamento único,Huila,Obra,Selección Abreviada de Menor Cuantía,3,915604352.0,HUILA
2021.0,Departamento único,Huila,Otro,Contratación directa,4,69618844886.0,HUILA
2021.0,Departamento único,Huila,Prestación de servicios,Contratación directa,2,108108033.0,HUILA
2021.0,Departamento único,Huila,Suministros,Mínima cuantía,4,229810519.0,HUILA
2021.0,Departamento único,La Guajira,Consultoría,Concurso de méritos abierto,1,2156911856.0,LA GUAJIRA
2021.0,Departamento único,La Guajira,Interventoría,Concurso de méritos abierto,2,1504199884.0,LA GUAJIRA
2021.0,Departamento único,La Guajira,Obra,Contratación directa,5,40544807397.0,LA GUAJIRA
2021.0,Departamento único,La Guajira,Obra,Selección Abreviada de Menor Cuantía,1,115532470.0,LA GUAJIRA
2021.0,Departamento único,La Guajira,Otro,Contratación directa,1,36930000000.0,LA GUAJIRA
2021.0,Departamento único,La Guajira,Prestación de servicios,Contratación directa,1,30100000.0,LA GUAJIRA
2021.0,Departamento único,La Guajira,Prestación de servicios,Mínima cuantía,2,6951676.0,LA GUAJIRA
2021.0,Departamento único,Magdalena,Interventoría,Concurso de méritos abierto,6,4349684362.0,MAGDALENA
2021.0,Departamento único,Magdalena,Interventoría,Mínima cuantía,1,34893080.16,MAGDALENA
2021.0,Departamento único,Magdalena,Obra,Contratación directa,16,53182800000.0,MAGDALENA
2021.0,Departamento único,Magdalena,Obra,Licitación pública Obra Publica,1,4283103261.0,MAGDALENA
2021.0,Departamento único,Magdalena,Obra,Mínima cuantía,1,87508095.0,MAGDALENA
2021.0,Departamento único,Magdalena,Obra,Selección Abreviada de Menor Cuantía,3,1490634923.0,MAGDALENA
2021.0,Departamento único,Magdalena,Otro,Contratación directa,7,18926199077.35,MAGDALENA
2021.0,Departamento único,Magdalena,Prestación de servicios,Contratación directa,4,1274203000.0,MAGDALENA
2021.0,Departamento único,Magdalena,Suministros,Mínima cuantía,1,62000020.0,MAGDALENA
2021.0,Departamento único,Meta,Consultoría,Concurso de méritos abierto,3,6927852553.09,META
2021.0,Departamento único,Meta,Interventoría,Concurso de méritos abierto,6,26765599335.0,META
2021.0,Departamento único,Meta,Obra,Contratación directa,9,25241000000.0,META
2021.0,Departamento único,Meta,Obra,Licitación pública Obra Publica,2,331713745869.0,META
2021.0,Departamento único,Meta,Obra,Mínima cuantía,4,246173745.0,META
2021.0,Departamento único,Meta,Obra,Selección Abreviada de Menor Cuantía,3,1079059601.0,META
2021.0,Departamento único,Meta,Otro,Contratación directa,1,15500000000.0,META
2021.0,Departamento único,Meta,Prestación de servicios,Contratación directa,3,170892750.0,META
2021.0,Departamento único,Meta,Suministros,Mínima cuantía,1,90000000.0,META
2021.0,Departamento único,Nariño,Interventoría,Concurso de méritos abierto,7,14311821984.0,NARIÑO
2021.0,Departamento único,Nariño,Obra,Contratación directa,15,69957200000.0,NARIÑO
2021.0,Departamento único,Nariño,Obra,Licitación pública Obra Publica,2,34411173778.0,NARIÑO
2021.0,Departamento único,Nariño,Obra,Mínima cuantía,2,153840373.0,NARIÑO
2021.0,Departamento único,Nariño,Obra,Selección Abreviada de Menor Cuantía,1,292336620.0,NARIÑO
2021.0,Departamento único,Nariño,Otro,Contratación directa,5,122222608328.0,NARIÑO
2021.0,Departamento único,Norte de Santander,Consultoría,Concurso de méritos abierto,1,1191716767.0,NORTE DE SANTANDER
2021.0,Departamento único,Norte de Santander,Interventoría,Concurso de méritos abierto,3,8565003490.13,NORTE DE SANTANDER
2021.0,Departamento único,Norte de Santander,Obra,Contratación directa,4,21699100000.0,NORTE DE SANTANDER
2021.0,Departamento único,Norte de Santander,Obra,Licitación pública Obra Publica,1,283727823672.0,NORTE DE SANTANDER
2021.0,Departamento único,Norte de Santander,Obra,Mínima cuantía,1,15016012.5,NORTE DE SANTANDER
2021.0,Departamento único,Norte de Santander,Obra,Selección Abreviada de Menor Cuantía,2,1028112530.0,NORTE DE SANTANDER
2021.0,Departamento único,Norte de Santander,Otro,Contratación directa,2,89572785386.0,NORTE DE SANTANDER
2021.0,Departamento único,Norte de Santander,Otro,Mínima cuantía,1,6158250.0,NORTE DE SANTANDER
2021.0,Departamento único,Norte de Santander,Prestación de servicios,Mínima cuantía,1,4607423.0,NORTE DE SANTANDER
2021.0,Departamento único,Norte de Santander,Suministros,Mínima cuantía,1,99843975.0,NORTE DE SANTANDER
2021.0,Departamento único,Putumayo,Consultoría,Concurso de méritos abierto,2,1975245936.0,PUTUMAYO
2021.0,Departamento único,Putumayo,Consultoría,Mínima cuantía,1,45630000.0,PUTUMAYO
2021.0,Departamento único,Putumayo,Interventoría,Concurso de méritos abierto,1,299250724.0,PUTUMAYO
2021.0,Departamento único,Putumayo,Obra,Contratación directa,9,6801793346.0,PUTUMAYO
2021.0,Departamento único,Putumayo,Obra,Licitación pública Obra Publica,10,1164134145435.0,PUTUMAYO
2021.0,Departamento único,Putumayo,Obra,Mínima cuantía,1,23798442.0,PUTUMAYO
2021.0,Departamento único,Putumayo,Obra,Selección Abreviada de Menor Cuantía,2,635577163.0,PUTUMAYO
2021.0,Departamento único,Putumayo,Prestación de servicios,Mínima cuantía,1,4187610.0,PUTUMAYO
2021.0,Departamento único,Putumayo,Suministros,Mínima cuantía,2,134496422.0,PUTUMAYO
2021.0,Departamento único,Quindío,Consultoría,Concurso de méritos abierto,2,929854200.0,QUINDIO
2021.0,Departamento único,Quindío,Interventoría,Concurso de méritos abierto,1,1832010260.0,QUINDIO
2021.0,Departamento único,Quindío,Interventoría,Mínima cuantía,1,27385926.0,QUINDIO
2021.0,Departamento único,Quindío,Obra,Contratación directa,6,3549654480.0,QUINDIO
2021.0,Departamento único,Quindío,Obra,Mínima cuantía,1,64034550.0,QUINDIO
2021.0,Departamento único,Quindío,Obra,Selección Abreviada de Menor Cuantía,1,427527619.0,QUINDIO
2021.0,Departamento único,Quindío,Otro,Contratación directa,1,3798323517.0,QUINDIO
2021.0,Departamento único,Quindío,Prestación de servicios,Contratación directa,4,315622320.0,QUINDIO
2021.0,Departamento único,Quindío,Prestación de servicios,Mínima cuantía,1,3656870.0,QUINDIO
2021.0,Departamento único,Risaralda,Interventoría,Concurso de méritos abierto,1,555311103.0,RISARALDA
2021.0,Departamento único,Risaralda,Interventoría,Mínima cuantía,1,90852600.0,RISARALDA
2021.0,Departamento único,Risaralda,Obra,Contratación directa,3,67702347740.0,RISARALDA
2021.0,Departamento único,Risaralda,Obra,Selección Abreviada de Menor Cuantía,1,369661645.0,RISARALDA
2021.0,Departamento único,Risaralda,Otro,Contratación directa,2,42098217227.0,RISARALDA
2021.0,Departamento único,Risaralda,Prestación de servicios,Contratación directa,3,145797975.0,RISARALDA
2021.0,Departamento único,Risaralda,Suministros,Mínima cuantía,1,44513941.0,RISARALDA
2021.0,Departamento único,San Andrés y Providencia,Consultoría,Concurso de méritos abierto,1,330962800.0,ARCHIPIELAGO DE SAN ANDRES PROVIDENCIA Y SANTA CATALINA
2021.0,Departamento único,San Andrés y Providencia,Interventoría,Mínima cuantía,1,31781524.0,ARCHIPIELAGO DE SAN ANDRES PROVIDENCIA Y SANTA CATALINA
2021.0,Departamento único,San Andrés y Providencia,Obra,Contratación directa,2,21715346933.0,ARCHIPIELAGO DE SAN ANDRES PROVIDENCIA Y SANTA CATALINA
2021.0,Departamento único,Santander,Interventoría,Concurso de méritos abierto,4,26930844703.0,SANTANDER
2021.0,Departamento único,Santander,Obra,Contratación directa,10,33457010000.0,SANTANDER
2021.0,Departamento único,Santander,Obra,Licitación pública Obra Publica,1,1873452607.0,SANTANDER
2021.0,Departamento único,Santander,Obra,Mínima cuantía,1,45987830.0,SANTANDER
2021.0,Departamento único,Santander,Obra,Selección Abreviada de Menor Cuantía,2,411443461.0,SANTANDER
2021.0,Departamento único,Santander,Otro,Contratación directa,2,238836000000.0,SANTANDER
2021.0,Departamento único,Santander,Prestación de servicios,Contratación directa,2,92802000.0,SANTANDER
2021.0,Departamento único,Sucre,Consultoría,Concurso de méritos abierto,1,479649760.0,SUCRE
2021.0,Departamento único,Sucre,Interventoría,Concurso de méritos abierto,6,9974791506.0,SUCRE
2021.0,Departamento único,Sucre,Interventoría,Mínima cuantía,1,24335749.0,SUCRE
2021.0,Departamento único,Sucre,Obra,Contratación directa,5,34593072540.0,SUCRE
2021.0,Departamento único,Sucre,Obra,Mínima cuantía,1,40049624.0,SUCRE
2021.0,Departamento único,Sucre,Obra,Selección Abreviada de Menor Cuantía,3,499762942.0,SUCRE
2021.0,Departamento único,Sucre,Otro,Contratación directa,6,56541205562.0,SUCRE
2021.0,Departamento único,Tolima,Interventoría,Concurso de méritos abierto,3,9551047147.0,TOLIMA
2021.0,Departamento único,Tolima,Obra,Contratación directa,2,1640000000.0,TOLIMA
2021.0,Departamento único,Tolima,Obra,Mínima cuantía,1,89836191.0,TOLIMA
2021.0,Departamento único,Tolima,Obra,Selección Abreviada de Menor Cuantía,1,480688991.0,TOLIMA
2021.0,Departamento único,Tolima,Otro,Contratación directa,21,207163878515.0,TOLIMA
2021.0,Departamento único,Tolima,Otro,Selección Abreviada de Menor Cuantía,2,219333849.0,TOLIMA
2021.0,Departamento único,Tolima,Prestación de servicios,Contratación directa,2,158696000.0,TOLIMA
2021.0,Departamento único,Tolima,Suministros,Mínima cuantía,1,51062596.0,TOLIMA
2021.0,Departamento único,Valle del Cauca,Interventoría,Concurso de méritos abierto,3,2174884988.0,VALLE DEL CAUCA
2021.0,Departamento único,Valle del Cauca,Obra,Contratación directa,2,1336000000.0,VALLE DEL CAUCA
2021.0,Departamento único,Valle del Cauca,Obra,Licitación pública Obra Publica,1,2975992491.0,VALLE DEL CAUCA
2021.0,Departamento único,Valle del Cauca,Otro,Contratación directa,3,2600000000.0,VALLE DEL CAUCA
2021.0,Departamento único,Vaupés,Interventoría,Concurso de méritos abierto,1,326192338.0,VAUPES
2021.0,Departamento único,Vichada,Interventoría,Mínima cuantía,1,52451026.0,VICHADA
2021.0,Departamento único,Vichada,Obra,Seleccion Abreviada Menor Cuantia Sin Manifestacion Interes,1,330612407.0,VICHADA
2021.0,Multidepartamental,,Consultoría,Concurso de méritos abierto,1,349307510.0,
2021.0,Multidepartamental,,Interventoría,Concurso de méritos abierto,27,331724927824.0,
2021.0,Multidepartamental,,Obra,Contratación directa,3,9289682700.0,
2021.0,Multidepartamental,,Obra,Licitación pública Obra Publica,24,4258421527361.0,
2021.0,Multidepartamental,,Obra,Mínima cuantía,2,143932017.0,
2021.0,Multidepartamental,,Obra,Selección Abreviada de Menor Cuantía,2,790258651.0,
2021.0,Multidepartamental,,Otro,Contratación directa,3,285851937900.0,
2021.0,No territorializable,,Compraventa,Mínima cuantía,3,77457843.0,
2021.0,No territorializable,,Compraventa,Selección abreviada subasta inversa,2,1028000000.0,
2021.0,No territorializable,,Consultoría,Concurso de méritos abierto,2,4535695024.0,
2021.0,No territorializable,,Consultoría,Mínima cuantía,2,124723938.0,
2021.0,No territorializable,,Interventoría,Concurso de méritos abierto,9,104029404378.75,
2021.0,No territorializable,,Interventoría,Mínima cuantía,5,313244716.74,
2021.0,No territorializable,,Obra,Contratación directa,8,78650733848.5,
2021.0,No territorializable,,Obra,Licitación pública Obra Publica,1,1488711018.0,
2021.0,No territorializable,,Obra,Mínima cuantía,11,824903585.29,
2021.0,No territorializable,,Obra,Seleccion Abreviada Menor Cuantia Sin Manifestacion Interes,2,210871731608.0,
2021.0,No territorializable,,Obra,Selección Abreviada de Menor Cuantía,6,3595316132.0,
2021.0,No territorializable,,Otro,Contratación directa,9,96949195982.0,
2021.0,No territorializable,,Otro,Mínima cuantía,3,165714173.0,
2021.0,No territorializable,,Prestación de servicios,Contratación directa,1103,88590870285.63,
2021.0,No territorializable,,Prestación de servicios,Mínima cuantía,6,389843984.5,
2021.0,No territorializable,,Prestación de servicios,Selección Abreviada de Menor Cuantía,2,608124009.0,
2021.0,No territorializable,,Prestación de servicios,Selección abreviada subasta inversa,5,2540600000.0,
2021.0,No territorializable,,Seguros,Selección Abreviada de Menor Cuantía,1,263999477.0,
2021.0,No territorializable,,Suministros,Mínima cuantía,4,82249891795.0,
2021.0,No territorializable,,Suministros,Selección abreviada subasta inversa,1,85895535.0,
2022.0,Departamento único,Amazonas,Interventoría,Concurso de méritos abierto,1,283839465.0,AMAZONAS
2022.0,Departamento único,Amazonas,Obra,Licitación pública Obra Publica,1,1033211037.0,AMAZONAS
2022.0,Departamento único,Antioquia,Interventoría,Concurso de méritos abierto,2,613794203.21,ANTIOQUIA
2022.0,Departamento único,Antioquia,Interventoría,Mínima cuantía,1,78797480.0,ANTIOQUIA
2022.0,Departamento único,Antioquia,Obra,Licitación pública Obra Publica,3,6233640754.0,ANTIOQUIA
2022.0,Departamento único,Antioquia,Obra,Mínima cuantía,3,248997330.01999998,ANTIOQUIA
2022.0,Departamento único,Antioquia,Obra,Seleccion Abreviada Menor Cuantia Sin Manifestacion Interes,1,3816125980.0,ANTIOQUIA
2022.0,Departamento único,Antioquia,Otro,Contratación directa,6,15909994921.84,ANTIOQUIA
2022.0,Departamento único,Antioquia,Prestación de servicios,Contratación directa,26,1537331642.0,ANTIOQUIA
2022.0,Departamento único,Atlántico,Interventoría,Concurso de méritos abierto,1,11316178367.0,ATLANTICO
2022.0,Departamento único,Atlántico,Interventoría,Mínima cuantía,1,100000000.0,ATLANTICO
2022.0,Departamento único,Atlántico,Obra,Mínima cuantía,1,100000000.0,ATLANTICO
2022.0,Departamento único,Atlántico,Otro,Contratación directa,2,462495004.0,ATLANTICO
2022.0,Departamento único,Atlántico,Prestación de servicios,Contratación directa,2,126198333.0,ATLANTICO
2022.0,Departamento único,Atlántico,Prestación de servicios,Mínima cuantía,2,21996674.0,ATLANTICO
2022.0,Departamento único,Bogotá D.C.,Prestación de servicios,Contratación directa,1,200000000.0,SANTAFE DE BOGOTA D.C
2022.0,Departamento único,Bolívar,Consultoría,Concurso de méritos abierto,1,2708044307.0,BOLIVAR
2022.0,Departamento único,Bolívar,Interventoría,Concurso de méritos abierto,3,16497216852.0,BOLIVAR
2022.0,Departamento único,Bolívar,Interventoría,Mínima cuantía,4,211956572.0,BOLIVAR
2022.0,Departamento único,Bolívar,Obra,Licitación pública Obra Publica,4,9158699261.0,BOLIVAR
2022.0,Departamento único,Bolívar,Obra,Mínima cuantía,2,130064221.0,BOLIVAR
2022.0,Departamento único,Bolívar,Obra,Selección Abreviada de Menor Cuantía,1,869672806.0,BOLIVAR
2022.0,Departamento único,Bolívar,Otro,Contratación directa,1,5000000000.0,BOLIVAR
2022.0,Departamento único,Bolívar,Prestación de servicios,Contratación directa,9,402161667.0,BOLIVAR
2022.0,Departamento único,Bolívar,Prestación de servicios,Mínima cuantía,1,4292100.0,BOLIVAR
2022.0,Departamento único,Bolívar,Suministros,Mínima cuantía,3,290282796.0,BOLIVAR
2022.0,Departamento único,Boyacá,Consultoría,Concurso de méritos abierto,2,660308033.0,BOYACA
2022.0,Departamento único,Boyacá,Interventoría,Concurso de méritos abierto,1,362889786.0,BOYACA
2022.0,Departamento único,Boyacá,Interventoría,Mínima cuantía,3,163213195.0,BOYACA
2022.0,Departamento único,Boyacá,Obra,Mínima cuantía,1,90172391.0,BOYACA
2022.0,Departamento único,Boyacá,Obra,Selección Abreviada de Menor Cuantía,2,482096010.0,BOYACA
2022.0,Departamento único,Boyacá,Otro,Contratación directa,5,10029340425.0,BOYACA
2022.0,Departamento único,Boyacá,Prestación de servicios,Contratación directa,11,520350001.0,BOYACA
2022.0,Departamento único,Caldas,Interventoría,Concurso de méritos abierto,1,1375615653.0,CALDAS
2022.0,Departamento único,Caldas,Interventoría,Mínima cuantía,1,54571760.0,CALDAS
2022.0,Departamento único,Caldas,Obra,Mínima cuantía,1,100000000.0,CALDAS
2022.0,Departamento único,Caldas,Obra,Selección Abreviada de Menor Cuantía,2,1064733947.0,CALDAS
2022.0,Departamento único,Caldas,Otro,Contratación directa,1,213951207.0,CALDAS
2022.0,Departamento único,Caldas,Prestación de servicios,Contratación directa,4,241055001.0,CALDAS
2022.0,Departamento único,Caldas,Prestación de servicios,Mínima cuantía,1,2940000.0,CALDAS
2022.0,Departamento único,Caquetá,Interventoría,Concurso de méritos abierto,1,490356160.0,CAQUETA
2022.0,Departamento único,Caquetá,Interventoría,Mínima cuantía,1,67300000.0,CAQUETA
2022.0,Departamento único,Caquetá,Obra,Licitación pública Obra Publica,1,4062946716.0,CAQUETA
2022.0,Departamento único,Caquetá,Otro,Contratación directa,2,2240921012.0,CAQUETA
2022.0,Departamento único,Caquetá,Prestación de servicios,Contratación directa,5,252026667.32999998,CAQUETA
2022.0,Departamento único,Caquetá,Prestación de servicios,Mínima cuantía,2,75895148.0,CAQUETA
2022.0,Departamento único,Casanare,Interventoría,Concurso de méritos abierto,2,2346421375.0,CASANARE
2022.0,Departamento único,Casanare,Obra,Licitación pública Obra Publica,1,6664967961.0,CASANARE
2022.0,Departamento único,Casanare,Obra,Mínima cuantía,1,40177999.0,CASANARE
2022.0,Departamento único,Casanare,Otro,Contratación directa,1,1425000000.0,CASANARE
2022.0,Departamento único,Casanare,Prestación de servicios,Contratación directa,8,378308335.33,CASANARE
2022.0,Departamento único,Casanare,Prestación de servicios,Mínima cuantía,2,98070376.0,CASANARE
2022.0,Departamento único,Casanare,Prestación de servicios,Selección Abreviada de Menor Cuantía,1,643409186.0,CASANARE
2022.0,Departamento único,Cauca,Consultoría,Concurso de méritos abierto,1,415920411.0,CAUCA
2022.0,Departamento único,Cauca,Interventoría,Concurso de méritos abierto,3,6823571914.0,CAUCA
2022.0,Departamento único,Cauca,Obra,Licitación pública Obra Publica,27,45682263858.0,CAUCA
2022.0,Departamento único,Cauca,Obra,Mínima cuantía,2,190063461.0,CAUCA
2022.0,Departamento único,Cauca,Obra,Selección Abreviada de Menor Cuantía,2,844900768.0,CAUCA
2022.0,Departamento único,Cauca,Otro,Contratación directa,2,2002469518.0,CAUCA
2022.0,Departamento único,Cauca,Prestación de servicios,Contratación directa,5,288678334.0,CAUCA
2022.0,Departamento único,Cauca,Prestación de servicios,Mínima cuantía,1,70460721.0,CAUCA
2022.0,Departamento único,Cauca,Prestación de servicios,Selección Abreviada de Menor Cuantía,1,357313339.05,CAUCA
2022.0,Departamento único,Cesar,Interventoría,Mínima cuantía,1,30682768.0,CESAR
2022.0,Departamento único,Cesar,Obra,Licitación pública Obra Publica,7,11121988055.0,CESAR
2022.0,Departamento único,Cesar,Obra,Mínima cuantía,4,208887118.0,CESAR
2022.0,Departamento único,Cesar,Obra,Selección Abreviada de Menor Cuantía,1,160398064.0,CESAR
2022.0,Departamento único,Cesar,Otro,Contratación directa,1,213973896.0,CESAR
2022.0,Departamento único,Cesar,Prestación de servicios,Contratación directa,6,331263335.0,CESAR
2022.0,Departamento único,Cesar,Prestación de servicios,Mínima cuantía,1,5747700.0,CESAR
2022.0,Departamento único,Chocó,Consultoría,Mínima cuantía,1,65402400.0,CHOCO
2022.0,Departamento único,Chocó,Interventoría,Concurso de méritos abierto,5,7238109304.14,CHOCO
2022.0,Departamento único,Chocó,Interventoría,Mínima cuantía,1,100000000.0,CHOCO
2022.0,Departamento único,Chocó,Obra,Licitación pública Obra Publica,2,25511744805.0,CHOCO
2022.0,Departamento único,Chocó,Obra,Mínima cuantía,1,100000000.0,CHOCO
2022.0,Departamento único,Chocó,Otro,Contratación directa,3,3090000000.0,CHOCO
2022.0,Departamento único,Chocó,Prestación de servicios,Contratación directa,4,218353334.0,CHOCO
2022.0,Departamento único,Cundinamarca,Interventoría,Concurso de méritos abierto,3,2259993098.0,CUNDINAMARCA
2022.0,Departamento único,Cundinamarca,Interventoría,Mínima cuantía,4,228892052.0,CUNDINAMARCA
2022.0,Departamento único,Cundinamarca,Obra,Mínima cuantía,2,134615842.0,CUNDINAMARCA
2022.0,Departamento único,Cundinamarca,Obra,Selección Abreviada de Menor Cuantía,3,934377360.0,CUNDINAMARCA
2022.0,Departamento único,Cundinamarca,Otro,Contratación directa,2,1027646149.0,CUNDINAMARCA
2022.0,Departamento único,Cundinamarca,Otro,Mínima cuantía,1,81890455.0,CUNDINAMARCA
2022.0,Departamento único,Cundinamarca,Prestación de servicios,Contratación directa,8,397005001.0,CUNDINAMARCA
2022.0,Departamento único,Córdoba,Interventoría,Concurso de méritos abierto,2,5678011428.0,CORDOBA
2022.0,Departamento único,Córdoba,Interventoría,Mínima cuantía,1,63058695.0,CORDOBA
2022.0,Departamento único,Córdoba,Obra,Licitación pública Obra Publica,2,17526061834.0,CORDOBA
2022.0,Departamento único,Córdoba,Obra,Mínima cuantía,2,128661330.0,CORDOBA
2022.0,Departamento único,Córdoba,Obra,Selección Abreviada de Menor Cuantía,1,1419038295.0,CORDOBA
2022.0,Departamento único,Córdoba,Otro,Contratación directa,1,4700000000.0,CORDOBA
2022.0,Departamento único,Córdoba,Prestación de servicios,Contratación directa,9,472278335.0,CORDOBA
2022.0,Departamento único,Córdoba,Prestación de servicios,Mínima cuantía,2,9549637.0,CORDOBA
2022.0,Departamento único,Guainía,Interventoría,Mínima cuantía,1,118884766.0,GUAINIA
2022.0,Departamento único,Guainía,Obra,Selección Abreviada de Menor Cuantía,1,889201088.0,GUAINIA
2022.0,Departamento único,Huila,Interventoría,Concurso de méritos abierto,6,9236877704.0,HUILA
2022.0,Departamento único,Huila,Interventoría,Mínima cuantía,4,187393758.0,HUILA
2022.0,Departamento único,Huila,Obra,Mínima cuantía,1,66200181.0,HUILA
2022.0,Departamento único,Huila,Obra,Selección Abreviada de Menor Cuantía,1,143529850.0,HUILA
2022.0,Departamento único,Huila,Otro,Contratación directa,14,7550182238.0,HUILA
2022.0,Departamento único,Huila,Otro,Mínima cuantía,1,1963500.0,HUILA
2022.0,Departamento único,Huila,Prestación de servicios,Contratación directa,10,497741667.0,HUILA
2022.0,Departamento único,La Guajira,Interventoría,Concurso de méritos abierto,1,3445852007.0,LA GUAJIRA
2022.0,Departamento único,La Guajira,Interventoría,Mínima cuantía,1,70178162.0,LA GUAJIRA
2022.0,Departamento único,La Guajira,Obra,Licitación pública Obra Publica,1,1804839414.0,LA GUAJIRA
2022.0,Departamento único,La Guajira,Obra,Mínima cuantía,1,42106046.0,LA GUAJIRA
2022.0,Departamento único,La Guajira,Obra,Selección Abreviada de Menor Cuantía,1,829074669.0,LA GUAJIRA
2022.0,Departamento único,La Guajira,Otro,Contratación directa,1,3000000000.0,LA GUAJIRA
2022.0,Departamento único,La Guajira,Prestación de servicios,Contratación directa,9,460643337.33,LA GUAJIRA
2022.0,Departamento único,La Guajira,Prestación de servicios,Mínima cuantía,1,5644667.0,LA GUAJIRA
2022.0,Departamento único,Magdalena,Interventoría,Concurso de méritos abierto,2,9320812332.0,MAGDALENA
2022.0,Departamento único,Magdalena,Obra,Licitación pública Obra Publica,1,43683294089.0,MAGDALENA
2022.0,Departamento único,Magdalena,Obra,Mínima cuantía,1,100000000.0,MAGDALENA
2022.0,Departamento único,Magdalena,Obra,Selección Abreviada de Menor Cuantía,1,187741824.0,MAGDALENA
2022.0,Departamento único,Magdalena,Otro,Contratación directa,1,3847730541.0,MAGDALENA
2022.0,Departamento único,Magdalena,Prestación de servicios,Contratación directa,8,484230000.0,MAGDALENA
2022.0,Departamento único,Meta,Interventoría,Concurso de méritos abierto,2,3221104371.0,META
2022.0,Departamento único,Meta,Interventoría,Mínima cuantía,4,115037900.0,META
2022.0,Departamento único,Meta,Obra,Licitación pública Obra Publica,6,12520484710.0,META
2022.0,Departamento único,Meta,Obra,Mínima cuantía,3,240347632.5,META
2022.0,Departamento único,Meta,Obra,Selección Abreviada de Menor Cuantía,2,349212564.65999997,META
2022.0,Departamento único,Meta,Otro,Contratación directa,5,31142446679.260002,META
2022.0,Departamento único,Meta,Prestación de servicios,Contratación directa,12,693405001.0,META
2022.0,Departamento único,Meta,Prestación de servicios,Mínima cuantía,1,3950800.0,META
2022.0,Departamento único,Meta,Prestación de servicios,Selección Abreviada de Menor Cuantía,1,356847085.5,META
2022.0,Departamento único,Nariño,Interventoría,Mínima cuantía,1,30807910.0,NARIÑO
2022.0,Departamento único,Nariño,Obra,Mínima cuantía,3,247160198.8,NARIÑO
2022.0,Departamento único,Nariño,Obra,Selección Abreviada de Menor Cuantía,1,288913907.0,NARIÑO
2022.0,Departamento único,Nariño,Otro,Contratación directa,2,504309266.0,NARIÑO
2022.0,Departamento único,Nariño,Prestación de servicios,Contratación directa,12,596868304.0,NARIÑO
2022.0,Departamento único,Nariño,Suministros,Mínima cuantía,1,15470000.0,NARIÑO
2022.0,Departamento único,Norte de Santander,Consultoría,Concurso de méritos abierto,1,1103098822.0,NORTE DE SANTANDER
2022.0,Departamento único,Norte de Santander,Consultoría,Mínima cuantía,1,105779100.0,NORTE DE SANTANDER
2022.0,Departamento único,Norte de Santander,Interventoría,Concurso de méritos abierto,2,9662791750.0,NORTE DE SANTANDER
2022.0,Departamento único,Norte de Santander,Interventoría,Mínima cuantía,4,254901210.0,NORTE DE SANTANDER
2022.0,Departamento único,Norte de Santander,Obra,Mínima cuantía,4,388506714.2,NORTE DE SANTANDER
2022.0,Departamento único,Norte de Santander,Obra,Selección Abreviada de Menor Cuantía,2,1709370392.0,NORTE DE SANTANDER
2022.0,Departamento único,Norte de Santander,Otro,Contratación directa,1,900000000.0,NORTE DE SANTANDER
2022.0,Departamento único,Norte de Santander,Prestación de servicios,Contratación directa,7,307688334.0,NORTE DE SANTANDER
2022.0,Departamento único,Norte de Santander,Prestación de servicios,Mínima cuantía,1,29884981.0,NORTE DE SANTANDER
2022.0,Departamento único,Norte de Santander,Suministros,Mínima cuantía,1,6445040.0,NORTE DE SANTANDER
2022.0,Departamento único,Putumayo,Consultoría,Concurso de méritos abierto,2,5222275290.0,PUTUMAYO
2022.0,Departamento único,Putumayo,Interventoría,Concurso de méritos abierto,2,1334258595.0,PUTUMAYO
2022.0,Departamento único,Putumayo,Obra,Licitación pública Obra Publica,2,11876048230.0,PUTUMAYO
2022.0,Departamento único,Putumayo,Obra,Mínima cuantía,1,126000000.0,PUTUMAYO
2022.0,Departamento único,Putumayo,Obra,Selección Abreviada de Menor Cuantía,1,393244643.0,PUTUMAYO
2022.0,Departamento único,Putumayo,Otro,Contratación directa,1,17886813197.0,PUTUMAYO
2022.0,Departamento único,Putumayo,Prestación de servicios,Contratación directa,3,159509350.0,PUTUMAYO
2022.0,Departamento único,Putumayo,Prestación de servicios,Mínima cuantía,1,4069800.0,PUTUMAYO
2022.0,Departamento único,Quindío,Interventoría,Concurso de méritos abierto,2,3097625599.0,QUINDIO
2022.0,Departamento único,Quindío,Obra,Licitación pública Obra Publica,1,10816694247.0,QUINDIO
2022.0,Departamento único,Quindío,Otro,Contratación directa,1,19788720416.0,QUINDIO
2022.0,Departamento único,Quindío,Prestación de servicios,Contratación directa,8,369581668.0,QUINDIO
2022.0,Departamento único,Quindío,Prestación de servicios,Mínima cuantía,1,1338750.0,QUINDIO
2022.0,Departamento único,Risaralda,Interventoría,Concurso de méritos abierto,2,5685074734.0,RISARALDA
2022.0,Departamento único,Risaralda,Interventoría,Mínima cuantía,2,153413485.2,RISARALDA
2022.0,Departamento único,Risaralda,Obra,Mínima cuantía,1,97151743.0,RISARALDA
2022.0,Departamento único,Risaralda,Obra,Selección Abreviada de Menor Cuantía,1,959357503.0,RISARALDA
2022.0,Departamento único,Risaralda,Otro,Contratación directa,2,10000000000.0,RISARALDA
2022.0,Departamento único,Risaralda,Prestación de servicios,Contratación directa,8,402283334.0,RISARALDA
2022.0,Departamento único,Santander,Interventoría,Concurso de méritos abierto,4,33910704783.0,SANTANDER
2022.0,Departamento único,Santander,Obra,Licitación pública Obra Publica,15,24891833525.0,SANTANDER
2022.0,Departamento único,Santander,Obra,Mínima cuantía,1,56307505.0,SANTANDER
2022.0,Departamento único,Santander,Obra,Selección Abreviada de Menor Cuantía,2,426127438.0,SANTANDER
2022.0,Departamento único,Santander,Otro,Contratación directa,3,3413750579.0,SANTANDER
2022.0,Departamento único,Santander,Prestación de servicios,Contratación directa,12,555503334.0,SANTANDER
2022.0,Departamento único,Santander,Prestación de servicios,Mínima cuantía,1,3533522.0,SANTANDER
2022.0,Departamento único,Sucre,Consultoría,Concurso de méritos abierto,2,4150678502.0,SUCRE
2022.0,Departamento único,Sucre,Interventoría,Concurso de méritos abierto,1,10985497258.0,SUCRE
2022.0,Departamento único,Sucre,Interventoría,Mínima cuantía,2,177644984.0,SUCRE
2022.0,Departamento único,Sucre,Obra,Licitación pública Obra Publica,1,841257339.0,SUCRE
2022.0,Departamento único,Sucre,Obra,Mínima cuantía,2,122960896.0,SUCRE
2022.0,Departamento único,Sucre,Otro,Contratación directa,1,1900000000.0,SUCRE
2022.0,Departamento único,Sucre,Prestación de servicios,Contratación directa,3,142988334.0,SUCRE
2022.0,Departamento único,Tolima,Interventoría,Concurso de méritos abierto,3,6472534777.0,TOLIMA
2022.0,Departamento único,Tolima,Interventoría,Mínima cuantía,2,121214941.0,TOLIMA
2022.0,Departamento único,Tolima,Obra,Licitación pública Obra Publica,1,1525024916.0,TOLIMA
2022.0,Departamento único,Tolima,Obra,Mínima cuantía,2,137628201.0,TOLIMA
2022.0,Departamento único,Tolima,Obra,Selección Abreviada de Menor Cuantía,2,1893587913.0,TOLIMA
2022.0,Departamento único,Tolima,Otro,Mínima cuantía,1,100000000.0,TOLIMA
2022.0,Departamento único,Tolima,Prestación de servicios,Contratación directa,8,436768333.0,TOLIMA
2022.0,Departamento único,Valle del Cauca,Interventoría,Concurso de méritos abierto,1,901833506.0,VALLE DEL CAUCA
2022.0,Departamento único,Valle del Cauca,Interventoría,Mínima cuantía,3,181320171.0,VALLE DEL CAUCA
2022.0,Departamento único,Valle del Cauca,Obra,Contratación directa,1,22502631986.0,VALLE DEL CAUCA
2022.0,Departamento único,Valle del Cauca,Otro,Contratación directa,3,7258204620.0,VALLE DEL CAUCA
2022.0,Departamento único,Valle del Cauca,Prestación de servicios,Contratación directa,2,146400000.0,VALLE DEL CAUCA
2022.0,Multidepartamental,,Consultoría,Concurso de méritos abierto,1,3500000000.0,
2022.0,Multidepartamental,,Interventoría,Concurso de méritos abierto,7,146538266476.0,
2022.0,Multidepartamental,,Interventoría,Mínima cuantía,5,358374722.0,
2022.0,Multidepartamental,,Obra,Licitación pública Obra Publica,13,1209596791864.0,
2022.0,Multidepartamental,,Obra,Selección Abreviada de Menor Cuantía,3,2565845815.96,
2022.0,Multidepartamental,,Otro,Contratación directa,2,6624899057.0,
2022.0,Multidepartamental,,Prestación de servicios,Contratación directa,3,73750000.0,
2022.0,No territorializable,,Compraventa,Mínima cuantía,1,99900000.0,
2022.0,No territorializable,,Compraventa,Selección abreviada subasta inversa,3,1626726064.0,
2022.0,No territorializable,,Consultoría,Concurso de méritos abierto,5,13455414648.0,
2022.0,No territorializable,,Decreto 092 de 2017,Contratación régimen especial,1,20000000.0,
2022.0,No territorializable,,Interventoría,Concurso de méritos abierto,4,6544660979.0,
2022.0,No territorializable,,Interventoría,Mínima cuantía,2,139878642.9,
2022.0,No territorializable,,Obra,Licitación pública Obra Publica,14,45199727741.0,
2022.0,No territorializable,,Obra,Mínima cuantía,7,602199598.44,
2022.0,No territorializable,,Obra,Selección Abreviada de Menor Cuantía,1,336238615.0,
2022.0,No territorializable,,Otro,Contratación directa,4,7755268200.0,
2022.0,No territorializable,,Otro,Mínima cuantía,5,438503398.0,
2022.0,No territorializable,,Otro,Selección abreviada subasta inversa,1,1370484000.0,
2022.0,No territorializable,,Prestación de servicios,Contratación directa,865,65075955422.78,
2022.0,No territorializable,,Prestación de servicios,Mínima cuantía,3,156647146.0,
2022.0,No territorializable,,Suministros,Mínima cuantía,6,409585166.0,
2022.0,No territorializable,,Suministros,Selección abreviada subasta inversa,6,3880496634.0,
2023.0,Departamento único,Amazonas,Consultoría,Concurso de méritos abierto,1,211467998.0,AMAZONAS
2023.0,Departamento único,Amazonas,Interventoría,Concurso de méritos abierto,1,524000000.0,AMAZONAS
2023.0,Departamento único,Amazonas,Obra,Licitación pública Obra Publica,1,4112931157.0,AMAZONAS
2023.0,Departamento único,Amazonas,Obra,Selección Abreviada de Menor Cuantía,1,1121723630.0,AMAZONAS
2023.0,Departamento único,Antioquia,Consultoría,Concurso de méritos abierto,4,1764664675.0,ANTIOQUIA
2023.0,Departamento único,Antioquia,Interventoría,Concurso de méritos abierto,3,3541397798.0,ANTIOQUIA
2023.0,Departamento único,Antioquia,Interventoría,Mínima cuantía,16,1314201425.45,ANTIOQUIA
2023.0,Departamento único,Antioquia,Obra,Licitación pública Obra Publica,3,68820779769.0,ANTIOQUIA
2023.0,Departamento único,Antioquia,Obra,Mínima cuantía,2,159132773.0,ANTIOQUIA
2023.0,Departamento único,Antioquia,Obra,Selección Abreviada de Menor Cuantía,3,2425300710.93,ANTIOQUIA
2023.0,Departamento único,Antioquia,Otro,Contratación directa,36,41308332279.0,ANTIOQUIA
2023.0,Departamento único,Antioquia,Prestación de servicios,Contratación directa,16,535386500.0,ANTIOQUIA
2023.0,Departamento único,Antioquia,Prestación de servicios,Licitación pública,4,1809665636.0,ANTIOQUIA
2023.0,Departamento único,Antioquia,Prestación de servicios,Mínima cuantía,3,226734654.0,ANTIOQUIA
2023.0,Departamento único,Arauca,Consultoría,Concurso de méritos abierto,1,133974960.0,ARAUCA
2023.0,Departamento único,Arauca,Interventoría,Concurso de méritos abierto,1,2174611282.0,ARAUCA
2023.0,Departamento único,Arauca,Interventoría,Mínima cuantía,5,509980805.0,ARAUCA
2023.0,Departamento único,Arauca,Obra,Selección Abreviada de Menor Cuantía,1,564984974.0,ARAUCA
2023.0,Departamento único,Arauca,Otro,Contratación directa,10,1960150016.0,ARAUCA
2023.0,Departamento único,Atlántico,Consultoría,Concurso de méritos abierto,1,569813309.0,ATLANTICO
2023.0,Departamento único,Atlántico,Interventoría,Concurso de méritos abierto,1,1529977628.0,ATLANTICO
2023.0,Departamento único,Atlántico,Interventoría,Mínima cuantía,4,431738324.0,ATLANTICO
2023.0,Departamento único,Atlántico,Obra,Mínima cuantía,3,295416574.0,ATLANTICO
2023.0,Departamento único,Atlántico,Obra,Selección Abreviada de Menor Cuantía,1,364785000.0,ATLANTICO
2023.0,Departamento único,Atlántico,Otro,Contratación directa,14,26596706679.0,ATLANTICO
2023.0,Departamento único,Atlántico,Prestación de servicios,Contratación directa,13,315850000.0,ATLANTICO
2023.0,Departamento único,Atlántico,Prestación de servicios,Mínima cuantía,5,219621052.0,ATLANTICO
2023.0,Departamento único,Atlántico,Prestación de servicios,Selección Abreviada de Menor Cuantía,1,242313855.0,ATLANTICO
2023.0,Departamento único,Atlántico,Suministros,Mínima cuantía,1,84655250.0,ATLANTICO
2023.0,Departamento único,Bolívar,Consultoría,Concurso de méritos abierto,2,1128988046.0,BOLIVAR
2023.0,Departamento único,Bolívar,Consultoría,Mínima cuantía,2,163392950.0,BOLIVAR
2023.0,Departamento único,Bolívar,Interventoría,Concurso de méritos abierto,1,1149999999.0,BOLIVAR
2023.0,Departamento único,Bolívar,Interventoría,Mínima cuantía,6,814812633.3,BOLIVAR
2023.0,Departamento único,Bolívar,Obra,Licitación pública Obra Publica,1,9434982052.0,BOLIVAR
2023.0,Departamento único,Bolívar,Obra,Mínima cuantía,4,342116678.0,BOLIVAR
2023.0,Departamento único,Bolívar,Obra,Selección Abreviada de Menor Cuantía,2,379287201.0,BOLIVAR
2023.0,Departamento único,Bolívar,Otro,Contratación directa,34,6779638605.0,BOLIVAR
2023.0,Departamento único,Bolívar,Prestación de servicios,Contratación directa,22,464058290.0,BOLIVAR
2023.0,Departamento único,Bolívar,Prestación de servicios,Mínima cuantía,1,40000000.0,BOLIVAR
2023.0,Departamento único,Bolívar,Prestación de servicios,Selección Abreviada de Menor Cuantía,1,352007017.36,BOLIVAR
2023.0,Departamento único,Boyacá,Consultoría,Concurso de méritos abierto,4,2283543760.0,BOYACA
2023.0,Departamento único,Boyacá,Interventoría,Concurso de méritos abierto,3,1562751386.0,BOYACA
2023.0,Departamento único,Boyacá,Interventoría,Mínima cuantía,23,2766835189.05,BOYACA
2023.0,Departamento único,Boyacá,Obra,Licitación pública Obra Publica,4,2428105154.0,BOYACA
2023.0,Departamento único,Boyacá,Obra,Mínima cuantía,1,115999396.0,BOYACA
2023.0,Departamento único,Boyacá,Obra,Selección Abreviada de Menor Cuantía,2,1053303000.0,BOYACA
2023.0,Departamento único,Boyacá,Otro,Contratación directa,48,18551670142.0,BOYACA
2023.0,Departamento único,Boyacá,Otro,Mínima cuantía,5,381181311.65,BOYACA
2023.0,Departamento único,Boyacá,Prestación de servicios,Contratación directa,18,574540000.0,BOYACA
2023.0,Departamento único,Boyacá,Prestación de servicios,Licitación pública,12,3149156400.0,BOYACA
2023.0,Departamento único,Caldas,Arrendamiento de inmuebles,Contratación directa,3,45248339.0,CALDAS
2023.0,Departamento único,Caldas,Consultoría,Concurso de méritos abierto,1,578674514.0,CALDAS
2023.0,Departamento único,Caldas,Interventoría,Concurso de méritos abierto,2,1013741564.0,CALDAS
2023.0,Departamento único,Caldas,Interventoría,Mínima cuantía,10,1166023218.0,CALDAS
2023.0,Departamento único,Caldas,Obra,Licitación pública Obra Publica,1,3274687304.0,CALDAS
2023.0,Departamento único,Caldas,Obra,Mínima cuantía,5,465673001.0,CALDAS
2023.0,Departamento único,Caldas,Obra,Selección Abreviada de Menor Cuantía,4,3391270747.0,CALDAS
2023.0,Departamento único,Caldas,Otro,Contratación directa,17,3408114509.0,CALDAS
2023.0,Departamento único,Caldas,Prestación de servicios,Contratación directa,10,246950000.0,CALDAS
2023.0,Departamento único,Caldas,Prestación de servicios,Mínima cuantía,1,28610218.0,CALDAS
2023.0,Departamento único,Caquetá,Consultoría,Concurso de méritos abierto,5,1795259965.0,CAQUETA
2023.0,Departamento único,Caquetá,Interventoría,Concurso de méritos abierto,1,2039980112.0,CAQUETA
2023.0,Departamento único,Caquetá,Interventoría,Mínima cuantía,10,971058778.0,CAQUETA
2023.0,Departamento único,Caquetá,Obra,Licitación pública Obra Publica,1,24414748647.0,CAQUETA
2023.0,Departamento único,Caquetá,Obra,Mínima cuantía,4,381427668.0,CAQUETA
2023.0,Departamento único,Caquetá,Obra,Selección Abreviada de Menor Cuantía,3,1921756629.0,CAQUETA
2023.0,Departamento único,Caquetá,Otro,Contratación directa,17,3376229099.0,CAQUETA
2023.0,Departamento único,Caquetá,Prestación de servicios,Contratación directa,12,314010000.0,CAQUETA
2023.0,Departamento único,Caquetá,Prestación de servicios,Licitación pública,2,733118679.0,CAQUETA
2023.0,Departamento único,Caquetá,Prestación de servicios,Mínima cuantía,2,29648216.0,CAQUETA
2023.0,Departamento único,Caquetá,Suministros,Mínima cuantía,1,109937436.0,CAQUETA
2023.0,Departamento único,Casanare,Consultoría,Concurso de méritos abierto,4,2293040541.0,CASANARE
2023.0,Departamento único,Casanare,Interventoría,Mínima cuantía,6,529566515.0,CASANARE
2023.0,Departamento único,Casanare,Obra,Mínima cuantía,2,124801501.0,CASANARE
2023.0,Departamento único,Casanare,Obra,Selección Abreviada de Menor Cuantía,2,485986980.0,CASANARE
2023.0,Departamento único,Casanare,Otro,Contratación directa,8,1428699840.0,CASANARE
2023.0,Departamento único,Casanare,Prestación de servicios,Contratación directa,15,468380000.0,CASANARE
2023.0,Departamento único,Casanare,Prestación de servicios,Licitación pública,4,1055333746.0,CASANARE
2023.0,Departamento único,Casanare,Prestación de servicios,Mínima cuantía,4,212090622.0,CASANARE
2023.0,Departamento único,Cauca,Consultoría,Concurso de méritos abierto,8,4571315139.0,CAUCA
2023.0,Departamento único,Cauca,Interventoría,Concurso de méritos abierto,2,2194117966.0,CAUCA
2023.0,Departamento único,Cauca,Interventoría,Mínima cuantía,21,2276912856.86,CAUCA
2023.0,Departamento único,Cauca,Obra,Contratación directa,1,89039638800.0,CAUCA
2023.0,Departamento único,Cauca,Obra,Licitación pública Obra Publica,5,25165751791.0,CAUCA
2023.0,Departamento único,Cauca,Obra,Mínima cuantía,6,517368552.0,CAUCA
2023.0,Departamento único,Cauca,Obra,Selección Abreviada de Menor Cuantía,3,2546416315.0,CAUCA
2023.0,Departamento único,Cauca,Otro,Contratación directa,57,20560034468.0,CAUCA
2023.0,Departamento único,Cauca,Prestación de servicios,Contratación directa,22,516617500.0,CAUCA
2023.0,Departamento único,Cauca,Prestación de servicios,Licitación pública,19,3454453469.0,CAUCA
2023.0,Departamento único,Cauca,Prestación de servicios,Mínima cuantía,1,23572135.0,CAUCA
2023.0,Departamento único,Cauca,Prestación de servicios,Selección Abreviada de Menor Cuantía,1,384554624.0,CAUCA
2023.0,Departamento único,Cauca,Suministros,Mínima cuantía,1,11866850.0,CAUCA
2023.0,Departamento único,Cesar,Consultoría,Concurso de méritos abierto,1,727717789.0,CESAR
2023.0,Departamento único,Cesar,Interventoría,Concurso de méritos abierto,2,2785988708.0,CESAR
2023.0,Departamento único,Cesar,Interventoría,Mínima cuantía,7,637763493.8,CESAR
2023.0,Departamento único,Cesar,Obra,Mínima cuantía,4,275519551.0,CESAR
2023.0,Departamento único,Cesar,Obra,Selección Abreviada de Menor Cuantía,6,4046513955.0,CESAR
2023.0,Departamento único,Cesar,Otro,Contratación directa,17,30071512208.0,CESAR
2023.0,Departamento único,Cesar,Prestación de servicios,Contratación directa,15,395335000.0,CESAR
2023.0,Departamento único,Cesar,Prestación de servicios,Licitación pública,9,1998844531.0,CESAR
2023.0,Departamento único,Cesar,Prestación de servicios,Mínima cuantía,2,38748943.0,CESAR
2023.0,Departamento único,Chocó,Consultoría,Concurso de méritos abierto,7,2570456382.48,CHOCO
2023.0,Departamento único,Chocó,Consultoría,Mínima cuantía,3,273009303.48,CHOCO
2023.0,Departamento único,Chocó,Interventoría,Concurso de méritos abierto,2,739777464.0,CHOCO
2023.0,Departamento único,Chocó,Interventoría,Mínima cuantía,10,754647731.71,CHOCO
2023.0,Departamento único,Chocó,Obra,Licitación pública Obra Publica,3,4506243244.0,CHOCO
2023.0,Departamento único,Chocó,Obra,Mínima cuantía,4,335258386.43,CHOCO
2023.0,Departamento único,Chocó,Obra,Selección Abreviada de Menor Cuantía,4,1773378734.0,CHOCO
2023.0,Departamento único,Chocó,Otro,Contratación directa,14,2805775098.0,CHOCO
2023.0,Departamento único,Chocó,Prestación de servicios,Contratación directa,16,288910000.0,CHOCO
2023.0,Departamento único,Chocó,Prestación de servicios,Licitación pública,7,1689125517.11,CHOCO
2023.0,Departamento único,Chocó,Prestación de servicios,Mínima cuantía,1,26628084.39,CHOCO
2023.0,Departamento único,Chocó,Suministros,Mínima cuantía,1,100000000.0,CHOCO
2023.0,Departamento único,Cundinamarca,Consultoría,Concurso de méritos abierto,2,932097277.0,CUNDINAMARCA
2023.0,Departamento único,Cundinamarca,Interventoría,Concurso de méritos abierto,6,5676349068.78,CUNDINAMARCA
2023.0,Departamento único,Cundinamarca,Interventoría,Mínima cuantía,20,1497836555.0,CUNDINAMARCA
2023.0,Departamento único,Cundinamarca,Obra,Licitación pública Obra Publica,2,25322918606.0,CUNDINAMARCA
2023.0,Departamento único,Cundinamarca,Obra,Mínima cuantía,1,115999999.0,CUNDINAMARCA
2023.0,Departamento único,Cundinamarca,Obra,Selección Abreviada de Menor Cuantía,2,1695852388.0,CUNDINAMARCA
2023.0,Departamento único,Cundinamarca,Otro,Contratación directa,46,58448597610.0,CUNDINAMARCA
2023.0,Departamento único,Cundinamarca,Otro,Mínima cuantía,3,281757520.0,CUNDINAMARCA
2023.0,Departamento único,Cundinamarca,Prestación de servicios,Contratación directa,19,542766000.0,CUNDINAMARCA
2023.0,Departamento único,Cundinamarca,Prestación de servicios,Mínima cuantía,1,40000000.0,CUNDINAMARCA
2023.0,Departamento único,Cundinamarca,Prestación de servicios,Selección Abreviada de Menor Cuantía,3,591124669.0,CUNDINAMARCA
2023.0,Departamento único,Córdoba,Consultoría,Concurso de méritos abierto,2,1136922534.0,CORDOBA
2023.0,Departamento único,Córdoba,Consultoría,Mínima cuantía,1,102650531.0,CORDOBA
2023.0,Departamento único,Córdoba,Interventoría,Concurso de méritos abierto,4,4649054644.0,CORDOBA
2023.0,Departamento único,Córdoba,Interventoría,Mínima cuantía,3,171955858.0,CORDOBA
2023.0,Departamento único,Córdoba,Obra,Licitación pública Obra Publica,1,20349794274.0,CORDOBA
2023.0,Departamento único,Córdoba,Obra,Mínima cuantía,1,99998189.0,CORDOBA
2023.0,Departamento único,Córdoba,Obra,Selección Abreviada de Menor Cuantía,2,792106642.0,CORDOBA
2023.0,Departamento único,Córdoba,Otro,Contratación directa,34,40446646577.0,CORDOBA
2023.0,Departamento único,Córdoba,Prestación de servicios,Contratación directa,12,314740000.0,CORDOBA
2023.0,Departamento único,Córdoba,Prestación de servicios,Licitación pública,2,504152996.39,CORDOBA
2023.0,Departamento único,Córdoba,Prestación de servicios,Mínima cuantía,3,38786597.0,CORDOBA
2023.0,Departamento único,Córdoba,Suministros,Mínima cuantía,4,282683147.0,CORDOBA
2023.0,Departamento único,Guainía,Consultoría,Concurso de méritos abierto,1,133974960.0,GUAINIA
2023.0,Departamento único,Guainía,Consultoría,Mínima cuantía,1,97548336.0,GUAINIA
2023.0,Departamento único,Guainía,Obra,Selección Abreviada de Menor Cuantía,1,634218749.0,GUAINIA
2023.0,Departamento único,Guaviare,Consultoría,Concurso de méritos abierto,2,565964547.0,GUAVIARE
2023.0,Departamento único,Guaviare,Interventoría,Concurso de méritos abierto,2,806791687.38,GUAVIARE
2023.0,Departamento único,Guaviare,Interventoría,Mínima cuantía,1,106587371.8,GUAVIARE
2023.0,Departamento único,Guaviare,Obra,Licitación pública Obra Publica,1,1810838502.0,GUAVIARE
2023.0,Departamento único,Guaviare,Obra,Mínima cuantía,1,99872240.88,GUAVIARE
2023.0,Departamento único,Guaviare,Obra,Selección Abreviada de Menor Cuantía,1,469798621.0,GUAVIARE
2023.0,Departamento único,Guaviare,Otro,Contratación directa,9,1869367833.0,GUAVIARE
2023.0,Departamento único,Huila,Consultoría,Concurso de méritos abierto,1,738934657.0,HUILA
2023.0,Departamento único,Huila,Interventoría,Concurso de méritos abierto,2,643909309.0,HUILA
2023.0,Departamento único,Huila,Interventoría,Mínima cuantía,11,953346874.0,HUILA
2023.0,Departamento único,Huila,Obra,Licitación pública Obra Publica,1,3428959125.0,HUILA
2023.0,Departamento único,Huila,Obra,Selección Abreviada de Menor Cuantía,2,771003272.0,HUILA
2023.0,Departamento único,Huila,Otro,Contratación directa,36,6818054259.0,HUILA
2023.0,Departamento único,Huila,Prestación de servicios,Contratación directa,18,582667666.0,HUILA
2023.0,Departamento único,Huila,Prestación de servicios,Licitación pública,7,1682730341.0,HUILA
2023.0,Departamento único,Huila,Prestación de servicios,Mínima cuantía,1,32000000.0,HUILA
2023.0,Departamento único,La Guajira,Consultoría,Concurso de méritos abierto,1,573274840.0,LA GUAJIRA
2023.0,Departamento único,La Guajira,Interventoría,Concurso de méritos abierto,2,3021620918.64,LA GUAJIRA
2023.0,Departamento único,La Guajira,Interventoría,Mínima cuantía,2,213548138.0,LA GUAJIRA
2023.0,Departamento único,La Guajira,Obra,Mínima cuantía,2,182415901.0,LA GUAJIRA
2023.0,Departamento único,La Guajira,Obra,Selección Abreviada de Menor Cuantía,2,1332243698.1,LA GUAJIRA
2023.0,Departamento único,La Guajira,Otro,Contratación directa,28,47257561084.64,LA GUAJIRA
2023.0,Departamento único,La Guajira,Otro,Mínima cuantía,13,1229841496.05,LA GUAJIRA
2023.0,Departamento único,La Guajira,Prestación de servicios,Contratación directa,14,401025000.0,LA GUAJIRA
2023.0,Departamento único,La Guajira,Prestación de servicios,Selección Abreviada de Menor Cuantía,4,779879846.0,LA GUAJIRA
2023.0,Departamento único,Magdalena,Consultoría,Concurso de méritos abierto,2,1141235931.0,MAGDALENA
2023.0,Departamento único,Magdalena,Interventoría,Concurso de méritos abierto,1,1600000000.0,MAGDALENA
2023.0,Departamento único,Magdalena,Interventoría,Mínima cuantía,16,1604303039.0,MAGDALENA
2023.0,Departamento único,Magdalena,Obra,Mínima cuantía,1,99831721.0,MAGDALENA
2023.0,Departamento único,Magdalena,Obra,Selección Abreviada de Menor Cuantía,3,1098761573.0,MAGDALENA
2023.0,Departamento único,Magdalena,Otro,Contratación directa,29,39745747844.0,MAGDALENA
2023.0,Departamento único,Magdalena,Otro,Mínima cuantía,1,59524293.0,MAGDALENA
2023.0,Departamento único,Magdalena,Prestación de servicios,Contratación directa,17,544207670.5,MAGDALENA
2023.0,Departamento único,Magdalena,Prestación de servicios,Mínima cuantía,1,30243898.0,MAGDALENA
2023.0,Departamento único,Magdalena,Prestación de servicios,Selección Abreviada de Menor Cuantía,4,759777648.0,MAGDALENA
2023.0,Departamento único,Magdalena,Suministros,Mínima cuantía,1,114740413.0,MAGDALENA
2023.0,Departamento único,Meta,Consultoría,Concurso de méritos abierto,3,822955936.0,META
2023.0,Departamento único,Meta,Interventoría,Concurso de méritos abierto,1,1500000000.0,META
2023.0,Departamento único,Meta,Interventoría,Mínima cuantía,13,1161275206.73,META
2023.0,Departamento único,Meta,Obra,Licitación pública Obra Publica,1,1566316470.0,META
2023.0,Departamento único,Meta,Obra,Mínima cuantía,2,84765435.84,META
2023.0,Departamento único,Meta,Obra,Selección Abreviada de Menor Cuantía,4,1802813517.0,META
2023.0,Departamento único,Meta,Otro,Contratación directa,23,5493837877.0,META
2023.0,Departamento único,Meta,Prestación de servicios,Contratación directa,17,590250000.0,META
2023.0,Departamento único,Meta,Prestación de servicios,Licitación pública,4,1286449754.0,META
2023.0,Departamento único,Meta,Prestación de servicios,Mínima cuantía,1,18522112.0,META
2023.0,Departamento único,Nariño,Consultoría,Concurso de méritos abierto,2,4396754707.0,NARIÑO
2023.0,Departamento único,Nariño,Consultoría,Mínima cuantía,1,82237563.0,NARIÑO
2023.0,Departamento único,Nariño,Interventoría,Concurso de méritos abierto,5,3536661194.0,NARIÑO
2023.0,Departamento único,Nariño,Interventoría,Mínima cuantía,15,1042533134.09,NARIÑO
2023.0,Departamento único,Nariño,Obra,Licitación pública Obra Publica,2,20755529951.0,NARIÑO
2023.0,Departamento único,Nariño,Obra,Mínima cuantía,4,335166367.0,NARIÑO
2023.0,Departamento único,Nariño,Obra,Seleccion Abreviada Menor Cuantia Sin Manifestacion Interes,1,17652672416.0,NARIÑO
2023.0,Departamento único,Nariño,Obra,Selección Abreviada de Menor Cuantía,2,1236933230.0,NARIÑO
2023.0,Departamento único,Nariño,Otro,Contratación directa,53,48131121334.0,NARIÑO
2023.0,Departamento único,Nariño,Prestación de servicios,Contratación directa,19,528352500.0,NARIÑO
2023.0,Departamento único,Nariño,Prestación de servicios,Licitación pública,18,4910985714.0,NARIÑO
2023.0,Departamento único,Nariño,Prestación de servicios,Mínima cuantía,1,53188179.0,NARIÑO
2023.0,Departamento único,Norte de Santander,Interventoría,Concurso de méritos abierto,2,934425972.0,NORTE DE SANTANDER
2023.0,Departamento único,Norte de Santander,Interventoría,Mínima cuantía,22,1458343127.0,NORTE DE SANTANDER
2023.0,Departamento único,Norte de Santander,Obra,Contratación directa,1,16699814457.0,NORTE DE SANTANDER
2023.0,Departamento único,Norte de Santander,Obra,Mínima cuantía,12,998572021.0,NORTE DE SANTANDER
2023.0,Departamento único,Norte de Santander,Obra,Selección Abreviada de Menor Cuantía,7,4639139531.059999,NORTE DE SANTANDER
2023.0,Departamento único,Norte de Santander,Otro,Contratación directa,34,8891616424.0,NORTE DE SANTANDER
2023.0,Departamento único,Norte de Santander,Prestación de servicios,Contratación directa,16,396250000.0,NORTE DE SANTANDER
2023.0,Departamento único,Norte de Santander,Prestación de servicios,Licitación pública,11,2767105311.0,NORTE DE SANTANDER
2023.0,Departamento único,Norte de Santander,Prestación de servicios,Mínima cuantía,3,46163096.0,NORTE DE SANTANDER
2023.0,Departamento único,Norte de Santander,Suministros,Mínima cuantía,4,312943656.0,NORTE DE SANTANDER
2023.0,Departamento único,Putumayo,Consultoría,Concurso de méritos abierto,1,211457288.0,PUTUMAYO
2023.0,Departamento único,Putumayo,Consultoría,Mínima cuantía,1,68740000.0,PUTUMAYO
2023.0,Departamento único,Putumayo,Interventoría,Mínima cuantía,7,414398758.0,PUTUMAYO
2023.0,Departamento único,Putumayo,Obra,Mínima cuantía,2,133408782.0,PUTUMAYO
2023.0,Departamento único,Putumayo,Obra,Selección Abreviada de Menor Cuantía,5,2755314158.02,PUTUMAYO
2023.0,Departamento único,Putumayo,Otro,Contratación directa,9,1803968119.0,PUTUMAYO
2023.0,Departamento único,Putumayo,Prestación de servicios,Contratación directa,13,355583550.0,PUTUMAYO
2023.0,Departamento único,Putumayo,Prestación de servicios,Licitación pública,4,812577722.0,PUTUMAYO
2023.0,Departamento único,Putumayo,Prestación de servicios,Mínima cuantía,1,20168067.0,PUTUMAYO
2023.0,Departamento único,Quindío,Consultoría,Concurso de méritos abierto,1,563755308.0,QUINDIO
2023.0,Departamento único,Quindío,Interventoría,Concurso de méritos abierto,1,199999999.0,QUINDIO
2023.0,Departamento único,Quindío,Interventoría,Mínima cuantía,1,105642547.0,QUINDIO
2023.0,Departamento único,Quindío,Obra,Mínima cuantía,1,71745200.0,QUINDIO
2023.0,Departamento único,Quindío,Obra,Selección Abreviada de Menor Cuantía,1,212087357.0,QUINDIO
2023.0,Departamento único,Quindío,Otro,Contratación directa,3,601200615.0,QUINDIO
2023.0,Departamento único,Quindío,Prestación de servicios,Contratación directa,13,391175000.0,QUINDIO
2023.0,Departamento único,Quindío,Prestación de servicios,Mínima cuantía,2,15438303.0,QUINDIO
2023.0,Departamento único,Quindío,Prestación de servicios,Selección Abreviada de Menor Cuantía,2,627552460.0,QUINDIO
2023.0,Departamento único,Risaralda,Consultoría,Concurso de méritos abierto,2,1002714383.0,RISARALDA
2023.0,Departamento único,Risaralda,Interventoría,Concurso de méritos abierto,2,736600647.0,RISARALDA
2023.0,Departamento único,Risaralda,Interventoría,Mínima cuantía,1,115978991.6,RISARALDA
2023.0,Departamento único,Risaralda,Obra,Mínima cuantía,2,188865720.0,RISARALDA
2023.0,Departamento único,Risaralda,Obra,Selección Abreviada de Menor Cuantía,3,904717416.0,RISARALDA
2023.0,Departamento único,Risaralda,Otro,Contratación directa,1,199117422.0,RISARALDA
2023.0,Departamento único,Risaralda,Prestación de servicios,Contratación directa,13,317704000.0,RISARALDA
2023.0,Departamento único,Risaralda,Prestación de servicios,Licitación pública,7,1527453306.0,RISARALDA
2023.0,Departamento único,Risaralda,Prestación de servicios,Mínima cuantía,1,25599756.0,RISARALDA
2023.0,Departamento único,Risaralda,Suministros,Mínima cuantía,1,92805813.0,RISARALDA
2023.0,Departamento único,San Andrés y Providencia,Consultoría,Concurso de méritos abierto,1,430708861.0,ARCHIPIELAGO DE SAN ANDRES PROVIDENCIA Y SANTA CATALINA
2023.0,Departamento único,Santander,Consultoría,Concurso de méritos abierto,1,151507504.0,SANTANDER
2023.0,Departamento único,Santander,Interventoría,Concurso de méritos abierto,1,299960016.0,SANTANDER
2023.0,Departamento único,Santander,Interventoría,Mínima cuantía,8,577898852.0,SANTANDER
2023.0,Departamento único,Santander,Obra,Licitación pública,1,188653227.0,SANTANDER
2023.0,Departamento único,Santander,Obra,Licitación pública Obra Publica,1,16042159187.0,SANTANDER
2023.0,Departamento único,Santander,Obra,Mínima cuantía,3,248631858.0,SANTANDER
2023.0,Departamento único,Santander,Obra,Selección Abreviada de Menor Cuantía,2,1494319099.0,SANTANDER
2023.0,Departamento único,Santander,Otro,Contratación directa,41,8237233719.0,SANTANDER
2023.0,Departamento único,Santander,Prestación de servicios,Contratación directa,24,559046000.0,SANTANDER
2023.0,Departamento único,Santander,Prestación de servicios,Licitación pública,10,2537013344.0,SANTANDER
2023.0,Departamento único,Santander,Prestación de servicios,Mínima cuantía,4,263856218.0,SANTANDER
2023.0,Departamento único,Santander,Suministros,Mínima cuantía,1,32245097.0,SANTANDER
2023.0,Departamento único,Sucre,Consultoría,Concurso de méritos abierto,2,823475575.0,SUCRE
2023.0,Departamento único,Sucre,Interventoría,Concurso de méritos abierto,2,3222363022.0,SUCRE
2023.0,Departamento único,Sucre,Interventoría,Mínima cuantía,11,854749318.0,SUCRE
2023.0,Departamento único,Sucre,Obra,Licitación pública Obra Publica,1,5006855528.0,SUCRE
2023.0,Departamento único,Sucre,Obra,Mínima cuantía,2,183971101.0,SUCRE
2023.0,Departamento único,Sucre,Obra,Selección Abreviada de Menor Cuantía,2,1067283272.0,SUCRE
2023.0,Departamento único,Sucre,Otro,Contratación directa,18,3603399625.0,SUCRE
2023.0,Departamento único,Sucre,Prestación de servicios,Contratación directa,14,432120000.0,SUCRE
2023.0,Departamento único,Sucre,Prestación de servicios,Selección Abreviada de Menor Cuantía,1,242087738.0,SUCRE
2023.0,Departamento único,Sucre,Suministros,Mínima cuantía,1,173798548.0,SUCRE
2023.0,Departamento único,Tolima,Consultoría,Mínima cuantía,1,114466991.0,TOLIMA
2023.0,Departamento único,Tolima,Interventoría,Concurso de méritos abierto,3,1010856137.03,TOLIMA
2023.0,Departamento único,Tolima,Interventoría,Mínima cuantía,6,478963217.0,TOLIMA
2023.0,Departamento único,Tolima,Obra,Licitación pública Obra Publica,1,3459242325.0,TOLIMA
2023.0,Departamento único,Tolima,Obra,Mínima cuantía,3,184010447.0,TOLIMA
2023.0,Departamento único,Tolima,Obra,Selección Abreviada de Menor Cuantía,3,1699414306.0,TOLIMA
2023.0,Departamento único,Tolima,Otro,Contratación directa,56,11202305108.0,TOLIMA
2023.0,Departamento único,Tolima,Otro,Mínima cuantía,1,28800000.0,TOLIMA
2023.0,Departamento único,Tolima,Prestación de servicios,Contratación directa,13,348350000.0,TOLIMA
2023.0,Departamento único,Tolima,Prestación de servicios,Selección Abreviada de Menor Cuantía,2,479673747.0,TOLIMA
2023.0,Departamento único,Tolima,Suministros,Mínima cuantía,3,195289853.0,TOLIMA
2023.0,Departamento único,Valle del Cauca,Consultoría,Concurso de méritos abierto,5,37399576918.08,VALLE DEL CAUCA
2023.0,Departamento único,Valle del Cauca,Consultoría,Mínima cuantía,1,71999227.16,VALLE DEL CAUCA
2023.0,Departamento único,Valle del Cauca,Interventoría,Concurso de méritos abierto,2,1473903820.0,VALLE DEL CAUCA
2023.0,Departamento único,Valle del Cauca,Interventoría,Mínima cuantía,6,536535313.98,VALLE DEL CAUCA
2023.0,Departamento único,Valle del Cauca,Obra,Licitación pública Obra Publica,1,22430507578.0,VALLE DEL CAUCA
2023.0,Departamento único,Valle del Cauca,Obra,Selección Abreviada de Menor Cuantía,1,987779607.0,VALLE DEL CAUCA
2023.0,Departamento único,Valle del Cauca,Otro,Contratación directa,10,20201645042.0,VALLE DEL CAUCA
2023.0,Departamento único,Valle del Cauca,Prestación de servicios,Contratación directa,15,363170000.0,VALLE DEL CAUCA
2023.0,Departamento único,Vaupés,Consultoría,Concurso de méritos abierto,3,1295989587.0,VAUPES
2023.0,Departamento único,Vaupés,Obra,Licitación pública Obra Publica,3,5871821018.0,VAUPES
2023.0,Departamento único,Vichada,Interventoría,Mínima cuantía,2,137724890.0,VICHADA
2023.0,Departamento único,Vichada,Otro,Contratación directa,2,388607624.0,VICHADA
2023.0,Multidepartamental,,Arrendamiento de inmuebles,Contratación directa,1,98102196.0,
2023.0,Multidepartamental,,Consultoría,Concurso de méritos abierto,3,2616817183.0,
2023.0,Multidepartamental,,Consultoría,Mínima cuantía,4,384104163.5,
2023.0,Multidepartamental,,Interventoría,Concurso de méritos abierto,6,7230610795.0,
2023.0,Multidepartamental,,Interventoría,Mínima cuantía,9,851432150.0,
2023.0,Multidepartamental,,Obra,Licitación pública Obra Publica,4,72852563603.0,
2023.0,Multidepartamental,,Obra,Mínima cuantía,3,279963633.0,
2023.0,Multidepartamental,,Obra,Selección Abreviada de Menor Cuantía,3,1401369245.1399999,
2023.0,Multidepartamental,,Otro,Contratación directa,9,1912299987.0,
2023.0,Multidepartamental,,Prestación de servicios,Licitación pública,9,2167886762.32,
2023.0,Multidepartamental,,Prestación de servicios,Selección Abreviada de Menor Cuantía,2,443609240.0,
2023.0,No territorializable,,Compraventa,Mínima cuantía,2,138759200.0,
2023.0,No territorializable,,Compraventa,Selección abreviada subasta inversa,2,894675320.0,
2023.0,No territorializable,,Consultoría,Concurso de méritos abierto,2,1018963902.0,
2023.0,No territorializable,,Interventoría,Concurso de méritos abierto,7,20643388073.0,
2023.0,No territorializable,,Interventoría,Mínima cuantía,21,1867429329.14,
2023.0,No territorializable,,Obra,Licitación pública Obra Publica,4,40696201448.0,
2023.0,No territorializable,,Obra,Mínima cuantía,22,1970403599.64,
2023.0,No territorializable,,Obra,Selección Abreviada de Menor Cuantía,8,6420101940.0,
2023.0,No territorializable,,Otro,Contratación directa,15,91384931194.0,
2023.0,No territorializable,,Otro,Mínima cuantía,2,231464510.0,
2023.0,No territorializable,,Otro,Selección abreviada subasta inversa,8,41811553234.27,
2023.0,No territorializable,,Prestación de servicios,Contratación directa,1766,100073080245.09,
2023.0,No territorializable,,Prestación de servicios,Licitación pública,2,53790373819.41,
2023.0,No territorializable,,Prestación de servicios,Mínima cuantía,13,1013104519.0,
2023.0,No territorializable,,Prestación de servicios,Selección Abreviada de Menor Cuantía,4,986049944.5,
2023.0,No territorializable,,Prestación de servicios,Selección abreviada subasta inversa,2,8224545759.0,
2023.0,No territorializable,,Suministros,Mínima cuantía,29,2582784617.68,
2023.0,No territorializable,,Suministros,Selección abreviada subasta inversa,1,750000000.0,
2024.0,Departamento único,Amazonas,Interventoría,Concurso de méritos abierto,2,4499473300.0,AMAZONAS
2024.0,Departamento único,Amazonas,Otro,Contratación directa,2,701959976.0,AMAZONAS
2024.0,Departamento único,Antioquia,Consultoría,Concurso de méritos abierto,3,11059487768.0,ANTIOQUIA
2024.0,Departamento único,Antioquia,Consultoría,Mínima cuantía,2,92752737.0,ANTIOQUIA
2024.0,Departamento único,Antioquia,Interventoría,Concurso de méritos abierto,3,2592075562.0,ANTIOQUIA
2024.0,Departamento único,Antioquia,Interventoría,Mínima cuantía,1,10000000.0,ANTIOQUIA
2024.0,Departamento único,Antioquia,Obra,Contratación directa,1,5507604389.0,ANTIOQUIA
2024.0,Departamento único,Antioquia,Obra,Licitación pública Obra Publica,3,48017946503.0,ANTIOQUIA
2024.0,Departamento único,Antioquia,Obra,Mínima cuantía,3,201395030.0,ANTIOQUIA
2024.0,Departamento único,Antioquia,Obra,Selección Abreviada de Menor Cuantía,1,900000000.0,ANTIOQUIA
2024.0,Departamento único,Antioquia,Otro,Contratación directa,39,8699123088.0,ANTIOQUIA
2024.0,Departamento único,Antioquia,Prestación de servicios,Contratación directa,15,587297377.26,ANTIOQUIA
2024.0,Departamento único,Antioquia,Prestación de servicios,Licitación pública,4,9520058830.0,ANTIOQUIA
2024.0,Departamento único,Antioquia,Prestación de servicios,Seleccion Abreviada Menor Cuantia Sin Manifestacion Interes,1,2779506637.0,ANTIOQUIA
2024.0,Departamento único,Antioquia,Suministros,Mínima cuantía,1,117098595.0,ANTIOQUIA
2024.0,Departamento único,Antioquia,Suministros,Selección Abreviada de Menor Cuantía,1,300000000.0,ANTIOQUIA
2024.0,Departamento único,Arauca,Consultoría,Mínima cuantía,2,100087251.0,ARAUCA
2024.0,Departamento único,Arauca,Obra,Contratación directa,2,401362466.0,ARAUCA
2024.0,Departamento único,Arauca,Otro,Contratación directa,8,1578631240.0,ARAUCA
2024.0,Departamento único,Atlántico,Interventoría,Concurso de méritos abierto,1,650000000.0,ATLANTICO
2024.0,Departamento único,Atlántico,Obra,Mínima cuantía,1,100000000.0,ATLANTICO
2024.0,Departamento único,Atlántico,Otro,Contratación directa,5,1000000000.0,ATLANTICO
2024.0,Departamento único,Atlántico,Prestación de servicios,Contratación directa,10,416001863.0,ATLANTICO
2024.0,Departamento único,Atlántico,Prestación de servicios,Mínima cuantía,4,364373410.0,ATLANTICO
2024.0,Departamento único,Atlántico,Prestación de servicios,Seleccion Abreviada Menor Cuantia Sin Manifestacion Interes,1,1131093646.0,ATLANTICO
2024.0,Departamento único,Atlántico,Suministros,Mínima cuantía,1,148206000.0,ATLANTICO
2024.0,Departamento único,Bogotá D.C.,Interventoría,Concurso de méritos abierto,1,4375030749.0,SANTAFE DE BOGOTA D.C
2024.0,Departamento único,Bogotá D.C.,Obra,Licitación pública Obra Publica,1,49284226233.0,SANTAFE DE BOGOTA D.C
2024.0,Departamento único,Bogotá D.C.,Otro,Contratación régimen especial (con ofertas),1,0.1,SANTAFE DE BOGOTA D.C
2024.0,Departamento único,Bogotá D.C.,Otro,Mínima cuantía,2,254167917.33999997,SANTAFE DE BOGOTA D.C
2024.0,Departamento único,Bogotá D.C.,Suministros,Mínima cuantía,1,130000000.0,SANTAFE DE BOGOTA D.C
2024.0,Departamento único,Bolívar,Consultoría,Mínima cuantía,2,133720538.0,BOLIVAR
2024.0,Departamento único,Bolívar,Interventoría,Concurso de méritos abierto,4,3071695880.0,BOLIVAR
2024.0,Departamento único,Bolívar,Interventoría,Mínima cuantía,2,134927193.0,BOLIVAR
2024.0,Departamento único,Bolívar,Obra,Contratación directa,2,3596520503.0,BOLIVAR
2024.0,Departamento único,Bolívar,Obra,Licitación pública Obra Publica,2,19439955524.0,BOLIVAR
2024.0,Departamento único,Bolívar,Obra,Mínima cuantía,2,117487567.22,BOLIVAR
2024.0,Departamento único,Bolívar,Obra,Selección Abreviada de Menor Cuantía,4,5513829800.0,BOLIVAR
2024.0,Departamento único,Bolívar,Otro,Contratación directa,38,7608332450.0,BOLIVAR
2024.0,Departamento único,Bolívar,Prestación de servicios,Contratación directa,13,479700000.0,BOLIVAR
2024.0,Departamento único,Bolívar,Prestación de servicios,Licitación pública,2,3093450493.0,BOLIVAR
2024.0,Departamento único,Bolívar,Suministros,Mínima cuantía,1,117856172.0,BOLIVAR
2024.0,Departamento único,Boyacá,Consultoría,Concurso de méritos abierto,5,20186648300.0,BOYACA
2024.0,Departamento único,Boyacá,Consultoría,Mínima cuantía,3,98984739.07,BOYACA
2024.0,Departamento único,Boyacá,Interventoría,Concurso de méritos abierto,2,587527324.0,BOYACA
2024.0,Departamento único,Boyacá,Interventoría,Mínima cuantía,4,218755931.0,BOYACA
2024.0,Departamento único,Boyacá,Obra,Contratación directa,4,1105004592.0,BOYACA
2024.0,Departamento único,Boyacá,Obra,Mínima cuantía,6,654659193.0,BOYACA
2024.0,Departamento único,Boyacá,Obra,Selección Abreviada de Menor Cuantía,1,900000000.0,BOYACA
2024.0,Departamento único,Boyacá,Otro,Contratación directa,20,4056220183.0,BOYACA
2024.0,Departamento único,Boyacá,Otro,Mínima cuantía,12,1416087277.0,BOYACA
2024.0,Departamento único,Boyacá,Prestación de servicios,Contratación directa,24,1048370000.0,BOYACA
2024.0,Departamento único,Boyacá,Prestación de servicios,Licitación pública,15,21432288995.0,BOYACA
2024.0,Departamento único,Boyacá,Suministros,Mínima cuantía,4,480107817.5,BOYACA
2024.0,Departamento único,Caldas,Arrendamiento de inmuebles,Contratación directa,3,158703327.0,CALDAS
2024.0,Departamento único,Caldas,Consultoría,Concurso de méritos abierto,1,4050271624.0,CALDAS
2024.0,Departamento único,Caldas,Consultoría,Mínima cuantía,2,46125382.0,CALDAS
2024.0,Departamento único,Caldas,Interventoría,Concurso de méritos abierto,1,811974395.0,CALDAS
2024.0,Departamento único,Caldas,Interventoría,Mínima cuantía,2,204692108.0,CALDAS
2024.0,Departamento único,Caldas,Obra,Licitación pública Obra Publica,1,3217621443.0,CALDAS
2024.0,Departamento único,Caldas,Obra,Mínima cuantía,3,241649028.0,CALDAS
2024.0,Departamento único,Caldas,Obra,Selección Abreviada de Menor Cuantía,1,974400000.0,CALDAS
2024.0,Departamento único,Caldas,Otro,Contratación directa,19,3829429858.0,CALDAS
2024.0,Departamento único,Caldas,Prestación de servicios,Contratación directa,8,304420770.0,CALDAS
2024.0,Departamento único,Caldas,Prestación de servicios,Licitación pública,5,7088356362.0,CALDAS
2024.0,Departamento único,Caldas,Suministros,Mínima cuantía,1,119591921.0,CALDAS
2024.0,Departamento único,Caquetá,Consultoría,Concurso de méritos abierto,3,12289143804.0,CAQUETA
2024.0,Departamento único,Caquetá,Consultoría,Mínima cuantía,2,138054406.0,CAQUETA
2024.0,Departamento único,Caquetá,Interventoría,Concurso de méritos abierto,1,150000000.0,CAQUETA
2024.0,Departamento único,Caquetá,Interventoría,Mínima cuantía,1,120059576.0,CAQUETA
2024.0,Departamento único,Caquetá,Obra,Licitación pública Obra Publica,1,1391254050.0,CAQUETA
2024.0,Departamento único,Caquetá,Obra,Mínima cuantía,1,70514520.0,CAQUETA
2024.0,Departamento único,Caquetá,Obra,Selección Abreviada de Menor Cuantía,1,245933122.0,CAQUETA
2024.0,Departamento único,Caquetá,Otro,Contratación directa,25,5189953957.0,CAQUETA
2024.0,Departamento único,Caquetá,Prestación de servicios,Contratación directa,12,444287300.0,CAQUETA
2024.0,Departamento único,Caquetá,Prestación de servicios,Licitación pública,7,12869536396.0,CAQUETA
2024.0,Departamento único,Caquetá,Prestación de servicios,Seleccion Abreviada Menor Cuantia Sin Manifestacion Interes,3,3409116234.0,CAQUETA
2024.0,Departamento único,Casanare,Consultoría,Concurso de méritos abierto,1,4050198082.0,CASANARE
2024.0,Departamento único,Casanare,Consultoría,Mínima cuantía,2,121826803.0,CASANARE
2024.0,Departamento único,Casanare,Interventoría,Mínima cuantía,1,64462216.0,CASANARE
2024.0,Departamento único,Casanare,Obra,Contratación directa,3,650469008.0,CASANARE
2024.0,Departamento único,Casanare,Obra,Mínima cuantía,2,162195593.0,CASANARE
2024.0,Departamento único,Casanare,Obra,Selección Abreviada de Menor Cuantía,2,771166931.0,CASANARE
2024.0,Departamento único,Casanare,Otro,Contratación directa,13,2752077828.0,CASANARE
2024.0,Departamento único,Casanare,Prestación de servicios,Contratación directa,14,520960000.0,CASANARE
2024.0,Departamento único,Casanare,Prestación de servicios,Licitación pública,10,17784147243.0,CASANARE
2024.0,Departamento único,Casanare,Prestación de servicios,Mínima cuantía,1,3672884.0,CASANARE
2024.0,Departamento único,Casanare,Prestación de servicios,Seleccion Abreviada Menor Cuantia Sin Manifestacion Interes,1,1301205663.0,CASANARE
2024.0,Departamento único,Casanare,Suministros,Mínima cuantía,1,136781084.0,CASANARE
2024.0,Departamento único,Cauca,Consultoría,Concurso de méritos abierto,3,12150594246.0,CAUCA
2024.0,Departamento único,Cauca,Consultoría,Mínima cuantía,2,228049220.0,CAUCA
2024.0,Departamento único,Cauca,Interventoría,Concurso de méritos abierto,4,2769202336.0,CAUCA
2024.0,Departamento único,Cauca,Interventoría,Mínima cuantía,3,305814900.0,CAUCA
2024.0,Departamento único,Cauca,Obra,Contratación directa,4,12892936479.0,CAUCA
2024.0,Departamento único,Cauca,Obra,Licitación pública Obra Publica,2,15547912379.56,CAUCA
2024.0,Departamento único,Cauca,Obra,Mínima cuantía,3,273643749.0,CAUCA
2024.0,Departamento único,Cauca,Obra,Selección Abreviada de Menor Cuantía,5,3883792101.0,CAUCA
2024.0,Departamento único,Cauca,Otro,Contratación directa,44,28675910151.0,CAUCA
2024.0,Departamento único,Cauca,Prestación de servicios,Contratación directa,18,570280000.0,CAUCA
2024.0,Departamento único,Cauca,Prestación de servicios,Licitación pública,24,36636134220.0,CAUCA
2024.0,Departamento único,Cauca,Prestación de servicios,Seleccion Abreviada Menor Cuantia Sin Manifestacion Interes,5,5859257285.0,CAUCA
2024.0,Departamento único,Cauca,Suministros,Mínima cuantía,3,389995600.0,CAUCA
2024.0,Departamento único,Cesar,Consultoría,Concurso de méritos abierto,2,9981168792.0,CESAR
2024.0,Departamento único,Cesar,Consultoría,Mínima cuantía,2,130637099.0,CESAR
2024.0,Departamento único,Cesar,Interventoría,Mínima cuantía,2,205726589.26,CESAR
2024.0,Departamento único,Cesar,Obra,Contratación directa,7,1406399952.0,CESAR
2024.0,Departamento único,Cesar,Obra,Mínima cuantía,3,256436871.0,CESAR
2024.0,Departamento único,Cesar,Obra,Selección Abreviada de Menor Cuantía,4,2779775249.46,CESAR
2024.0,Departamento único,Cesar,Otro,Contratación directa,26,5235660084.0,CESAR
2024.0,Departamento único,Cesar,Prestación de servicios,Contratación directa,15,558315000.0,CESAR
2024.0,Departamento único,Cesar,Prestación de servicios,Licitación pública,7,8300442003.0,CESAR
2024.0,Departamento único,Cesar,Prestación de servicios,Mínima cuantía,1,11871440.0,CESAR
2024.0,Departamento único,Cesar,Suministros,Mínima cuantía,1,97378800.0,CESAR
2024.0,Departamento único,Chocó,Consultoría,Concurso de méritos abierto,2,8100396164.0,CHOCO
2024.0,Departamento único,Chocó,Consultoría,Mínima cuantía,2,122451000.0,CHOCO
2024.0,Departamento único,Chocó,Interventoría,Concurso de méritos abierto,8,5345194618.0,CHOCO
2024.0,Departamento único,Chocó,Interventoría,Mínima cuantía,1,56044240.0,CHOCO
2024.0,Departamento único,Chocó,Obra,Licitación pública Obra Publica,9,32859489300.0,CHOCO
2024.0,Departamento único,Chocó,Obra,Mínima cuantía,1,115000000.0,CHOCO
2024.0,Departamento único,Chocó,Obra,Seleccion Abreviada Menor Cuantia Sin Manifestacion Interes,1,1507604887.0,CHOCO
2024.0,Departamento único,Chocó,Obra,Selección Abreviada de Menor Cuantía,1,1088941617.0,CHOCO
2024.0,Departamento único,Chocó,Otro,Contratación directa,14,3006089450.0,CHOCO
2024.0,Departamento único,Chocó,Prestación de servicios,Contratación directa,8,337623200.0,CHOCO
2024.0,Departamento único,Chocó,Prestación de servicios,Licitación pública,3,4362850430.0,CHOCO
2024.0,Departamento único,Chocó,Prestación de servicios,Seleccion Abreviada Menor Cuantia Sin Manifestacion Interes,2,2526350142.0,CHOCO
2024.0,Departamento único,Chocó,Suministros,Mínima cuantía,1,115835553.06,CHOCO
2024.0,Departamento único,Cundinamarca,Consultoría,Concurso de méritos abierto,2,6178836048.0,CUNDINAMARCA
2024.0,Departamento único,Cundinamarca,Consultoría,Mínima cuantía,2,137784974.0,CUNDINAMARCA
2024.0,Departamento único,Cundinamarca,Interventoría,Mínima cuantía,5,405057857.0,CUNDINAMARCA
2024.0,Departamento único,Cundinamarca,Obra,Contratación directa,1,200802790.0,CUNDINAMARCA
2024.0,Departamento único,Cundinamarca,Obra,Selección Abreviada de Menor Cuantía,5,3418000000.0,CUNDINAMARCA
2024.0,Departamento único,Cundinamarca,Otro,Contratación directa,29,5827529274.0,CUNDINAMARCA
2024.0,Departamento único,Cundinamarca,Otro,Mínima cuantía,6,742852606.59,CUNDINAMARCA
2024.0,Departamento único,Cundinamarca,Otro,Selección Abreviada de Menor Cuantía,1,629997522.0,CUNDINAMARCA
2024.0,Departamento único,Cundinamarca,Prestación de servicios,Contratación directa,16,689288000.0,CUNDINAMARCA
2024.0,Departamento único,Cundinamarca,Prestación de servicios,Licitación pública,3,4063506082.0,CUNDINAMARCA
2024.0,Departamento único,Cundinamarca,Suministros,Mínima cuantía,1,130000000.0,CUNDINAMARCA
2024.0,Departamento único,Córdoba,Consultoría,Concurso de méritos abierto,2,8035328511.0,CORDOBA
2024.0,Departamento único,Córdoba,Consultoría,Mínima cuantía,4,262064854.0,CORDOBA
2024.0,Departamento único,Córdoba,Interventoría,Concurso de méritos abierto,1,3177170476.0,CORDOBA
2024.0,Departamento único,Córdoba,Interventoría,Mínima cuantía,1,100171930.0,CORDOBA
2024.0,Departamento único,Córdoba,Obra,Contratación directa,1,1784621442.0,CORDOBA
2024.0,Departamento único,Córdoba,Obra,Mínima cuantía,2,224099875.0,CORDOBA
2024.0,Departamento único,Córdoba,Obra,Selección Abreviada de Menor Cuantía,1,1294067371.0,CORDOBA
2024.0,Departamento único,Córdoba,Otro,Contratación directa,88,18564194078.0,CORDOBA
2024.0,Departamento único,Córdoba,Prestación de servicios,Contratación directa,7,260340000.0,CORDOBA
2024.0,Departamento único,Córdoba,Prestación de servicios,Licitación pública,6,8991660738.0,CORDOBA
2024.0,Departamento único,Córdoba,Prestación de servicios,Mínima cuantía,1,6739196.0,CORDOBA
2024.0,Departamento único,Córdoba,Suministros,Mínima cuantía,3,518668567.0,CORDOBA
2024.0,Departamento único,Guainía,Interventoría,Concurso de méritos abierto,1,249999999.0,GUAINIA
2024.0,Departamento único,Guainía,Obra,Licitación pública Obra Publica,1,2059857695.0,GUAINIA
2024.0,Departamento único,Guainía,Otro,Contratación directa,1,349099169.0,GUAINIA
2024.0,Departamento único,Guaviare,Obra,Mínima cuantía,1,35730727.0,GUAVIARE
2024.0,Departamento único,Guaviare,Otro,Contratación directa,17,3406639984.0,GUAVIARE
2024.0,Departamento único,Huila,Consultoría,Concurso de méritos abierto,5,14761297365.0,HUILA
2024.0,Departamento único,Huila,Consultoría,Mínima cuantía,2,79728039.0,HUILA
2024.0,Departamento único,Huila,Interventoría,Mínima cuantía,2,182694285.0,HUILA
2024.0,Departamento único,Huila,Obra,Contratación directa,1,205816915.0,HUILA
2024.0,Departamento único,Huila,Obra,Mínima cuantía,3,165752003.47,HUILA
2024.0,Departamento único,Huila,Obra,Selección Abreviada de Menor Cuantía,3,2152134314.0299997,HUILA
2024.0,Departamento único,Huila,Otro,Contratación directa,21,8215495283.0,HUILA
2024.0,Departamento único,Huila,Prestación de servicios,Contratación directa,13,671568420.0,HUILA
2024.0,Departamento único,Huila,Prestación de servicios,Licitación pública,8,11301661552.0,HUILA
2024.0,Departamento único,Huila,Prestación de servicios,Mínima cuantía,1,3307039.0,HUILA
2024.0,Departamento único,Huila,Suministros,Mínima cuantía,1,130000000.0,HUILA
2024.0,Departamento único,La Guajira,Consultoría,Concurso de méritos abierto,1,4050113354.0,LA GUAJIRA
2024.0,Departamento único,La Guajira,Consultoría,Mínima cuantía,2,69728135.0,LA GUAJIRA
2024.0,Departamento único,La Guajira,Interventoría,Concurso de méritos abierto,7,11944222442.0,LA GUAJIRA
2024.0,Departamento único,La Guajira,Obra,Contratación directa,1,1870323386.0,LA GUAJIRA
2024.0,Departamento único,La Guajira,Obra,Licitación pública Obra Publica,5,86373357453.0,LA GUAJIRA
2024.0,Departamento único,La Guajira,Obra,Mínima cuantía,4,278527059.0,LA GUAJIRA
2024.0,Departamento único,La Guajira,Otro,Contratación directa,21,9211393307.0,LA GUAJIRA
2024.0,Departamento único,La Guajira,Prestación de servicios,Contratación directa,10,433372000.0,LA GUAJIRA
2024.0,Departamento único,La Guajira,Prestación de servicios,Licitación pública,2,2895006873.0,LA GUAJIRA
2024.0,Departamento único,La Guajira,Prestación de servicios,Seleccion Abreviada Menor Cuantia Sin Manifestacion Interes,1,1006666971.0,LA GUAJIRA
2024.0,Departamento único,Magdalena,Consultoría,Concurso de méritos abierto,2,8035321966.0,MAGDALENA
2024.0,Departamento único,Magdalena,Consultoría,Mínima cuantía,1,25500000.0,MAGDALENA
2024.0,Departamento único,Magdalena,Interventoría,Mínima cuantía,2,201504950.0,MAGDALENA
2024.0,Departamento único,Magdalena,Obra,Contratación directa,1,200454933.0,MAGDALENA
2024.0,Departamento único,Magdalena,Obra,Mínima cuantía,4,234142836.0,MAGDALENA
2024.0,Departamento único,Magdalena,Obra,Selección Abreviada de Menor Cuantía,6,5400026349.0,MAGDALENA
2024.0,Departamento único,Magdalena,Otro,Contratación directa,15,3012117416.0,MAGDALENA
2024.0,Departamento único,Magdalena,Prestación de servicios,Contratación directa,13,541410000.0,MAGDALENA
2024.0,Departamento único,Magdalena,Prestación de servicios,Licitación pública,2,1825886062.0,MAGDALENA
2024.0,Departamento único,Magdalena,Suministros,Mínima cuantía,1,102000000.0,MAGDALENA
2024.0,Departamento único,Magdalena,Suministros,Selección Abreviada de Menor Cuantía,1,350000000.0,MAGDALENA
2024.0,Departamento único,Meta,Consultoría,Concurso de méritos abierto,3,12210077110.0,META
2024.0,Departamento único,Meta,Consultoría,Mínima cuantía,3,169283542.0,META
2024.0,Departamento único,Meta,Interventoría,Mínima cuantía,3,248076730.0,META
2024.0,Departamento único,Meta,Obra,Licitación pública Obra Publica,1,55755417794.0,META
2024.0,Departamento único,Meta,Obra,Mínima cuantía,3,239964898.0,META
2024.0,Departamento único,Meta,Obra,Selección Abreviada de Menor Cuantía,2,982078489.24,META
2024.0,Departamento único,Meta,Otro,Contratación directa,14,2809224564.0,META
2024.0,Departamento único,Meta,Prestación de servicios,Contratación directa,17,769040000.0,META
2024.0,Departamento único,Meta,Prestación de servicios,Licitación pública,6,10893790740.0,META
2024.0,Departamento único,Meta,Suministros,Mínima cuantía,2,390000000.0,META
2024.0,Departamento único,Nariño,Consultoría,Concurso de méritos abierto,5,20250703324.0,NARIÑO
2024.0,Departamento único,Nariño,Consultoría,Mínima cuantía,3,183786694.0,NARIÑO
2024.0,Departamento único,Nariño,Interventoría,Concurso de méritos abierto,5,3149057318.0,NARIÑO
2024.0,Departamento único,Nariño,Interventoría,Mínima cuantía,3,168296975.0,NARIÑO
2024.0,Departamento único,Nariño,Obra,Contratación directa,4,16249182520.0,NARIÑO
2024.0,Departamento único,Nariño,Obra,Licitación pública Obra Publica,2,22606844964.0,NARIÑO
2024.0,Departamento único,Nariño,Obra,Mínima cuantía,4,391111554.73,NARIÑO
2024.0,Departamento único,Nariño,Obra,Selección Abreviada de Menor Cuantía,3,2386444818.67,NARIÑO
2024.0,Departamento único,Nariño,Otro,Contratación directa,49,15258461916.0,NARIÑO
2024.0,Departamento único,Nariño,Prestación de servicios,Contratación directa,11,417950600.0,NARIÑO
2024.0,Departamento único,Nariño,Prestación de servicios,Seleccion Abreviada Menor Cuantia Sin Manifestacion Interes,13,15965493436.0,NARIÑO
2024.0,Departamento único,Nariño,Suministros,Mínima cuantía,2,232662881.29000002,NARIÑO
2024.0,Departamento único,Norte de Santander,Consultoría,Concurso de méritos abierto,4,16005219395.0,NORTE DE SANTANDER
2024.0,Departamento único,Norte de Santander,Consultoría,Mínima cuantía,2,54150003.0,NORTE DE SANTANDER
2024.0,Departamento único,Norte de Santander,Interventoría,Concurso de méritos abierto,2,3212200006.0,NORTE DE SANTANDER
2024.0,Departamento único,Norte de Santander,Interventoría,Mínima cuantía,5,431737538.0,NORTE DE SANTANDER
2024.0,Departamento único,Norte de Santander,Obra,Contratación directa,7,1502611457.0,NORTE DE SANTANDER
2024.0,Departamento único,Norte de Santander,Obra,Mínima cuantía,2,84000000.0,NORTE DE SANTANDER
2024.0,Departamento único,Norte de Santander,Obra,Selección Abreviada de Menor Cuantía,4,3220796609.0,NORTE DE SANTANDER
2024.0,Departamento único,Norte de Santander,Otro,Contratación directa,18,3902255633.0,NORTE DE SANTANDER
2024.0,Departamento único,Norte de Santander,Prestación de servicios,Contratación directa,11,423990000.0,NORTE DE SANTANDER
2024.0,Departamento único,Norte de Santander,Prestación de servicios,Licitación pública,5,7181581569.0,NORTE DE SANTANDER
2024.0,Departamento único,Norte de Santander,Prestación de servicios,Seleccion Abreviada Menor Cuantia Sin Manifestacion Interes,5,5730703410.0,NORTE DE SANTANDER
2024.0,Departamento único,Norte de Santander,Suministros,Mínima cuantía,2,258587000.0,NORTE DE SANTANDER
2024.0,Departamento único,Putumayo,Consultoría,Mínima cuantía,3,118875859.0,PUTUMAYO
2024.0,Departamento único,Putumayo,Obra,Contratación directa,1,6383222755.0,PUTUMAYO
2024.0,Departamento único,Putumayo,Obra,Mínima cuantía,1,129500000.0,PUTUMAYO
2024.0,Departamento único,Putumayo,Obra,Selección Abreviada de Menor Cuantía,1,1084939650.0,PUTUMAYO
2024.0,Departamento único,Putumayo,Otro,Contratación directa,21,4222124830.0,PUTUMAYO
2024.0,Departamento único,Putumayo,Prestación de servicios,Contratación directa,13,460114925.6,PUTUMAYO
2024.0,Departamento único,Putumayo,Prestación de servicios,Mínima cuantía,1,29988595.0,PUTUMAYO
2024.0,Departamento único,Putumayo,Prestación de servicios,Seleccion Abreviada Menor Cuantia Sin Manifestacion Interes,2,2101612719.0,PUTUMAYO
2024.0,Departamento único,Quindío,Interventoría,Concurso de méritos abierto,1,350000000.0,QUINDIO
2024.0,Departamento único,Quindío,Interventoría,Mínima cuantía,1,56969692.0,QUINDIO
2024.0,Departamento único,Quindío,Obra,Licitación pública Obra Publica,1,2812527335.0,QUINDIO
2024.0,Departamento único,Quindío,Obra,Mínima cuantía,1,127427554.0,QUINDIO
2024.0,Departamento único,Quindío,Obra,Selección Abreviada de Menor Cuantía,1,721827224.0,QUINDIO
2024.0,Departamento único,Quindío,Otro,Contratación directa,19,3816531276.0,QUINDIO
2024.0,Departamento único,Quindío,Prestación de servicios,Contratación directa,12,467221000.0,QUINDIO
2024.0,Departamento único,Quindío,Prestación de servicios,Licitación pública,1,1850348849.0,QUINDIO
2024.0,Departamento único,Quindío,Prestación de servicios,Mínima cuantía,1,8426390.0,QUINDIO
2024.0,Departamento único,Quindío,Suministros,Mínima cuantía,1,108528000.0,QUINDIO
2024.0,Departamento único,Risaralda,Consultoría,Concurso de méritos abierto,2,7074462297.0,RISARALDA
2024.0,Departamento único,Risaralda,Consultoría,Mínima cuantía,2,87488324.0,RISARALDA
2024.0,Departamento único,Risaralda,Interventoría,Mínima cuantía,4,255105543.96,RISARALDA
2024.0,Departamento único,Risaralda,Obra,Contratación directa,1,878612737.0,RISARALDA
2024.0,Departamento único,Risaralda,Obra,Mínima cuantía,2,153190938.0,RISARALDA
2024.0,Departamento único,Risaralda,Obra,Selección Abreviada de Menor Cuantía,2,1160231758.0,RISARALDA
2024.0,Departamento único,Risaralda,Otro,Contratación directa,19,3812323277.0,RISARALDA
2024.0,Departamento único,Risaralda,Prestación de servicios,Contratación directa,7,315554236.0,RISARALDA
2024.0,Departamento único,Risaralda,Prestación de servicios,Licitación pública,4,5289959582.0,RISARALDA
2024.0,Departamento único,Risaralda,Prestación de servicios,Seleccion Abreviada Menor Cuantia Sin Manifestacion Interes,2,2186780318.0,RISARALDA
2024.0,Departamento único,Risaralda,Suministros,Mínima cuantía,1,92458849.0,RISARALDA
2024.0,Departamento único,San Andrés y Providencia,Consultoría,Concurso de méritos abierto,1,2705681238.0,ARCHIPIELAGO DE SAN ANDRES PROVIDENCIA Y SANTA CATALINA
2024.0,Departamento único,San Andrés y Providencia,Otro,Contratación directa,2,7285930336.0,ARCHIPIELAGO DE SAN ANDRES PROVIDENCIA Y SANTA CATALINA
2024.0,Departamento único,San Andrés y Providencia,Prestación de servicios,Licitación pública,1,1737256500.0,ARCHIPIELAGO DE SAN ANDRES PROVIDENCIA Y SANTA CATALINA
2024.0,Departamento único,Santander,Consultoría,Concurso de méritos abierto,4,14287940217.0,SANTANDER
2024.0,Departamento único,Santander,Consultoría,Mínima cuantía,3,259385217.0,SANTANDER
2024.0,Departamento único,Santander,Interventoría,Concurso de méritos abierto,4,1999860480.0,SANTANDER
2024.0,Departamento único,Santander,Obra,Contratación directa,5,1004462143.0,SANTANDER
2024.0,Departamento único,Santander,Obra,Licitación pública Obra Publica,1,41525566062.0,SANTANDER
2024.0,Departamento único,Santander,Obra,Mínima cuantía,3,152158282.55,SANTANDER
2024.0,Departamento único,Santander,Otro,Contratación directa,25,5022664425.0,SANTANDER
2024.0,Departamento único,Santander,Prestación de servicios,Contratación directa,15,638110000.0,SANTANDER
2024.0,Departamento único,Santander,Prestación de servicios,Licitación pública,14,20408308036.0,SANTANDER
2024.0,Departamento único,Sucre,Consultoría,Concurso de méritos abierto,4,8634196009.0,SUCRE
2024.0,Departamento único,Sucre,Interventoría,Mínima cuantía,3,118987465.0,SUCRE
2024.0,Departamento único,Sucre,Obra,Mínima cuantía,4,303593908.09000003,SUCRE
2024.0,Departamento único,Sucre,Obra,Selección Abreviada de Menor Cuantía,2,1061818785.0,SUCRE
2024.0,Departamento único,Sucre,Otro,Contratación directa,15,3150388654.0,SUCRE
2024.0,Departamento único,Sucre,Prestación de servicios,Contratación directa,15,629635000.0,SUCRE
2024.0,Departamento único,Sucre,Prestación de servicios,Licitación pública,1,1430850050.0,SUCRE
2024.0,Departamento único,Sucre,Prestación de servicios,Mínima cuantía,3,70634880.0,SUCRE
2024.0,Departamento único,Sucre,Suministros,Mínima cuantía,2,187895027.0,SUCRE
2024.0,Departamento único,Tolima,Consultoría,Concurso de méritos abierto,1,3089425878.0,TOLIMA
2024.0,Departamento único,Tolima,Consultoría,Mínima cuantía,1,41959400.0,TOLIMA
2024.0,Departamento único,Tolima,Interventoría,Concurso de méritos abierto,4,2532394185.0,TOLIMA
2024.0,Departamento único,Tolima,Interventoría,Mínima cuantía,4,371905410.56,TOLIMA
2024.0,Departamento único,Tolima,Obra,Contratación directa,1,200991913.0,TOLIMA
2024.0,Departamento único,Tolima,Obra,Mínima cuantía,3,203899888.0,TOLIMA
2024.0,Departamento único,Tolima,Obra,Selección Abreviada de Menor Cuantía,5,6196611055.0,TOLIMA
2024.0,Departamento único,Tolima,Otro,Contratación directa,20,4003641289.0,TOLIMA
2024.0,Departamento único,Tolima,Prestación de servicios,Contratación directa,12,462450823.0,TOLIMA
2024.0,Departamento único,Tolima,Prestación de servicios,Licitación pública,1,1281172295.0,TOLIMA
2024.0,Departamento único,Tolima,Prestación de servicios,Seleccion Abreviada Menor Cuantia Sin Manifestacion Interes,2,2746934384.0,TOLIMA
2024.0,Departamento único,Tolima,Suministros,Mínima cuantía,2,236447784.0,TOLIMA
2024.0,Departamento único,Valle del Cauca,Consultoría,Mínima cuantía,1,29736070.0,VALLE DEL CAUCA
2024.0,Departamento único,Valle del Cauca,Interventoría,Concurso de méritos abierto,1,1100000000.0,VALLE DEL CAUCA
2024.0,Departamento único,Valle del Cauca,Obra,Contratación directa,1,744532516.0,VALLE DEL CAUCA
2024.0,Departamento único,Valle del Cauca,Obra,Licitación pública Obra Publica,3,47170286602.0,VALLE DEL CAUCA
2024.0,Departamento único,Valle del Cauca,Obra,Selección Abreviada de Menor Cuantía,1,765000000.0,VALLE DEL CAUCA
2024.0,Departamento único,Valle del Cauca,Otro,Contratación directa,18,3821946504.0,VALLE DEL CAUCA
2024.0,Departamento único,Valle del Cauca,Prestación de servicios,Contratación directa,11,482630000.0,VALLE DEL CAUCA
2024.0,Departamento único,Vaupés,Interventoría,Mínima cuantía,1,66099000.0,VAUPES
2024.0,Departamento único,Vaupés,Otro,Contratación directa,1,372788371.0,VAUPES
2024.0,Departamento único,Vichada,Consultoría,Mínima cuantía,1,19192320.0,VICHADA
2024.0,Departamento único,Vichada,Otro,Contratación directa,2,501312976.0,VICHADA
2024.0,Multidepartamental,,Arrendamiento de inmuebles,Contratación directa,1,144978336.0,
2024.0,Multidepartamental,,Consultoría,Concurso de méritos abierto,1,1149742300.0,
2024.0,Multidepartamental,,Consultoría,Mínima cuantía,6,275175545.6,
2024.0,Multidepartamental,,Interventoría,Concurso de méritos abierto,12,53758332922.0,
2024.0,Multidepartamental,,Interventoría,Mínima cuantía,2,119628440.0,
2024.0,Multidepartamental,,Obra,Contratación directa,1,4237412990.0,
2024.0,Multidepartamental,,Obra,Licitación pública Obra Publica,12,587830236818.0,
2024.0,Multidepartamental,,Obra,Selección Abreviada de Menor Cuantía,3,2538683708.41,
2024.0,Multidepartamental,,Otro,Contratación directa,10,30856532651.0,
2024.0,Multidepartamental,,Otro,Mínima cuantía,5,646342825.78,
2024.0,Multidepartamental,,Prestación de servicios,Licitación pública,11,15663414621.0,
2024.0,Multidepartamental,,Prestación de servicios,Mínima cuantía,1,178074362.0,
2024.0,Multidepartamental,,Prestación de servicios,Seleccion Abreviada Menor Cuantia Sin Manifestacion Interes,3,3914091395.0,
2024.0,Multidepartamental,,Prestación de servicios,Selección Abreviada de Menor Cuantía,1,483761683.0,
2024.0,Multidepartamental,,Suministros,Mínima cuantía,3,382796119.0,
2024.0,No territorializable,,Compraventa,Licitación pública,1,19950000000.0,
2024.0,No territorializable,,Compraventa,Mínima cuantía,10,361580873.0,
2024.0,No territorializable,,Compraventa,Selección abreviada subasta inversa,4,3176126579.0,
2024.0,No territorializable,,Consultoría,Concurso de méritos abierto,5,15784657524.0,
2024.0,No territorializable,,Consultoría,Mínima cuantía,1,49670878.36,
2024.0,No territorializable,,Interventoría,Concurso de méritos abierto,33,94062583360.76,
2024.0,No territorializable,,Interventoría,Mínima cuantía,11,1017073478.09,
2024.0,No territorializable,,Obra,Licitación pública Obra Publica,4,300099977779.0,
2024.0,No territorializable,,Obra,Mínima cuantía,10,677221680.5699999,
2024.0,No territorializable,,Obra,Selección Abreviada de Menor Cuantía,11,7517520333.39,
2024.0,No territorializable,,Otro,Contratación directa,7,79422789633.0,
2024.0,No territorializable,,Prestación de servicios,Contratación directa,1108,65507675612.56,
2024.0,No territorializable,,Prestación de servicios,Licitación pública,6,9669149244.0,
2024.0,No territorializable,,Prestación de servicios,Mínima cuantía,6,290012229.0,
2024.0,No territorializable,,Prestación de servicios,Selección Abreviada de Menor Cuantía,1,929265667.0,
2024.0,No territorializable,,Prestación de servicios,Selección abreviada subasta inversa,1,2900000000.0,
2024.0,No territorializable,,Seguros,Licitación pública,1,1932680600.0,
2024.0,No territorializable,,Seguros,Mínima cuantía,1,135705300.0,
2024.0,No territorializable,,Suministros,Mínima cuantía,18,1932495430.0,
2025.0,Departamento único,Amazonas,Obra,Mínima cuantía,1,213375000.0,AMAZONAS
2025.0,Departamento único,Antioquia,Interventoría,Mínima cuantía,1,58738618.0,ANTIOQUIA
2025.0,Departamento único,Antioquia,Obra,Selección Abreviada de Menor Cuantía,1,600000000.0,ANTIOQUIA
2025.0,Departamento único,Antioquia,Prestación de servicios,Contratación directa,9,456978908.0,ANTIOQUIA
2025.0,Departamento único,Antioquia,Suministros,Mínima cuantía,2,238250340.76999998,ANTIOQUIA
2025.0,Departamento único,Atlántico,Interventoría,Concurso de méritos abierto,1,299999935.0,ATLANTICO
2025.0,Departamento único,Atlántico,Obra,Licitación pública Obra Publica,1,2000000000.0,ATLANTICO
2025.0,Departamento único,Atlántico,Obra,Mínima cuantía,2,173951576.0,ATLANTICO
2025.0,Departamento único,Atlántico,Prestación de servicios,Contratación directa,6,250855050.0,ATLANTICO
2025.0,Departamento único,Atlántico,Prestación de servicios,Mínima cuantía,1,9453241.0,ATLANTICO
2025.0,Departamento único,Bolívar,Arrendamiento de inmuebles,Contratación directa,1,23544000.0,BOLIVAR
2025.0,Departamento único,Bolívar,Interventoría,Concurso de méritos abierto,1,154741805.0,BOLIVAR
2025.0,Departamento único,Bolívar,Interventoría,Mínima cuantía,1,87475710.0,BOLIVAR
2025.0,Departamento único,Bolívar,Obra,Selección Abreviada de Menor Cuantía,2,562788025.0,BOLIVAR
2025.0,Departamento único,Bolívar,Otro,Contratación directa,6,1926000000.0,BOLIVAR
2025.0,Departamento único,Bolívar,Prestación de servicios,Contratación directa,7,338027807.9,BOLIVAR
2025.0,Departamento único,Boyacá,Consultoría,Mínima cuantía,1,135980430.0,BOYACA
2025.0,Departamento único,Boyacá,Obra,Mínima cuantía,1,129915965.0,BOYACA
2025.0,Departamento único,Boyacá,Obra,Selección Abreviada de Menor Cuantía,2,562474935.0,BOYACA
2025.0,Departamento único,Boyacá,Otro,Contratación directa,1,33663000000.0,BOYACA
2025.0,Departamento único,Boyacá,Prestación de servicios,Contratación directa,12,608161000.0,BOYACA
2025.0,Departamento único,Boyacá,Suministros,Mínima cuantía,1,140000000.0,BOYACA
2025.0,Departamento único,Caldas,Arrendamiento de inmuebles,Contratación directa,7,250520381.0,CALDAS
2025.0,Departamento único,Caldas,Consultoría,Mínima cuantía,3,287801619.0,CALDAS
2025.0,Departamento único,Caldas,Interventoría,Concurso de méritos abierto,1,600000000.0,CALDAS
2025.0,Departamento único,Caldas,Interventoría,Mínima cuantía,1,129387422.0,CALDAS
2025.0,Departamento único,Caldas,Obra,Licitación pública Obra Publica,3,3150165053.0,CALDAS
2025.0,Departamento único,Caldas,Obra,Mínima cuantía,3,426289894.0,CALDAS
2025.0,Departamento único,Caldas,Prestación de servicios,Contratación directa,6,274260000.0,CALDAS
2025.0,Departamento único,Caquetá,Obra,Mínima cuantía,3,242884467.0,CAQUETA
2025.0,Departamento único,Caquetá,Prestación de servicios,Contratación directa,1,37807500.0,CAQUETA
2025.0,Departamento único,Casanare,Obra,Mínima cuantía,3,314996504.0,CASANARE
2025.0,Departamento único,Casanare,Prestación de servicios,Contratación directa,6,321111500.0,CASANARE
2025.0,Departamento único,Casanare,Prestación de servicios,Mínima cuantía,1,11147837.0,CASANARE
2025.0,Departamento único,Casanare,Suministros,Mínima cuantía,1,142000000.0,CASANARE
2025.0,Departamento único,Cauca,Interventoría,Concurso de méritos abierto,2,2489356155.0,CAUCA
2025.0,Departamento único,Cauca,Interventoría,Mínima cuantía,1,53674694.0,CAUCA
2025.0,Departamento único,Cauca,Obra,Licitación pública Obra Publica,2,8248344055.0,CAUCA
2025.0,Departamento único,Cauca,Obra,Mínima cuantía,2,102364858.0,CAUCA
2025.0,Departamento único,Cauca,Obra,Selección Abreviada de Menor Cuantía,2,663455435.0,CAUCA
2025.0,Departamento único,Cauca,Otro,Contratación directa,2,13288578930.0,CAUCA
2025.0,Departamento único,Cauca,Prestación de servicios,Contratación directa,16,698617067.5,CAUCA
2025.0,Departamento único,Cesar,Interventoría,Concurso de méritos abierto,1,450000000.0,CESAR
2025.0,Departamento único,Cesar,Obra,Licitación pública Obra Publica,1,4050000000.0,CESAR
2025.0,Departamento único,Cesar,Obra,Mínima cuantía,2,206722213.0,CESAR
2025.0,Departamento único,Cesar,Prestación de servicios,Contratación directa,7,342190000.0,CESAR
2025.0,Departamento único,Cesar,Prestación de servicios,Mínima cuantía,1,29633155.0,CESAR
2025.0,Departamento único,Chocó,Consultoría,Concurso de méritos abierto,1,1362265442.0,CHOCO
2025.0,Departamento único,Chocó,Interventoría,Concurso de méritos abierto,1,792866060.0,CHOCO
2025.0,Departamento único,Chocó,Interventoría,Mínima cuantía,1,39111098.0,CHOCO
2025.0,Departamento único,Chocó,Obra,Licitación pública Obra Publica,1,2748762435.0,CHOCO
2025.0,Departamento único,Chocó,Obra,Mínima cuantía,1,128000000.0,CHOCO
2025.0,Departamento único,Chocó,Prestación de servicios,Contratación directa,9,442958850.0,CHOCO
2025.0,Departamento único,Cundinamarca,Interventoría,Concurso de méritos abierto,1,412505496.67,CUNDINAMARCA
2025.0,Departamento único,Cundinamarca,Interventoría,Mínima cuantía,2,106613114.0,CUNDINAMARCA
2025.0,Departamento único,Cundinamarca,Obra,Mínima cuantía,4,373463686.56,CUNDINAMARCA
2025.0,Departamento único,Cundinamarca,Obra,Selección Abreviada de Menor Cuantía,1,600000000.0,CUNDINAMARCA
2025.0,Departamento único,Cundinamarca,Prestación de servicios,Contratación directa,7,406976704.0,CUNDINAMARCA
2025.0,Departamento único,Córdoba,Consultoría,Mínima cuantía,1,142000000.0,CORDOBA
2025.0,Departamento único,Córdoba,Interventoría,Concurso de méritos abierto,2,1724797583.0,CORDOBA
2025.0,Departamento único,Córdoba,Obra,Contratación directa,2,676360423.0,CORDOBA
2025.0,Departamento único,Córdoba,Obra,Licitación pública Obra Publica,1,3600000000.0,CORDOBA
2025.0,Departamento único,Córdoba,Obra,Mínima cuantía,2,216389593.0,CORDOBA
2025.0,Departamento único,Córdoba,Otro,Contratación directa,3,1007519437.0,CORDOBA
2025.0,Departamento único,Córdoba,Prestación de servicios,Contratación directa,11,542477500.0,CORDOBA
2025.0,Departamento único,Córdoba,Prestación de servicios,Licitación pública,4,1451244727.0,CORDOBA
2025.0,Departamento único,Córdoba,Prestación de servicios,Mínima cuantía,6,485958570.8,CORDOBA
2025.0,Departamento único,Córdoba,Suministros,Mínima cuantía,1,8880000.0,CORDOBA
2025.0,Departamento único,Guainía,Consultoría,Concurso de méritos abierto,1,1934142682.0,GUAINIA
2025.0,Departamento único,Guaviare,Obra,Mínima cuantía,1,119731920.46,GUAVIARE
2025.0,Departamento único,Huila,Interventoría,Concurso de méritos abierto,1,1209886033.8,HUILA
2025.0,Departamento único,Huila,Interventoría,Mínima cuantía,1,147344413.0,HUILA
2025.0,Departamento único,Huila,Obra,Mínima cuantía,1,46875806.8,HUILA
2025.0,Departamento único,Huila,Obra,Selección Abreviada de Menor Cuantía,2,1438262042.0,HUILA
2025.0,Departamento único,Huila,Prestación de servicios,Contratación directa,10,495677950.0,HUILA
2025.0,Departamento único,La Guajira,Obra,Mínima cuantía,1,34985262.85,LA GUAJIRA
2025.0,Departamento único,La Guajira,Prestación de servicios,Contratación directa,2,126070000.0,LA GUAJIRA
2025.0,Departamento único,Magdalena,Interventoría,Mínima cuantía,1,58469058.0,MAGDALENA
2025.0,Departamento único,Magdalena,Obra,Mínima cuantía,3,99603601.0,MAGDALENA
2025.0,Departamento único,Magdalena,Otro,Contratación directa,1,3050000000.0,MAGDALENA
2025.0,Departamento único,Magdalena,Prestación de servicios,Contratación directa,10,756879157.5,MAGDALENA
2025.0,Departamento único,Magdalena,Suministros,Mínima cuantía,2,201938332.0,MAGDALENA
2025.0,Departamento único,Meta,Obra,Mínima cuantía,2,184400557.5,META
2025.0,Departamento único,Meta,Prestación de servicios,Contratación directa,7,369752500.0,META
2025.0,Departamento único,Nariño,Consultoría,Concurso de méritos abierto,1,3335984120.0,NARIÑO
2025.0,Departamento único,Nariño,Consultoría,Mínima cuantía,1,114400000.0,NARIÑO
2025.0,Departamento único,Nariño,Interventoría,Mínima cuantía,1,108272793.0,NARIÑO
2025.0,Departamento único,Nariño,Obra,Mínima cuantía,3,320329698.75,NARIÑO
2025.0,Departamento único,Nariño,Prestación de servicios,Contratación directa,2,95487150.0,NARIÑO
2025.0,Departamento único,Norte de Santander,Interventoría,Mínima cuantía,2,123457036.0,NORTE DE SANTANDER
2025.0,Departamento único,Norte de Santander,Obra,Mínima cuantía,3,204077922.0,NORTE DE SANTANDER
2025.0,Departamento único,Norte de Santander,Obra,Selección Abreviada de Menor Cuantía,3,2035969662.0,NORTE DE SANTANDER
2025.0,Departamento único,Norte de Santander,Prestación de servicios,Contratación directa,5,251333000.0,NORTE DE SANTANDER
2025.0,Departamento único,Norte de Santander,Prestación de servicios,Selección Abreviada de Menor Cuantía,2,691530331.0,NORTE DE SANTANDER
2025.0,Departamento único,Putumayo,Obra,Mínima cuantía,3,212348950.0,PUTUMAYO
2025.0,Departamento único,Putumayo,Prestación de servicios,Contratación directa,9,428653000.0,PUTUMAYO
2025.0,Departamento único,Quindío,Obra,Mínima cuantía,2,278984345.0,QUINDIO
2025.0,Departamento único,Quindío,Otro,Mínima cuantía,1,12500000.0,QUINDIO
2025.0,Departamento único,Quindío,Prestación de servicios,Contratación directa,5,270260000.0,QUINDIO
2025.0,Departamento único,Risaralda,Interventoría,Mínima cuantía,1,31750420.0,RISARALDA
2025.0,Departamento único,Risaralda,Obra,Mínima cuantía,1,130000000.0,RISARALDA
2025.0,Departamento único,Risaralda,Obra,Selección Abreviada de Menor Cuantía,2,843083867.0,RISARALDA
2025.0,Departamento único,Risaralda,Prestación de servicios,Contratación directa,4,157837500.0,RISARALDA
2025.0,Departamento único,San Andrés y Providencia,Interventoría,Concurso de méritos abierto,1,1618361920.0,ARCHIPIELAGO DE SAN ANDRES PROVIDENCIA Y SANTA CATALINA
2025.0,Departamento único,San Andrés y Providencia,Obra,Licitación pública Obra Publica,1,20381638080.0,ARCHIPIELAGO DE SAN ANDRES PROVIDENCIA Y SANTA CATALINA
2025.0,Departamento único,Santander,Consultoría,Concurso de méritos abierto,1,633860720.0,SANTANDER
2025.0,Departamento único,Santander,Consultoría,Mínima cuantía,1,13768347.6,SANTANDER
2025.0,Departamento único,Santander,Interventoría,Concurso de méritos abierto,2,1430078475.0,SANTANDER
2025.0,Departamento único,Santander,Obra,Licitación pública Obra Publica,1,8620000000.0,SANTANDER
2025.0,Departamento único,Santander,Obra,Mínima cuantía,2,126398057.4,SANTANDER
2025.0,Departamento único,Santander,Obra,Selección Abreviada de Menor Cuantía,1,598992800.0,SANTANDER
2025.0,Departamento único,Santander,Prestación de servicios,Contratación directa,14,723479500.0,SANTANDER
2025.0,Departamento único,Santander,Prestación de servicios,Selección Abreviada de Menor Cuantía,2,842423366.0,SANTANDER
2025.0,Departamento único,Sucre,Consultoría,Mínima cuantía,1,105675570.0,SUCRE
2025.0,Departamento único,Sucre,Interventoría,Concurso de méritos abierto,1,1324797583.0,SUCRE
2025.0,Departamento único,Sucre,Interventoría,Mínima cuantía,1,85845153.0,SUCRE
2025.0,Departamento único,Sucre,Obra,Mínima cuantía,2,86897867.0,SUCRE
2025.0,Departamento único,Sucre,Otro,Contratación directa,43,13803000000.0,SUCRE
2025.0,Departamento único,Sucre,Prestación de servicios,Contratación directa,9,454550500.0,SUCRE
2025.0,Departamento único,Sucre,Prestación de servicios,Licitación pública,3,986798204.0,SUCRE
2025.0,Departamento único,Sucre,Prestación de servicios,Mínima cuantía,2,106316130.0,SUCRE
2025.0,Departamento único,Tolima,Interventoría,Mínima cuantía,1,159875471.0,TOLIMA
2025.0,Departamento único,Tolima,Obra,Mínima cuantía,3,299271433.0,TOLIMA
2025.0,Departamento único,Tolima,Obra,Selección Abreviada de Menor Cuantía,2,2573452731.0,TOLIMA
2025.0,Departamento único,Tolima,Prestación de servicios,Contratación directa,10,380850000.0,TOLIMA
2025.0,Departamento único,Valle del Cauca,Interventoría,Concurso de méritos abierto,2,1251054874.0,VALLE DEL CAUCA
2025.0,Departamento único,Valle del Cauca,Obra,Licitación pública Obra Publica,1,43730349093.0,VALLE DEL CAUCA
2025.0,Departamento único,Valle del Cauca,Obra,Selección Abreviada de Menor Cuantía,1,170000000.0,VALLE DEL CAUCA
2025.0,Departamento único,Valle del Cauca,Prestación de servicios,Contratación directa,9,424952500.0,VALLE DEL CAUCA
2025.0,Multidepartamental,,Arrendamiento de inmuebles,Contratación directa,1,93919165.23,
2025.0,Multidepartamental,,Consultoría,Concurso de méritos abierto,3,7292350914.0,
2025.0,Multidepartamental,,Consultoría,Mínima cuantía,1,128592501.0,
2025.0,Multidepartamental,,Interventoría,Concurso de méritos abierto,11,20518733597.0,
2025.0,Multidepartamental,,Obra,Licitación pública Obra Publica,12,180895319438.0,
2025.0,Multidepartamental,,Otro,Contratación directa,1,424551192.0,
2025.0,Multidepartamental,,Prestación de servicios,Mínima cuantía,1,105379132.0,
2025.0,No territorializable,,Compraventa,Mínima cuantía,3,164412770.0,
2025.0,No territorializable,,Compraventa,Selección abreviada subasta inversa,1,305830000.0,
2025.0,No territorializable,,Consultoría,Concurso de méritos abierto,2,1125907734.0,
2025.0,No territorializable,,Decreto 092 de 2017,Contratación régimen especial,1,5435375050.19,
2025.0,No territorializable,,Interventoría,Concurso de méritos abierto,15,30069353288.0,
2025.0,No territorializable,,Interventoría,Mínima cuantía,1,122927000.0,
2025.0,No territorializable,,Obra,Contratación directa,1,163820357667.0,
2025.0,No territorializable,,Obra,Licitación pública Obra Publica,8,116973528960.0,
2025.0,No territorializable,,Obra,Mínima cuantía,8,525438002.0,
2025.0,No territorializable,,Obra,Selección Abreviada de Menor Cuantía,4,3654249490.0,
2025.0,No territorializable,,Otro,Contratación directa,11,73603905114.0,
2025.0,No territorializable,,Otro,Mínima cuantía,1,83157200.0,
2025.0,No territorializable,,Prestación de servicios,Contratación directa,1105,85771256022.66,
2025.0,No territorializable,,Prestación de servicios,Mínima cuantía,1,142202375.0,
2025.0,No territorializable,,Prestación de servicios,Selección abreviada subasta inversa,2,3678980911.0,
2025.0,No territorializable,,Seguros,Licitación pública,1,1559975754.0,
2025.0,No territorializable,,Suministros,Contratación directa,1,7546138663.0,
2025.0,No territorializable,,Suministros,Mínima cuantía,1,142095819.0,
2025.0,No territorializable,,Suministros,Selección abreviada subasta inversa,1,775000000.0,
2026.0,Departamento único,Antioquia,Obra,Licitación pública Obra Publica,1,45524841420.0,ANTIOQUIA
2026.0,Departamento único,Antioquia,Obra,Mínima cuantía,1,49890369.0,ANTIOQUIA
2026.0,Departamento único,Antioquia,Prestación de servicios,Contratación directa,11,491274000.0,ANTIOQUIA
2026.0,Departamento único,Antioquia,Suministros,Mínima cuantía,1,11381211.72,ANTIOQUIA
2026.0,Departamento único,Atlántico,Prestación de servicios,Contratación directa,1,50274000.0,ATLANTICO
2026.0,Departamento único,Atlántico,Prestación de servicios,Mínima cuantía,1,35152600.0,ATLANTICO
2026.0,Departamento único,Bolívar,Obra,Licitación pública Obra Publica,1,145090379104.0,BOLIVAR
2026.0,Departamento único,Bolívar,Obra,Mínima cuantía,1,63919704.0,BOLIVAR
2026.0,Departamento único,Bolívar,Prestación de servicios,Contratación directa,6,285768000.0,BOLIVAR
2026.0,Departamento único,Boyacá,Obra,Mínima cuantía,2,257766370.0,BOYACA
2026.0,Departamento único,Boyacá,Prestación de servicios,Contratación directa,6,246078000.0,BOYACA
2026.0,Departamento único,Caldas,Prestación de servicios,Contratación directa,9,367794000.0,CALDAS
2026.0,Departamento único,Caquetá,Obra,Mínima cuantía,2,197757188.0,CAQUETA
2026.0,Departamento único,Caquetá,Prestación de servicios,Contratación directa,7,313110000.0,CAQUETA
2026.0,Departamento único,Casanare,Obra,Mínima cuantía,2,102213472.0,CASANARE
2026.0,Departamento único,Casanare,Prestación de servicios,Contratación directa,11,486864000.0,CASANARE
2026.0,Departamento único,Casanare,Prestación de servicios,Mínima cuantía,1,5903228.0,CASANARE
2026.0,Departamento único,Cauca,Interventoría,Concurso de méritos abierto,1,24700000000.0,CAUCA
2026.0,Departamento único,Cauca,Obra,Licitación pública Obra Publica,6,1470875412368.0,CAUCA
2026.0,Departamento único,Cauca,Prestación de servicios,Contratación directa,5,240786000.0,CAUCA
2026.0,Departamento único,Cesar,Obra,Contratación directa,1,2665122235.0,CESAR
2026.0,Departamento único,Cesar,Obra,Mínima cuantía,1,98026486.0,CESAR
2026.0,Departamento único,Cesar,Prestación de servicios,Contratación directa,6,275184000.0,CESAR
2026.0,Departamento único,Chocó,Obra,Contratación directa,1,13070896882.0,CHOCO
2026.0,Departamento único,Chocó,Prestación de servicios,Contratación directa,10,445260060.0,CHOCO
2026.0,Departamento único,Cundinamarca,Obra,Mínima cuantía,3,277999237.0,CUNDINAMARCA
2026.0,Departamento único,Cundinamarca,Prestación de servicios,Contratación directa,9,440118000.0,CUNDINAMARCA
2026.0,Departamento único,Córdoba,Consultoría,Concurso de méritos abierto,1,8000000000.0,CORDOBA
2026.0,Departamento único,Córdoba,Interventoría,Concurso de méritos abierto,1,3000000000.0,CORDOBA
2026.0,Departamento único,Córdoba,Obra,Licitación pública Obra Publica,1,86153322331.0,CORDOBA
2026.0,Departamento único,Córdoba,Obra,Mínima cuantía,1,68999821.0,CORDOBA
2026.0,Departamento único,Córdoba,Prestación de servicios,Contratación directa,5,221382000.0,CORDOBA
2026.0,Departamento único,Huila,Obra,Licitación pública Obra Publica,1,70432642564.0,HUILA
2026.0,Departamento único,Huila,Obra,Mínima cuantía,2,78277552.84,HUILA
2026.0,Departamento único,Huila,Prestación de servicios,Contratación directa,2,89964000.0,HUILA
2026.0,Departamento único,La Guajira,Prestación de servicios,Contratación directa,5,193154000.0,LA GUAJIRA
2026.0,Departamento único,Magdalena,Obra,Mínima cuantía,1,9499113.0,MAGDALENA
2026.0,Departamento único,Magdalena,Prestación de servicios,Contratación directa,13,582120000.0,MAGDALENA
2026.0,Departamento único,Meta,Obra,Mínima cuantía,1,89080800.06,META
2026.0,Departamento único,Meta,Prestación de servicios,Contratación directa,6,254016000.0,META
2026.0,Departamento único,Meta,Prestación de servicios,Mínima cuantía,1,35997500.0,META
2026.0,Departamento único,Nariño,Interventoría,Concurso de méritos abierto,2,70684207282.0,NARIÑO
2026.0,Departamento único,Nariño,Interventoría,Mínima cuantía,3,219705368.0,NARIÑO
2026.0,Departamento único,Nariño,Obra,Contratación directa,1,2998942920.0,NARIÑO
2026.0,Departamento único,Nariño,Obra,Licitación pública Obra Publica,4,1414425518422.0,NARIÑO
2026.0,Departamento único,Nariño,Obra,Mínima cuantía,1,51121902.0,NARIÑO
2026.0,Departamento único,Nariño,Otro,Contratación directa,1,11649891536.0,NARIÑO
2026.0,Departamento único,Nariño,Prestación de servicios,Contratación directa,11,456876000.0,NARIÑO
2026.0,Departamento único,Norte de Santander,Interventoría,Concurso de méritos abierto,2,28352084151.0,NORTE DE SANTANDER
2026.0,Departamento único,Norte de Santander,Obra,Contratación directa,1,460362511.0,NORTE DE SANTANDER
2026.0,Departamento único,Norte de Santander,Obra,Licitación pública Obra Publica,2,563426188849.0,NORTE DE SANTANDER
2026.0,Departamento único,Norte de Santander,Otro,Contratación directa,12,5524830792.0,NORTE DE SANTANDER
2026.0,Departamento único,Norte de Santander,Prestación de servicios,Contratación directa,5,206388000.0,NORTE DE SANTANDER
2026.0,Departamento único,Putumayo,Obra,Licitación pública Obra Publica,1,172701975085.0,PUTUMAYO
2026.0,Departamento único,Putumayo,Prestación de servicios,Contratación directa,1,22050000.0,PUTUMAYO
2026.0,Departamento único,Quindío,Obra,Mínima cuantía,1,32000000.0,QUINDIO
2026.0,Departamento único,Quindío,Prestación de servicios,Contratación directa,2,77616000.0,QUINDIO
2026.0,Departamento único,Risaralda,Prestación de servicios,Contratación directa,2,84672000.0,RISARALDA
2026.0,Departamento único,Risaralda,Prestación de servicios,Mínima cuantía,1,55000000.0,RISARALDA
2026.0,Departamento único,Santander,Otro,Mínima cuantía,2,93889771.0,SANTANDER
2026.0,Departamento único,Santander,Prestación de servicios,Contratación directa,16,736320060.0,SANTANDER
2026.0,Departamento único,Sucre,Obra,Contratación directa,2,5216708172.0,SUCRE
2026.0,Departamento único,Sucre,Obra,Mínima cuantía,2,59776943.0,SUCRE
2026.0,Departamento único,Sucre,Prestación de servicios,Contratación directa,9,401310000.0,SUCRE
2026.0,Departamento único,Tolima,Interventoría,Mínima cuantía,1,37364881.0,TOLIMA
2026.0,Departamento único,Tolima,Prestación de servicios,Contratación directa,8,341334000.0,TOLIMA
2026.0,Departamento único,Valle del Cauca,Prestación de servicios,Contratación directa,7,346626000.0,VALLE DEL CAUCA
2026.0,Departamento único,Vichada,Interventoría,Mínima cuantía,1,74090331.0,VICHADA
2026.0,Multidepartamental,,Arrendamiento de inmuebles,Contratación directa,1,39132019.5,
2026.0,Multidepartamental,,Consultoría,Concurso de méritos abierto,1,4219134290.0,
2026.0,Multidepartamental,,Interventoría,Concurso de méritos abierto,2,74628995509.0,
2026.0,Multidepartamental,,Obra,Licitación pública Obra Publica,4,1073624945262.0,
2026.0,No territorializable,,Compraventa,Mínima cuantía,1,29995619.0,
2026.0,No territorializable,,Interventoría,Concurso de méritos abierto,1,27808524228.0,
2026.0,No territorializable,,Obra,Licitación pública Obra Publica,3,378846929983.0,
2026.0,No territorializable,,Obra,Mínima cuantía,3,99402709.0,
2026.0,No territorializable,,Otro,Contratación directa,3,21344375014.0,
2026.0,No territorializable,,Otro,Mínima cuantía,1,13870000.0,
2026.0,No territorializable,,Otro,Selección abreviada subasta inversa,1,2530000000.0,
2026.0,No territorializable,,Prestación de servicios,Contratación directa,605,49967965443.25,
2026.0,No territorializable,,Seguros,Mínima cuantía,1,83239500.0,
2026.0,No territorializable,,Seguros,Seleccion Abreviada Menor Cuantia Sin Manifestacion Interes,1,1230281034.0,
,Departamento único,Antioquia,Consultoría,Concurso de méritos abierto,2,532118972.0,ANTIOQUIA
,Departamento único,Antioquia,Consultoría,Mínima cuantía,1,53784006.0,ANTIOQUIA
,Departamento único,Antioquia,Interventoría,Concurso de méritos abierto,3,2815547950.2,ANTIOQUIA
,Departamento único,Antioquia,Obra,Contratación Directa (con ofertas),1,2090163157.0,ANTIOQUIA
,Departamento único,Antioquia,Obra,Contratación directa,15,45350595225.0,ANTIOQUIA
,Departamento único,Antioquia,Obra,Mínima cuantía,2,98063773.0,ANTIOQUIA
,Departamento único,Antioquia,Otro,Contratación directa,9,43450839416.0,ANTIOQUIA
,Departamento único,Antioquia,Prestación de servicios,Contratación directa,6,345349319.0,ANTIOQUIA
,Departamento único,Antioquia,Prestación de servicios,Mínima cuantía,2,21719596.0,ANTIOQUIA
,Departamento único,Antioquia,Suministros,Mínima cuantía,1,81917077.0,ANTIOQUIA
,Departamento único,Arauca,Obra,Contratación directa,4,37200000000.0,ARAUCA
,Departamento único,Arauca,Otro,Contratación directa,1,1493754848.0,ARAUCA
,Departamento único,Atlántico,Obra,Contratación directa,4,3103181325.0,ATLANTICO
,Departamento único,Atlántico,Obra,Licitación pública Obra Publica,1,1687871600.0,ATLANTICO
,Departamento único,Atlántico,Prestación de servicios,Contratación directa,5,141560000.0,ATLANTICO
,Departamento único,Atlántico,Prestación de servicios,Mínima cuantía,1,6462414.0,ATLANTICO
,Departamento único,Bogotá D.C.,Obra,Mínima cuantía,1,44242463.0,SANTAFE DE BOGOTA D.C
,Departamento único,Bolívar,Consultoría,Concurso de méritos abierto,3,1038111970.0,BOLIVAR
,Departamento único,Bolívar,Consultoría,Mínima cuantía,1,44352013.99,BOLIVAR
,Departamento único,Bolívar,Interventoría,Mínima cuantía,1,53302480.0,BOLIVAR
,Departamento único,Bolívar,Obra,Contratación directa,5,18445676126.0,BOLIVAR
,Departamento único,Bolívar,Obra,Mínima cuantía,6,368432323.98,BOLIVAR
,Departamento único,Bolívar,Obra,Selección Abreviada de Menor Cuantía,3,1063907647.0,BOLIVAR
,Departamento único,Bolívar,Otro,Contratación directa,8,1595194651.0,BOLIVAR
,Departamento único,Bolívar,Prestación de servicios,Contratación directa,5,157407000.0,BOLIVAR
,Departamento único,Bolívar,Prestación de servicios,Mínima cuantía,1,6859703.93,BOLIVAR
,Departamento único,Boyacá,Interventoría,Concurso de méritos abierto,1,406918826.0,BOYACA
,Departamento único,Boyacá,Interventoría,Mínima cuantía,1,50629689.0,BOYACA
,Departamento único,Boyacá,Obra,Contratación directa,7,5211910000.0,BOYACA
,Departamento único,Boyacá,Otro,Contratación directa,13,7680391937.0,BOYACA
,Departamento único,Boyacá,Prestación de servicios,Contratación directa,3,124097234.0,BOYACA
,Departamento único,Caldas,Arrendamiento de inmuebles,Contratación directa,1,22097386.0,CALDAS
,Departamento único,Caldas,Compraventa,Mínima cuantía,1,3570000.0,CALDAS
,Departamento único,Caldas,Interventoría,Concurso de méritos abierto,1,323311100.0,CALDAS
,Departamento único,Caldas,Otro,Contratación Directa (con ofertas),5,125645115.0,CALDAS
,Departamento único,Caldas,Otro,Contratación directa,3,2393944411.0,CALDAS
,Departamento único,Caldas,Prestación de servicios,Contratación directa,2,49730000.0,CALDAS
,Departamento único,Caldas,Prestación de servicios,Mínima cuantía,3,26787884.0,CALDAS
,Departamento único,Caquetá,Interventoría,Concurso de méritos abierto,2,665057204.0,CAQUETA
,Departamento único,Caquetá,Obra,Contratación directa,2,2195622209.0,CAQUETA
,Departamento único,Caquetá,Obra,Mínima cuantía,1,12590682.0,CAQUETA
,Departamento único,Caquetá,Otro,Contratación directa,6,1199370349.0,CAQUETA
,Departamento único,Caquetá,Prestación de servicios,Contratación directa,2,87002333.33,CAQUETA
,Departamento único,Caquetá,Prestación de servicios,Mínima cuantía,1,5429156.0,CAQUETA
,Departamento único,Caquetá,Suministros,Mínima cuantía,1,3999955.0,CAQUETA
,Departamento único,Casanare,Consultoría,Concurso de méritos abierto,2,642000002.0,CASANARE
,Departamento único,Casanare,Obra,Contratación directa,1,500000000.0,CASANARE
,Departamento único,Casanare,Prestación de servicios,Contratación directa,7,255340000.0,CASANARE
,Departamento único,Cauca,Consultoría,Concurso de méritos abierto,7,2476814215.0,CAUCA
,Departamento único,Cauca,Consultoría,Mínima cuantía,3,122490652.9,CAUCA
,Departamento único,Cauca,Interventoría,Concurso de méritos abierto,1,99992130.0,CAUCA
,Departamento único,Cauca,Interventoría,Mínima cuantía,4,97320998.0,CAUCA
,Departamento único,Cauca,Obra,Contratación directa,2,62347861822.0,CAUCA
,Departamento único,Cauca,Obra,Mínima cuantía,9,535992719.32,CAUCA
,Departamento único,Cauca,Obra,Selección Abreviada de Menor Cuantía,5,2185184121.0,CAUCA
,Departamento único,Cauca,Otro,Contratación directa,11,7510853773.0,CAUCA
,Departamento único,Cauca,Prestación de servicios,Contratación directa,2,42200000.0,CAUCA
,Departamento único,Cauca,Prestación de servicios,Mínima cuantía,1,12575000.0,CAUCA
,Departamento único,Cauca,Suministros,Mínima cuantía,1,107660490.0,CAUCA
,Departamento único,Cesar,Consultoría,Concurso de méritos abierto,3,1147976816.0,CESAR
,Departamento único,Cesar,Consultoría,Mínima cuantía,1,55368320.0,CESAR
,Departamento único,Cesar,Interventoría,Mínima cuantía,3,167359856.64,CESAR
,Departamento único,Cesar,Obra,Contratación directa,1,2970000000.0,CESAR
,Departamento único,Cesar,Obra,Licitación pública Obra Publica,6,2768433676.0,CESAR
,Departamento único,Cesar,Obra,Mínima cuantía,8,398201710.36,CESAR
,Departamento único,Cesar,Obra,Selección Abreviada de Menor Cuantía,4,2248204040.0,CESAR
,Departamento único,Cesar,Prestación de servicios,Contratación directa,5,131960000.0,CESAR
,Departamento único,Cesar,Prestación de servicios,Mínima cuantía,5,88523187.8,CESAR
,Departamento único,Cesar,Suministros,Mínima cuantía,1,9460500.0,CESAR
,Departamento único,Chocó,Consultoría,Concurso de méritos abierto,1,323216376.0,CHOCO
,Departamento único,Chocó,Interventoría,Mínima cuantía,2,83243832.0,CHOCO
,Departamento único,Chocó,Obra,Contratación directa,3,4884454692.0,CHOCO
,Departamento único,Chocó,Obra,Mínima cuantía,1,5057500.0,CHOCO
,Departamento único,Chocó,Obra,Selección Abreviada de Menor Cuantía,1,79662770.0,CHOCO
,Departamento único,Chocó,Otro,Contratación directa,3,600109298.0,CHOCO
,Departamento único,Chocó,Prestación de servicios,Contratación directa,1,30870000.0,CHOCO
,Departamento único,Chocó,Prestación de servicios,Mínima cuantía,1,11885000.0,CHOCO
,Departamento único,Cundinamarca,Consultoría,Mínima cuantía,1,32848561.33,CUNDINAMARCA
,Departamento único,Cundinamarca,Interventoría,Concurso de méritos abierto,2,427051968.0,CUNDINAMARCA
,Departamento único,Cundinamarca,Interventoría,Mínima cuantía,4,155982987.0,CUNDINAMARCA
,Departamento único,Cundinamarca,Obra,Contratación directa,8,4299359011.0,CUNDINAMARCA
,Departamento único,Cundinamarca,Obra,Licitación pública Obra Publica,3,455504555.0,CUNDINAMARCA
,Departamento único,Cundinamarca,Obra,Mínima cuantía,23,1249845885.0,CUNDINAMARCA
,Departamento único,Cundinamarca,Obra,Selección Abreviada de Menor Cuantía,7,2053696917.0,CUNDINAMARCA
,Departamento único,Cundinamarca,Otro,Contratación directa,5,1001446023.0,CUNDINAMARCA
,Departamento único,Cundinamarca,Prestación de servicios,Contratación directa,1,15500000.0,CUNDINAMARCA
,Departamento único,Córdoba,Obra,Contratación directa,2,8446290000.0,CORDOBA
,Departamento único,Córdoba,Obra,Mínima cuantía,1,14647060.0,CORDOBA
,Departamento único,Córdoba,Otro,Contratación directa,19,324679853515.0,CORDOBA
,Departamento único,Córdoba,Prestación de servicios,Contratación directa,8,339230000.0,CORDOBA
,Departamento único,Guainía,Otro,Contratación directa,1,349099169.0,GUAINIA
,Departamento único,Guaviare,Otro,Contratación directa,2,413214460.0,GUAVIARE
,Departamento único,Huila,Obra,Contratación directa,7,5072863000.0,HUILA
,Departamento único,Huila,Otro,Contratación directa,7,46367741883.0,HUILA
,Departamento único,Huila,Prestación de servicios,Contratación directa,1,52214250.0,HUILA
,Departamento único,Huila,Prestación de servicios,Licitación pública,1,184420000.0,HUILA
,Departamento único,La Guajira,Consultoría,Mínima cuantía,1,64676117.0,LA GUAJIRA
,Departamento único,La Guajira,Interventoría,Concurso de méritos abierto,2,785597064.0,LA GUAJIRA
,Departamento único,La Guajira,Obra,Contratación directa,2,1520000000.0,LA GUAJIRA
,Departamento único,La Guajira,Obra,Licitación pública Obra Publica,1,301228895626.0,LA GUAJIRA
,Departamento único,La Guajira,Obra,Mínima cuantía,4,186056020.0,LA GUAJIRA
,Departamento único,La Guajira,Otro,Contratación directa,4,5587295607.0,LA GUAJIRA
,Departamento único,La Guajira,Prestación de servicios,Contratación directa,7,263720000.0,LA GUAJIRA
,Departamento único,La Guajira,Prestación de servicios,Mínima cuantía,1,53103106.0,LA GUAJIRA
,Departamento único,Magdalena,Obra,Contratación directa,5,11094178246.0,MAGDALENA
,Departamento único,Magdalena,Obra,Mínima cuantía,4,163054424.0,MAGDALENA
,Departamento único,Magdalena,Otro,Contratación directa,7,1391286881.0,MAGDALENA
,Departamento único,Magdalena,Prestación de servicios,Contratación directa,3,237150000.0,MAGDALENA
,Departamento único,Meta,Consultoría,Concurso de méritos abierto,5,1773897042.0,META
,Departamento único,Meta,Consultoría,Mínima cuantía,1,20134750.0,META
,Departamento único,Meta,Obra,Contratación directa,3,5893000000.0,META
,Departamento único,Meta,Obra,Licitación pública Obra Publica,1,199206000.0,META
,Departamento único,Meta,Obra,Mínima cuantía,1,39219728.91,META
,Departamento único,Meta,Otro,Contratación directa,5,1017678638.0,META
,Departamento único,Meta,Prestación de servicios,Contratación directa,4,159113333.0,META
,Departamento único,Nariño,Obra,Contratación directa,1,724800000.0,NARIÑO
,Departamento único,Nariño,Obra,Licitación pública Obra Publica,1,13388084887.0,NARIÑO
,Departamento único,Nariño,Obra,Mínima cuantía,1,59999568.0,NARIÑO
,Departamento único,Nariño,Obra,Selección Abreviada de Menor Cuantía,2,765853046.6700001,NARIÑO
,Departamento único,Nariño,Otro,Contratación directa,7,21767244829.0,NARIÑO
,Departamento único,Nariño,Prestación de servicios,Contratación directa,10,300650000.0,NARIÑO
,Departamento único,Norte de Santander,Consultoría,Mínima cuantía,1,28500000.0,NORTE DE SANTANDER
,Departamento único,Norte de Santander,Interventoría,Concurso de méritos abierto,1,219795740.0,NORTE DE SANTANDER
,Departamento único,Norte de Santander,Obra,Contratación directa,2,5200661745.0,NORTE DE SANTANDER
,Departamento único,Norte de Santander,Otro,Contratación directa,14,3683426841.0,NORTE DE SANTANDER
,Departamento único,Norte de Santander,Prestación de servicios,Contratación directa,6,109100000.0,NORTE DE SANTANDER
,Departamento único,Putumayo,Consultoría,Concurso de méritos abierto,3,955986262.0,PUTUMAYO
,Departamento único,Putumayo,Obra,Contratación directa,2,1839822980.0,PUTUMAYO
,Departamento único,Putumayo,Obra,Mínima cuantía,3,116075278.0,PUTUMAYO
,Departamento único,Putumayo,Otro,Contratación directa,5,1001492389.0,PUTUMAYO
,Departamento único,Putumayo,Suministros,Mínima cuantía,1,7625934.0,PUTUMAYO
,Departamento único,Quindío,Obra,Licitación pública Obra Publica,1,2213459477.0,QUINDIO
,Departamento único,Quindío,Obra,Mínima cuantía,1,81999249.0,QUINDIO
,Departamento único,Quindío,Prestación de servicios,Contratación directa,1,14250000.0,QUINDIO
,Departamento único,Quindío,Prestación de servicios,Mínima cuantía,1,17856160.0,QUINDIO
,Departamento único,Risaralda,Obra,Mínima cuantía,3,102327317.0,RISARALDA
,Departamento único,Risaralda,Obra,Selección Abreviada de Menor Cuantía,1,294779727.0,RISARALDA
,Departamento único,Risaralda,Otro,Contratación directa,2,399283586.0,RISARALDA
,Departamento único,Risaralda,Prestación de servicios,Contratación directa,12,333360000.0,RISARALDA
,Departamento único,Risaralda,Prestación de servicios,Mínima cuantía,2,16868090.0,RISARALDA
,Departamento único,Risaralda,Suministros,Mínima cuantía,2,136618198.0,RISARALDA
,Departamento único,Risaralda,Suministros,Selección Abreviada de Menor Cuantía,1,255612539.0,RISARALDA
,Departamento único,San Andrés y Providencia,Consultoría,Concurso de méritos abierto,1,1278598876.0,ARCHIPIELAGO DE SAN ANDRES PROVIDENCIA Y SANTA CATALINA
,Departamento único,Santander,Consultoría,Concurso de méritos abierto,4,1470059360.0,SANTANDER
,Departamento único,Santander,Consultoría,Mínima cuantía,2,130810230.0,SANTANDER
,Departamento único,Santander,Interventoría,Concurso de méritos abierto,1,497430472.0,SANTANDER
,Departamento único,Santander,Obra,Contratación directa,2,1381159011.0,SANTANDER
,Departamento único,Santander,Obra,Licitación pública,2,6030152999.0,SANTANDER
,Departamento único,Santander,Obra,Mínima cuantía,23,2178675605.0,SANTANDER
,Departamento único,Santander,Obra,Selección Abreviada de Menor Cuantía,3,870174779.0,SANTANDER
,Departamento único,Santander,Otro,Contratación directa,7,39504805763.0,SANTANDER
,Departamento único,Santander,Prestación de servicios,Contratación directa,3,66065000.0,SANTANDER
,Departamento único,Santander,Suministros,Mínima cuantía,1,80092360.0,SANTANDER
,Departamento único,Sucre,Consultoría,Concurso de méritos abierto,3,798717052.0,SUCRE
,Departamento único,Sucre,Consultoría,Mínima cuantía,2,83923981.0,SUCRE
,Departamento único,Sucre,Interventoría,Mínima cuantía,1,34705497.0,SUCRE
,Departamento único,Sucre,Obra,Mínima cuantía,3,117798203.1,SUCRE
,Departamento único,Sucre,Obra,Selección Abreviada de Menor Cuantía,1,146453838.0,SUCRE
,Departamento único,Sucre,Otro,Contratación directa,7,2127058619.0,SUCRE
,Departamento único,Sucre,Prestación de servicios,Contratación directa,1,61000000.0,SUCRE
,Departamento único,Sucre,Prestación de servicios,Mínima cuantía,1,25387224.0,SUCRE
,Departamento único,Sucre,Suministros,Selección Abreviada de Menor Cuantía,1,352028930.0,SUCRE
,Departamento único,Tolima,Consultoría,Concurso de méritos abierto,2,532150388.0,TOLIMA
,Departamento único,Tolima,Obra,Contratación directa,4,3444782456.0,TOLIMA
,Departamento único,Tolima,Otro,Contratación directa,10,5330162186.0,TOLIMA
,Departamento único,Tolima,Prestación de servicios,Contratación directa,4,181528333.0,TOLIMA
,Departamento único,Tolima,Prestación de servicios,Mínima cuantía,1,66054264.0,TOLIMA
,Departamento único,Valle del Cauca,Interventoría,Mínima cuantía,1,36960210.0,VALLE DEL CAUCA
,Departamento único,Valle del Cauca,Obra,Contratación directa,4,2920757690.0,VALLE DEL CAUCA
,Departamento único,Valle del Cauca,Otro,Contratación directa,2,396935004.0,VALLE DEL CAUCA
,Departamento único,Valle del Cauca,Prestación de servicios,Contratación directa,2,108474000.0,VALLE DEL CAUCA
,Departamento único,Vichada,Obra,Contratación directa,1,785067508.0,VICHADA
,Departamento único,Vichada,Suministros,Selección Abreviada de Menor Cuantía,1,798983987.0,VICHADA
,Multidepartamental,,Consultoría,Concurso de méritos abierto,1,266714700.0,
,Multidepartamental,,Consultoría,Mínima cuantía,3,184625051.0,
,Multidepartamental,,Interventoría,Concurso de méritos abierto,1,1999993360.0,
,Multidepartamental,,Obra,Licitación pública Obra Publica,4,6406251712.0,
,Multidepartamental,,Obra,Mínima cuantía,10,628142207.0,
,Multidepartamental,,Obra,Selección Abreviada de Menor Cuantía,2,1071206893.0,
,Multidepartamental,,Otro,Contratación directa,5,14563755127.0,
,No territorializable,,Compraventa,Mínima cuantía,10,225625296.5,
,No territorializable,,Compraventa,Selección Abreviada de Menor Cuantía,1,188467083.0,
,No territorializable,,Compraventa,Selección abreviada subasta inversa,3,4495126705.0,
,No territorializable,,Consultoría,Concurso de méritos abierto,29,19371803702.0,
,No territorializable,,Consultoría,Mínima cuantía,18,762874064.5,
,No territorializable,,Interventoría,Concurso de méritos abierto,60,508034605944.27,
,No territorializable,,Interventoría,Mínima cuantía,44,2515673022.86,
,No territorializable,,Obra,Contratación Directa (con ofertas),2,6270439065.0,
,No territorializable,,Obra,Contratación directa,1,5500000.0,
,No territorializable,,Obra,Licitación pública,27,12320031766.0,
,No territorializable,,Obra,Licitación pública Obra Publica,98,3588050712675.2197,
,No territorializable,,Obra,Mínima cuantía,215,11982174993.78,
,No territorializable,,Obra,Seleccion Abreviada Menor Cuantia Sin Manifestacion Interes,1,144600000000.0,
,No territorializable,,Obra,Selección Abreviada de Menor Cuantía,82,92884784061.20999,
,No territorializable,,Otro,Contratación Directa (con ofertas),3,692229693.0,
,No territorializable,,Otro,Contratación directa,17,87584579918.0,
,No territorializable,,Otro,Licitación pública,1,6283998465.0,
,No territorializable,,Otro,Mínima cuantía,5,265025137.0,
,No territorializable,,Otro,Selección abreviada subasta inversa,3,4434484000.0,
,No territorializable,,Prestación de servicios,Contratación Directa (con ofertas),1,10769000.0,
,No territorializable,,Prestación de servicios,Contratación directa,889,125528769496.78,
,No territorializable,,Prestación de servicios,Licitación pública,21,26519333101.0,
,No territorializable,,Prestación de servicios,Mínima cuantía,93,2057126121.5,
,No territorializable,,Prestación de servicios,Selección Abreviada de Menor Cuantía,2,706136815.0,
,No territorializable,,Prestación de servicios,Selección abreviada subasta inversa,2,1243564800.0,
,No territorializable,,Seguros,Licitación pública,17,49954415052.0,
,No territorializable,,Seguros,Seleccion Abreviada Menor Cuantia Sin Manifestacion Interes,2,4094095989.0,
,No territorializable,,Seguros,Selección Abreviada de Menor Cuantía,1,690000000.0,
,No territorializable,,Servicios financieros,Contratación directa,1,119000000.0,
,No territorializable,,Suministros,Licitación pública,1,2757065173.0,
,No territorializable,,Suministros,Mínima cuantía,76,4489859362.03,
,No territorializable,,Suministros,Selección Abreviada de Menor Cuantía,7,2170086322.0,
,No territorializable,,Suministros,Selección abreviada subasta inversa,9,5434573214.0,
